JvmtiExport can_access_local_variables 0
JvmtiExport can_hotswap_or_post_breakpoint 0
JvmtiExport can_post_on_exceptions 0
# 185 ciObject found
ciInstanceKlass java/lang/Cloneable 1 0 7 100 1 100 1 1 1
instanceKlass org/apache/tomcat/util/buf/UriUtil
instanceKlass org/springframework/data/mongodb/core/mapping/event/AfterSaveCallback
instanceKlass org/springframework/data/mongodb/core/EntityOperations$UnmappedEntity
instanceKlass org/springframework/data/projection/TargetAware
instanceKlass com/mongodb/client/result/InsertOneResult
instanceKlass com/mongodb/internal/connection/SplittablePayload$WriteRequestEncoder
instanceKlass com/mongodb/internal/connection/SplittablePayload
instanceKlass com/mongodb/internal/connection/IndexMap
instanceKlass com/mongodb/WriteError
instanceKlass com/mongodb/bulk/BulkWriteInsert
instanceKlass com/mongodb/bulk/BulkWriteUpsert
instanceKlass com/mongodb/internal/connection/BulkWriteBatchCombiner
instanceKlass com/mongodb/internal/bulk/WriteRequestWithIndex
instanceKlass com/mongodb/internal/operation/BulkWriteBatch
instanceKlass com/mongodb/internal/selector/WritableServerSelector
instanceKlass com/mongodb/bulk/BulkWriteResult
instanceKlass com/mongodb/internal/operation/MixedBulkWriteOperation$BulkWriteTracker
instanceKlass com/mongodb/internal/async/function/AsyncCallbackSupplier
instanceKlass com/mongodb/internal/async/function/AsyncCallbackRunnable
instanceKlass com/mongodb/internal/operation/MixedBulkWriteOperation
instanceKlass com/mongodb/internal/operation/AsyncWriteOperation
instanceKlass com/mongodb/client/model/BulkWriteOptions
instanceKlass com/mongodb/client/model/WriteModel
instanceKlass com/mongodb/client/model/InsertOneOptions
instanceKlass org/springframework/data/mongodb/core/QueryOperations$InsertContext
instanceKlass org/springframework/data/mongodb/core/mapping/event/BeforeSaveCallback
instanceKlass org/springframework/data/convert/CustomConversions$ConversionTargetsCache$AbsentTargetTypeMarker
instanceKlass org/springframework/data/annotation/ReadOnlyProperty
instanceKlass org/springframework/data/mongodb/core/convert/LazyLoadingProxy
instanceKlass org/springframework/data/mongodb/core/EntityOperations$MappedEntity
instanceKlass org/springframework/data/mongodb/core/mapping/event/BeforeConvertCallback
instanceKlass org/springframework/data/mapping/TargetAwareIdentifierAccessor
instanceKlass org/springframework/data/mapping/model/PersistentEntityIsNewStrategy
instanceKlass org/springframework/data/domain/Persistable
instanceKlass java/util/LinkedList$LLSpliterator
instanceKlass org/apache/el/lang/ELSupport
instanceKlass jakarta/el/LambdaExpression
instanceKlass jakarta/el/ImportHandler
instanceKlass org/apache/jasper/runtime/JspRuntimeLibrary
instanceKlass org/apache/el/util/Validation
instanceKlass org/apache/el/parser/SimpleNode
instanceKlass org/apache/el/parser/Token
instanceKlass org/apache/el/parser/ELParserTokenManager
instanceKlass org/apache/el/parser/SimpleCharStream
instanceKlass org/apache/el/parser/ELParser$JJCalls
instanceKlass org/apache/el/parser/JJTELParserState
instanceKlass org/apache/el/parser/ELParser
instanceKlass org/apache/el/parser/ELParserConstants
instanceKlass org/apache/el/parser/ELParserTreeConstants
instanceKlass org/apache/el/util/ConcurrentCache
instanceKlass org/apache/el/lang/ExpressionBuilder$SynchronizedStack
instanceKlass org/apache/el/parser/Node
instanceKlass org/apache/el/lang/ExpressionBuilder
instanceKlass org/apache/el/parser/NodeVisitor
instanceKlass jakarta/el/BeanELResolver$ConcurrentCache
instanceKlass jakarta/el/Util$CacheKey
instanceKlass jakarta/el/ELManager
instanceKlass jakarta/el/VariableMapper
instanceKlass org/apache/jasper/compiler/ELNode$Nodes
instanceKlass org/apache/jasper/compiler/ELNode
instanceKlass org/apache/jasper/compiler/ELParser$Token
instanceKlass org/apache/jasper/compiler/ELParser
instanceKlass jdk/internal/math/FormattedFloatingDecimal$2
instanceKlass jdk/internal/math/FormattedFloatingDecimal
instanceKlass org/springframework/beans/PropertyAccessorFactory
instanceKlass org/springframework/validation/DefaultMessageCodesResolver
instanceKlass org/springframework/data/repository/support/DomainClassConverter$ToIdConverter
instanceKlass org/springframework/data/repository/support/RepositoryInvoker
instanceKlass org/springframework/data/repository/support/RepositoryInvocationInformation
instanceKlass org/springframework/data/repository/support/DefaultRepositoryInvokerFactory
instanceKlass org/springframework/data/repository/support/RepositoryInvokerFactory
instanceKlass org/springframework/data/repository/support/DomainClassConverter$ToEntityConverter
instanceKlass org/springframework/web/bind/annotation/BindParam
instanceKlass org/springframework/web/bind/support/BindParamNameResolver
instanceKlass org/springframework/context/support/DefaultMessageSourceResolvable
instanceKlass org/springframework/context/MessageSourceResolvable
instanceKlass org/springframework/validation/DefaultBindingErrorProcessor
instanceKlass org/springframework/web/bind/ServletRequestDataBinder$ServletRequestValueResolver
instanceKlass org/springframework/validation/DataBinder$ValueResolver
instanceKlass org/springframework/validation/AbstractErrors
instanceKlass org/springframework/validation/BindingErrorProcessor
instanceKlass org/springframework/web/bind/annotation/RequestAttribute
instanceKlass org/springframework/web/bind/annotation/SessionAttribute
instanceKlass org/springframework/web/bind/annotation/CookieValue
instanceKlass org/springframework/web/bind/annotation/RequestHeader
instanceKlass org/springframework/web/bind/annotation/RequestBody
instanceKlass org/springframework/web/bind/annotation/MatrixVariable
instanceKlass org/springframework/web/bind/annotation/PathVariable
instanceKlass jakarta/servlet/http/Part
instanceKlass org/springframework/web/multipart/MultipartFile
instanceKlass org/springframework/web/multipart/support/MultipartResolutionDelegate
instanceKlass org/springframework/web/bind/annotation/RequestPart
instanceKlass jdk/internal/access/foreign/MemorySegmentProxy
instanceKlass org/springframework/web/bind/annotation/RequestParam
instanceKlass com/google/gson/internal/bind/ReflectiveTypeAdapterFactory$FieldsData
instanceKlass com/google/gson/internal/Primitives
instanceKlass com/google/gson/annotations/SerializedName
instanceKlass com/google/gson/internal/ConstructorConstructor$9
instanceKlass com/google/gson/internal/ReflectionAccessFilterHelper
instanceKlass com/google/gson/annotations/JsonAdapter
instanceKlass com/google/gson/internal/reflect/ReflectionHelper$RecordHelper
instanceKlass com/google/gson/internal/reflect/ReflectionHelper
instanceKlass com/google/gson/internal/JsonReaderInternalAccess
instanceKlass com/google/gson/internal/$Gson$Types$GenericArrayTypeImpl
instanceKlass com/google/gson/internal/$Gson$Types
instanceKlass showdomilhao/model/Question
instanceKlass jdk/internal/net/http/websocket/RawChannel
instanceKlass jdk/internal/net/http/HttpResponseImpl$RawChannelProvider
instanceKlass jdk/internal/net/http/HttpResponseImpl
instanceKlass jdk/internal/net/http/websocket/RawChannel$Provider
instanceKlass jdk/internal/net/http/ConnectionPool$ExpiryEntry
instanceKlass java/time/Instant$1
instanceKlass jdk/internal/net/http/ConnectionPool$CleanupTrigger
instanceKlass jdk/internal/net/http/ResponseContent$FixedLengthBodyParser
instanceKlass jdk/internal/net/http/ResponseContent$BodyParser
instanceKlass jdk/internal/net/http/ResponseContent
instanceKlass jdk/internal/net/http/Http1Response$ClientRefCountTracker
instanceKlass java/util/stream/Sink$OfLong
instanceKlass java/util/function/LongConsumer
instanceKlass jdk/internal/net/http/Http1Response$Http1BodySubscriber
instanceKlass jdk/internal/net/http/ResponseSubscribers
instanceKlass jdk/internal/net/http/ResponseSubscribers$ByteArraySubscriber
instanceKlass jdk/internal/net/http/ResponseSubscribers$TrustedSubscriber
instanceKlass java/net/http/HttpResponse$BodySubscribers
instanceKlass sun/net/www/HeaderParser
instanceKlass jdk/internal/net/http/ResponseInfoImpl
instanceKlass java/util/LinkedList$DescendingIterator
instanceKlass jdk/internal/net/http/Http1Response$2
instanceKlass jdk/internal/net/http/Http1HeaderParser$1
instanceKlass sun/nio/ch/IOVecWrapper$Deallocator
instanceKlass sun/nio/ch/NativeObject
instanceKlass sun/nio/ch/IOVecWrapper
instanceKlass jdk/internal/net/http/Http1Exchange$1
instanceKlass jdk/internal/net/http/Http1Exchange$DataPair
instanceKlass jdk/internal/net/http/SocketTube$InternalWriteSubscriber$WriteSubscription
instanceKlass jdk/internal/net/http/SocketTube$InternalReadPublisher$ReadSubscription
instanceKlass jdk/internal/net/http/common/Pair
instanceKlass jdk/internal/net/http/HttpClientImpl$SelectorAttachment
instanceKlass jdk/internal/net/http/Http1HeaderParser
instanceKlass jdk/internal/net/http/Http1Response$1
instanceKlass jdk/internal/net/http/Http1Response$Receiver
instanceKlass jdk/internal/net/http/Http1AsyncReceiver$Http1AsyncDelegate
instanceKlass jdk/internal/net/http/Http1Response
instanceKlass jdk/internal/net/http/Http1AsyncReceiver$Http1TubeSubscriber
instanceKlass jdk/internal/net/http/AbstractSubscription
instanceKlass jdk/internal/net/http/Http1AsyncReceiver
instanceKlass jdk/internal/net/http/Http1Exchange$Http1BodySubscriber
instanceKlass jdk/internal/net/http/Http1Request
instanceKlass jdk/internal/net/http/SocketTube$InternalWriteSubscriber
instanceKlass jdk/internal/net/http/SocketTube$SocketFlowTask
instanceKlass jdk/internal/net/http/SocketTube$InternalReadPublisher$InternalReadSubscription
instanceKlass jdk/internal/net/http/SocketTube$InternalReadPublisher
instanceKlass jdk/internal/net/http/SocketTube$SliceBufferSource
instanceKlass jdk/internal/net/http/SocketTube$BufferSource
instanceKlass jdk/internal/net/http/SocketTube
instanceKlass jdk/internal/net/http/HttpConnection$PlainHttpPublisher
instanceKlass jdk/internal/net/http/HttpConnection$TrailingOperations
instanceKlass jdk/internal/net/http/AsyncEvent
instanceKlass jdk/internal/net/http/common/FlowTube
instanceKlass jdk/internal/net/http/HttpConnection$HttpPublisher
instanceKlass jdk/internal/net/http/ConnectionPool$CacheKey
instanceKlass jdk/internal/net/http/common/SequentialScheduler$SchedulableTask
instanceKlass jdk/internal/net/http/common/SequentialScheduler$CompleteRestartableTask
instanceKlass jdk/internal/net/http/common/SequentialScheduler$RestartableTask
instanceKlass jdk/internal/net/http/common/SequentialScheduler$DeferredCompleter
instanceKlass jdk/internal/net/http/common/SequentialScheduler
instanceKlass jdk/internal/net/http/Http1Exchange$Http1Publisher$WriteTask
instanceKlass jdk/internal/net/http/common/Demand
instanceKlass jdk/internal/net/http/Http1Exchange$Http1Publisher$Http1WriteSubscription
instanceKlass jdk/internal/net/http/Http1Exchange$Http1Publisher
instanceKlass jdk/internal/net/http/hpack/DecodingCallback
instanceKlass jdk/internal/net/http/frame/Http2Frame
instanceKlass jdk/internal/net/http/Http2Connection
instanceKlass jdk/internal/net/http/HttpConnection
instanceKlass jdk/internal/net/http/AuthenticationFilter$Cache
instanceKlass jdk/internal/net/http/Response
instanceKlass java/util/concurrent/ForkJoinTask$Aux
instanceKlass jdk/internal/net/http/MultiExchange$CancelableRef
instanceKlass jdk/internal/net/http/Exchange$ConnectionAborter
instanceKlass jdk/internal/net/http/ExchangeImpl
instanceKlass jdk/internal/net/http/Exchange
instanceKlass jdk/internal/net/http/MultiExchange$ConnectTimeoutTracker
instanceKlass jdk/internal/net/http/TimeoutEvent
instanceKlass java/util/concurrent/Flow$Subscription
instanceKlass jdk/internal/net/http/MultiExchange
instanceKlass jdk/internal/net/http/common/Cancelable
instanceKlass jdk/internal/net/http/websocket/WebSocketRequest
instanceKlass java/net/http/HttpResponse
instanceKlass java/net/http/HttpResponse$BodySubscriber
instanceKlass java/net/http/HttpResponse$ResponseInfo
instanceKlass java/net/http/HttpResponse$BodyHandler
instanceKlass java/net/http/HttpResponse$BodyHandlers
instanceKlass java/net/http/HttpHeaders
instanceKlass jdk/internal/net/http/common/HttpHeadersBuilder
instanceKlass jdk/internal/net/http/HttpRequestBuilderImpl
instanceKlass jdk/internal/net/http/common/Log
instanceKlass java/net/http/HttpRequest$Builder
instanceKlass java/net/http/HttpRequest
instanceKlass jdk/internal/net/http/RedirectFilter
instanceKlass jdk/internal/net/http/AuthenticationFilter
instanceKlass jdk/internal/net/http/HeaderFilter
instanceKlass jdk/internal/net/http/FilterFactory
instanceKlass jdk/internal/net/http/ConnectionPool$ExpiryList
instanceKlass jdk/internal/net/http/common/FlowTube$TubePublisher
instanceKlass java/util/concurrent/Flow$Publisher
instanceKlass jdk/internal/net/http/common/FlowTube$TubeSubscriber
instanceKlass java/util/concurrent/Flow$Subscriber
instanceKlass jdk/internal/net/http/ConnectionPool
instanceKlass sun/security/ssl/SSLConfiguration$1
instanceKlass javax/net/ssl/SSLParameters
instanceKlass sun/security/ssl/SessionId
instanceKlass java/security/spec/MGF1ParameterSpec
instanceKlass sun/security/ec/ParametersMap$1
instanceKlass sun/security/ec/ed/EdDSAParameters$SHAKE256DigesterFactory
instanceKlass sun/security/ec/point/ProjectivePoint
instanceKlass sun/security/ec/ed/EdDSAParameters$Digester
instanceKlass sun/security/ec/ed/EdDSAParameters$SHA512DigesterFactory
instanceKlass sun/security/ec/point/ExtendedHomogeneousPoint
instanceKlass sun/security/ec/point/AffinePoint
instanceKlass sun/security/util/math/intpoly/IntegerPolynomial$Limb
instanceKlass sun/security/util/math/SmallValue
instanceKlass sun/security/ec/point/MutablePoint
instanceKlass sun/security/ec/point/ImmutablePoint
instanceKlass sun/security/util/math/intpoly/IntegerPolynomial$Element
instanceKlass sun/security/util/math/ImmutableIntegerModuloP
instanceKlass sun/security/util/math/IntegerModuloP
instanceKlass sun/security/util/math/intpoly/IntegerPolynomial
instanceKlass sun/security/ec/ParametersMap
instanceKlass sun/security/ec/ed/EdECOperations
instanceKlass sun/security/ec/ed/EdDSAParameters$DigesterFactory
instanceKlass sun/security/util/math/IntegerFieldModuloP
instanceKlass sun/security/ec/ed/EdDSAParameters
instanceKlass java/security/spec/EdDSAParameterSpec
instanceKlass sun/security/ec/ed/EdDSASignature$MessageAccumulator
instanceKlass javax/crypto/spec/DHParameterSpec
instanceKlass sun/security/ssl/PredefinedDHParameterSpecs$1
instanceKlass sun/security/ssl/PredefinedDHParameterSpecs
instanceKlass javax/net/ssl/ExtendedSSLSession
instanceKlass sun/security/ssl/SSLConfiguration$CustomizedClientSignatureSchemes
instanceKlass javax/crypto/KeyGeneratorSpi
instanceKlass javax/crypto/KeyGenerator
instanceKlass sun/security/ssl/SSLConfiguration
instanceKlass sun/security/ssl/SSLCipher$SSLWriteCipher
instanceKlass sun/security/ssl/KeyUpdate$KeyUpdateProducer
instanceKlass sun/security/ssl/KeyUpdate$KeyUpdateConsumer
instanceKlass sun/security/ssl/KeyUpdate$KeyUpdateKickstartProducer
instanceKlass sun/security/ssl/KeyUpdate
instanceKlass sun/security/ssl/CertificateStatus$CertificateStatusAbsence
instanceKlass sun/security/ssl/HandshakeAbsence
instanceKlass sun/security/ssl/CertificateStatus$CertificateStatusProducer
instanceKlass sun/security/ssl/CertificateStatus$CertificateStatusConsumer
instanceKlass sun/security/ssl/CertificateStatus
instanceKlass sun/security/ssl/Finished$T13FinishedProducer
instanceKlass sun/security/ssl/Finished$T13FinishedConsumer
instanceKlass sun/security/ssl/Finished$T12FinishedProducer
instanceKlass sun/security/ssl/Finished$T12FinishedConsumer
instanceKlass sun/security/ssl/Finished
instanceKlass sun/security/ssl/ClientKeyExchange$ClientKeyExchangeProducer
instanceKlass sun/security/ssl/ClientKeyExchange$ClientKeyExchangeConsumer
instanceKlass sun/security/ssl/ClientKeyExchange
instanceKlass sun/security/ssl/CertificateVerify$T13CertificateVerifyProducer
instanceKlass sun/security/ssl/CertificateVerify$T13CertificateVerifyConsumer
instanceKlass sun/security/ssl/CertificateVerify$T12CertificateVerifyProducer
instanceKlass sun/security/ssl/CertificateVerify$T12CertificateVerifyConsumer
instanceKlass sun/security/ssl/CertificateVerify$T10CertificateVerifyProducer
instanceKlass sun/security/ssl/CertificateVerify$T10CertificateVerifyConsumer
instanceKlass sun/security/ssl/CertificateVerify$S30CertificateVerifyProducer
instanceKlass sun/security/ssl/CertificateVerify$S30CertificateVerifyConsumer
instanceKlass sun/security/ssl/CertificateVerify
instanceKlass sun/security/ssl/ServerHelloDone$ServerHelloDoneProducer
instanceKlass sun/security/ssl/ServerHelloDone$ServerHelloDoneConsumer
instanceKlass sun/security/ssl/ServerHelloDone
instanceKlass sun/security/ssl/CertificateRequest$T13CertificateRequestProducer
instanceKlass sun/security/ssl/CertificateRequest$T13CertificateRequestConsumer
instanceKlass sun/security/ssl/CertificateRequest$T12CertificateRequestProducer
instanceKlass sun/security/ssl/CertificateRequest$T12CertificateRequestConsumer
instanceKlass sun/security/ssl/CertificateRequest$T10CertificateRequestProducer
instanceKlass sun/security/ssl/CertificateRequest$T10CertificateRequestConsumer
instanceKlass sun/security/ssl/CertificateRequest
instanceKlass sun/security/ssl/ServerKeyExchange$ServerKeyExchangeProducer
instanceKlass sun/security/ssl/ServerKeyExchange$ServerKeyExchangeConsumer
instanceKlass sun/security/ssl/ServerKeyExchange
instanceKlass sun/security/ssl/CertificateMessage$T13CertificateProducer
instanceKlass sun/security/ssl/CertificateMessage$T13CertificateConsumer
instanceKlass sun/security/ssl/CertificateMessage$T12CertificateProducer
instanceKlass sun/security/ssl/CertificateMessage$T12CertificateConsumer
instanceKlass sun/security/ssl/CertificateMessage
instanceKlass sun/security/ssl/EncryptedExtensions$EncryptedExtensionsConsumer
instanceKlass sun/security/ssl/EncryptedExtensions$EncryptedExtensionsProducer
instanceKlass sun/security/ssl/EncryptedExtensions
instanceKlass sun/security/ssl/NewSessionTicket$T12NewSessionTicketProducer
instanceKlass sun/security/ssl/NewSessionTicket$T13NewSessionTicketProducer
instanceKlass sun/security/ssl/NewSessionTicket$T12NewSessionTicketConsumer
instanceKlass sun/security/ssl/NewSessionTicket$T13NewSessionTicketConsumer
instanceKlass sun/security/ssl/NewSessionTicket
instanceKlass sun/security/ssl/HelloVerifyRequest$HelloVerifyRequestProducer
instanceKlass sun/security/ssl/HelloVerifyRequest$HelloVerifyRequestConsumer
instanceKlass sun/security/ssl/HelloVerifyRequest
instanceKlass sun/security/ssl/ServerHello$T13HelloRetryRequestConsumer
instanceKlass sun/security/ssl/ServerHello$T13ServerHelloConsumer
instanceKlass sun/security/ssl/ServerHello$T12ServerHelloConsumer
instanceKlass sun/security/ssl/ServerHello$T13HelloRetryRequestReproducer
instanceKlass sun/security/ssl/ServerHello$T13HelloRetryRequestProducer
instanceKlass sun/security/ssl/ServerHello$T13ServerHelloProducer
instanceKlass sun/security/ssl/ServerHello$T12ServerHelloProducer
instanceKlass sun/security/ssl/ServerHello$ServerHelloConsumer
instanceKlass sun/security/ssl/ServerHello
instanceKlass sun/security/ssl/ClientHello$D13ClientHelloConsumer
instanceKlass sun/security/ssl/ClientHello$D12ClientHelloConsumer
instanceKlass sun/security/ssl/ClientHello$T13ClientHelloConsumer
instanceKlass sun/security/ssl/ClientHello$T12ClientHelloConsumer
instanceKlass sun/security/ssl/HandshakeConsumer
instanceKlass sun/security/ssl/ClientHello$ClientHelloProducer
instanceKlass sun/security/ssl/ClientHello$ClientHelloConsumer
instanceKlass sun/security/ssl/ClientHello$ClientHelloKickstartProducer
instanceKlass sun/security/ssl/ClientHello
instanceKlass sun/security/ssl/HelloRequest$HelloRequestProducer
instanceKlass sun/security/ssl/HelloRequest$HelloRequestConsumer
instanceKlass sun/security/ssl/HelloRequest$HelloRequestKickstartProducer
instanceKlass sun/security/ssl/SSLProducer
instanceKlass sun/security/ssl/HelloRequest
instanceKlass sun/security/ssl/HandshakeProducer
instanceKlass sun/security/ssl/SSLConsumer
instanceKlass sun/security/ssl/Authenticator$MacImpl
instanceKlass sun/security/ssl/Authenticator$MAC
instanceKlass sun/security/ssl/Authenticator
instanceKlass sun/security/ssl/SSLCipher$SSLReadCipher
instanceKlass sun/security/ssl/InputRecord
instanceKlass sun/security/ssl/SSLRecord
instanceKlass sun/security/ssl/Record
instanceKlass sun/security/ssl/TransportContext
instanceKlass sun/security/ssl/ConnectionContext
instanceKlass sun/security/ssl/HandshakeHash$CacheOnlyHash
instanceKlass sun/security/ssl/HandshakeHash$TranscriptHash
instanceKlass sun/security/ssl/HandshakeHash
instanceKlass sun/security/ssl/SSLTransport
instanceKlass jdk/internal/net/http/Http2ClientImpl
instanceKlass jdk/internal/net/http/HttpClientImpl$DelegatingExecutor
instanceKlass jdk/internal/net/http/HttpClientImpl$DefaultThreadFactory
instanceKlass javax/net/ssl/X509ExtendedKeyManager
instanceKlass javax/net/ssl/X509KeyManager
instanceKlass javax/net/ssl/KeyManager
instanceKlass javax/net/ssl/KeyManagerFactorySpi
instanceKlass javax/net/ssl/KeyManagerFactory$1
instanceKlass javax/net/ssl/KeyManagerFactory
instanceKlass sun/security/ssl/SSLContextImpl$DefaultManagersHolder$1
instanceKlass javax/net/ssl/X509ExtendedTrustManager
instanceKlass javax/net/ssl/X509TrustManager
instanceKlass javax/net/ssl/TrustManager
instanceKlass sun/security/validator/TrustStoreUtil
instanceKlass sun/security/x509/NetscapeCertTypeExtension$MapEntry
instanceKlass java/security/interfaces/ECPublicKey
instanceKlass sun/security/provider/JavaKeyStore$TrustedCertEntry
instanceKlass sun/security/action/OpenFileInputStreamAction
instanceKlass java/security/KeyStoreSpi
instanceKlass java/security/KeyStore$1
instanceKlass java/security/KeyStore
instanceKlass sun/security/ssl/TrustStoreManager$TrustStoreDescriptor$1
instanceKlass sun/security/util/FilePaths
instanceKlass sun/security/ssl/TrustStoreManager$TrustStoreDescriptor
instanceKlass sun/security/ssl/TrustStoreManager$TrustAnchorManager
instanceKlass sun/security/ssl/TrustStoreManager
instanceKlass javax/net/ssl/TrustManagerFactorySpi
instanceKlass javax/net/ssl/TrustManagerFactory$1
instanceKlass javax/net/ssl/TrustManagerFactory
instanceKlass sun/security/ssl/SSLContextImpl$DefaultManagersHolder
instanceKlass sun/security/ssl/SSLSessionContextImpl
instanceKlass javax/net/ssl/SSLSessionContext
instanceKlass sun/security/ssl/EphemeralKeyManager$EphemeralKeyPair
instanceKlass sun/security/ssl/EphemeralKeyManager
instanceKlass sun/security/ssl/SSLContextImpl$CustomizedSSLProtocols
instanceKlass java/security/spec/NamedParameterSpec
instanceKlass sun/security/util/ECKeySizeParameterSpec
instanceKlass java/security/AlgorithmParametersSpi
instanceKlass java/security/AlgorithmParameters
instanceKlass sun/security/util/ECUtil
instanceKlass sun/security/ec/point/Point
instanceKlass java/security/KeyPairGeneratorSpi
instanceKlass javax/crypto/KeyAgreement
instanceKlass sun/security/ssl/JsseJce$EcAvailability
instanceKlass sun/security/ssl/SSLAlgorithmDecomposer$1
instanceKlass sun/security/ssl/Utilities
instanceKlass sun/security/ssl/JsseJce
instanceKlass sun/security/ssl/NamedGroup$XDHScheme
instanceKlass sun/security/ssl/NamedGroup$FFDHEScheme
instanceKlass sun/security/ssl/NamedGroup$ECDHEScheme
instanceKlass sun/security/ssl/NamedGroup$NamedGroupScheme
instanceKlass sun/security/ssl/SSLCipher$1
instanceKlass sun/security/ssl/SSLCipher$T13CC20P1305WriteCipherGenerator
instanceKlass sun/security/ssl/SSLCipher$T12CC20P1305WriteCipherGenerator
instanceKlass sun/security/ssl/SSLCipher$T13CC20P1305ReadCipherGenerator
instanceKlass sun/security/ssl/SSLCipher$T12CC20P1305ReadCipherGenerator
instanceKlass sun/security/ssl/SSLCipher$T13GcmWriteCipherGenerator
instanceKlass sun/security/ssl/SSLCipher$T13GcmReadCipherGenerator
instanceKlass sun/security/ssl/SSLCipher$T12GcmWriteCipherGenerator
instanceKlass sun/security/ssl/SSLCipher$T12GcmReadCipherGenerator
instanceKlass com/sun/crypto/provider/AESConstants
instanceKlass javax/crypto/JceSecurityManager$1
instanceKlass sun/security/ssl/SSLCipher$T11BlockWriteCipherGenerator
instanceKlass sun/security/ssl/SSLCipher$T11BlockReadCipherGenerator
instanceKlass com/sun/crypto/provider/PKCS5Padding
instanceKlass com/sun/crypto/provider/Padding
instanceKlass com/sun/crypto/provider/FeedbackCipher
instanceKlass com/sun/crypto/provider/SymmetricCipher
instanceKlass com/sun/crypto/provider/DESConstants
instanceKlass com/sun/crypto/provider/CipherCore
instanceKlass sun/security/ssl/SSLCipher$T10BlockWriteCipherGenerator
instanceKlass sun/security/ssl/SSLCipher$T10BlockReadCipherGenerator
instanceKlass javax/crypto/CipherSpi
instanceKlass javax/crypto/Cipher$Transform
instanceKlass javax/crypto/Cipher
instanceKlass sun/security/ssl/SSLCipher$StreamWriteCipherGenerator
instanceKlass sun/security/ssl/SSLCipher$StreamReadCipherGenerator
instanceKlass sun/security/ssl/SSLCipher$NullWriteCipherGenerator
instanceKlass sun/security/ssl/SSLCipher$WriteCipherGenerator
instanceKlass sun/security/ssl/SSLCipher$NullReadCipherGenerator
instanceKlass sun/security/ssl/SSLCipher$ReadCipherGenerator
instanceKlass sun/security/ssl/SSLAlgorithmConstraints
instanceKlass sun/security/ssl/SSLLogger
instanceKlass javax/net/ssl/SSLContextSpi
instanceKlass javax/net/ssl/SSLContext
instanceKlass jdk/internal/net/http/HttpClientImpl$SSLDirectBufferSupplier
instanceKlass jdk/internal/net/http/common/DebugLogger
instanceKlass jdk/internal/net/http/HttpClientImpl$SingleFacadeFactory
instanceKlass javax/net/ssl/SSLSession
instanceKlass jdk/internal/net/http/common/Logger
instanceKlass jdk/internal/net/http/common/Utils
instanceKlass jdk/internal/net/http/common/BufferSupplier
instanceKlass jdk/internal/net/http/common/OperationTrackers$Tracker
instanceKlass java/net/http/WebSocket$Builder
instanceKlass jdk/internal/net/http/common/OperationTrackers$Trackable
instanceKlass jdk/internal/net/http/HttpClientBuilderImpl
instanceKlass java/net/http/HttpClient$Builder
instanceKlass org/apache/coyote/Constants
instanceKlass org/springframework/web/servlet/resource/HttpResource
instanceKlass org/eclipse/jdt/internal/compiler/flow/LoopingFlowContext$EscapingExceptionCatchSite
instanceKlass org/eclipse/jdt/internal/compiler/ast/NullAnnotationMatching
instanceKlass org/springframework/data/repository/util/ReactiveWrapperConverters$RegistryHolder
instanceKlass org/springframework/data/repository/util/ReactiveWrapperConverters
instanceKlass org/springframework/data/repository/core/support/QueryExecutionResultHandler$ReturnTypeDescriptor
instanceKlass org/springframework/data/repository/core/support/RepositoryMethodInvoker$RepositoryMethodInvocationCaptor$1
instanceKlass org/springframework/data/repository/core/support/RepositoryMethodInvocationListener$RepositoryMethodInvocation
instanceKlass org/springframework/util/comparator/Comparators
instanceKlass org/springframework/data/mapping/callback/EntityCallbackDiscoverer$CallbackCacheKey
instanceKlass org/springframework/data/mongodb/core/mapping/event/AfterConvertCallback
instanceKlass java/lang/invoke/ClassSpecializer$Factory$1Var
instanceKlass sun/invoke/util/ValueConversions$1
instanceKlass showdomilhao/model/Scores_Accessor_37oww2
instanceKlass org/springframework/data/mapping/model/ClassGeneratingPropertyAccessorFactory$PropertyStackAddress
instanceKlass org/springframework/data/annotation/AccessType
instanceKlass org/springframework/data/mapping/model/ClassGeneratingPropertyAccessorFactory$PropertyAccessorClassGenerator
instanceKlass org/springframework/data/convert/ValueConverter
instanceKlass org/springframework/data/convert/AnnotatedPropertyValueConverterAccessor
instanceKlass org/springframework/data/mapping/model/BasicPersistentEntity$1
instanceKlass org/springframework/data/mapping/model/InstantiationAwarePropertyAccessor
instanceKlass org/springframework/data/mapping/AccessOptions$GetOptions
instanceKlass org/springframework/data/mapping/AccessOptions
instanceKlass org/springframework/data/mapping/model/SimplePersistentPropertyPathAccessor
instanceKlass org/springframework/data/annotation/Immutable
instanceKlass showdomilhao/model/Scores_Instantiator_37oww2
instanceKlass org/springframework/data/mapping/model/BytecodeUtil
instanceKlass org/springframework/data/mapping/model/ClassGeneratingEntityInstantiator$EntityInstantiatorAdapter
instanceKlass org/springframework/data/util/KotlinReflectionUtils
instanceKlass org/springframework/data/mapping/model/CachingValueExpressionEvaluatorFactory$1
instanceKlass org/springframework/data/convert/CustomConversions$TargetTypes
instanceKlass org/springframework/data/mongodb/core/convert/MappingMongoConverter$DefaultConversionContext$ValueConverter
instanceKlass org/springframework/data/mongodb/core/convert/MappingMongoConverter$DefaultConversionContext$ContainerValueConverter
instanceKlass org/springframework/data/mongodb/core/convert/MappingMongoConverter$DefaultConversionContext
instanceKlass com/mongodb/event/ConnectionCheckedInEvent
instanceKlass com/mongodb/internal/operation/CursorResourceManager
instanceKlass com/mongodb/internal/operation/CommandBatchCursorHelper
instanceKlass com/mongodb/internal/operation/BsonDocumentWrapperHelper
instanceKlass com/mongodb/internal/operation/CommandCursorResult
instanceKlass org/bson/codecs/NumberCodecHelper$1
instanceKlass org/bson/codecs/NumberCodecHelper
instanceKlass org/bson/codecs/StringCodec$1
instanceKlass org/bson/codecs/ContainerCodecHelper
instanceKlass org/bson/codecs/BsonDocumentWrapperCodec
instanceKlass org/bson/internal/UuidHelper$1
instanceKlass org/bson/internal/UuidHelper
instanceKlass java/util/UUID$Holder
instanceKlass com/mongodb/internal/session/ServerSessionPool$ServerSessionImpl
instanceKlass com/mongodb/internal/connection/ClusterClockAdvancingSessionContext
instanceKlass com/mongodb/internal/connection/CommandProtocolImpl
instanceKlass com/mongodb/internal/async/function/LoopState$AttachmentValueContainer
instanceKlass com/mongodb/internal/operation/retry/AttachmentKeys$DefaultAttachmentKey
instanceKlass com/mongodb/internal/async/function/LoopState$AttachmentKey
instanceKlass com/mongodb/internal/operation/retry/AttachmentKeys
instanceKlass org/bson/BsonDocumentWriter$1
instanceKlass com/mongodb/internal/operation/DocumentHelper
instanceKlass com/mongodb/internal/connection/ReadConcernHelper
instanceKlass com/mongodb/internal/operation/OperationReadConcernHelper
instanceKlass com/mongodb/internal/operation/SyncOperationHelper$CommandReadTransformer
instanceKlass com/mongodb/internal/operation/CommandResultCodecProvider
instanceKlass com/mongodb/internal/operation/CommandOperationHelper$CommandCreator
instanceKlass com/mongodb/internal/connection/DefaultServer$OperationCountTrackingConnection
instanceKlass com/mongodb/internal/connection/CommandProtocol
instanceKlass com/mongodb/internal/connection/AbstractReferenceCounted
instanceKlass com/mongodb/internal/connection/DefaultServer$DefaultServerProtocolExecutor
instanceKlass com/mongodb/event/ConnectionCheckedOutEvent
instanceKlass com/mongodb/event/ConnectionReadyEvent
instanceKlass javax/crypto/MacSpi
instanceKlass javax/crypto/ProviderVerifier$1
instanceKlass javax/crypto/ProviderVerifier
instanceKlass javax/crypto/JceSecurity$2
instanceKlass javax/crypto/JceSecurity$IdentityWrapper
instanceKlass javax/crypto/CryptoPolicyParser$CryptoPermissionEntry
instanceKlass javax/crypto/CryptoPolicyParser$GrantEntry
instanceKlass javax/crypto/CryptoPolicyParser
instanceKlass java/nio/file/Files$1
instanceKlass sun/nio/fs/WindowsFileSystem$2
instanceKlass java/nio/file/PathMatcher
instanceKlass sun/nio/fs/Globs
instanceKlass sun/nio/fs/WindowsFileSystemProvider$1
instanceKlass javax/crypto/JceSecurity$1
instanceKlass javax/crypto/JceSecurity
instanceKlass javax/crypto/Mac
instanceKlass javax/crypto/spec/SecretKeySpec$1
instanceKlass jdk/internal/access/JavaxCryptoSpecAccess
instanceKlass javax/crypto/spec/SecretKeySpec
instanceKlass com/mongodb/internal/connection/ScramShaAuthenticator$CacheValue
instanceKlass com/mongodb/internal/connection/ScramShaAuthenticator$CacheKey
instanceKlass com/mongodb/internal/HexUtils
instanceKlass com/mongodb/internal/authentication/NativeAuthenticationHelper
instanceKlass sun/invoke/util/VerifyAccess$1
instanceKlass com/mongodb/SubjectProvider
instanceKlass com/mongodb/internal/connection/ScramShaAuthenticator$ScramShaSaslClient
instanceKlass com/mongodb/event/ConnectionCreatedEvent
instanceKlass com/mongodb/internal/connection/DefaultConnectionPool$MutableReference
instanceKlass com/mongodb/internal/connection/DefaultConnectionPool$PooledConnection
instanceKlass com/mongodb/internal/connection/ScramShaAuthenticator$DefaultRandomStringGenerator
instanceKlass com/mongodb/internal/connection/ScramShaAuthenticator$AuthenticationHashGenerator
instanceKlass javax/security/sasl/SaslClient
instanceKlass com/mongodb/internal/connection/ScramShaAuthenticator$RandomStringGenerator
instanceKlass com/mongodb/internal/connection/InternalStreamConnectionFactory$1
instanceKlass com/mongodb/internal/connection/UsageTrackingInternalConnection
instanceKlass com/mongodb/internal/time/Timeout
instanceKlass com/mongodb/event/ConnectionCheckOutStartedEvent
instanceKlass com/mongodb/internal/time/TimePoint
instanceKlass com/mongodb/internal/connection/SdamServerDescriptionManager$SdamIssue$Context
instanceKlass com/mongodb/internal/connection/ServerTuple
instanceKlass com/mongodb/selector/CompositeServerSelector
instanceKlass com/mongodb/internal/selector/LatencyMinimizingServerSelector
instanceKlass com/mongodb/internal/selector/ReadPreferenceServerSelector
instanceKlass com/mongodb/client/internal/ClientSessionBinding$SessionBindingConnectionSource
instanceKlass com/mongodb/internal/operation/CommandBatchCursor
instanceKlass com/mongodb/internal/operation/AggregateResponseBatchCursor
instanceKlass com/mongodb/internal/operation/OperationHelper
instanceKlass com/mongodb/internal/async/function/RetryingSyncSupplier
instanceKlass com/mongodb/internal/operation/SyncOperationHelper
instanceKlass com/mongodb/internal/operation/BatchCursor
instanceKlass com/mongodb/internal/async/function/LoopState
instanceKlass com/mongodb/internal/async/function/RetryState
instanceKlass com/mongodb/internal/operation/CommandOperationHelper
instanceKlass com/mongodb/internal/session/ClientSessionContext
instanceKlass com/mongodb/internal/binding/ConnectionSource
instanceKlass com/mongodb/internal/binding/AbstractReferenceCounted
instanceKlass com/mongodb/internal/session/BaseClientSessionImpl
instanceKlass com/mongodb/TransactionOptions$Builder
instanceKlass com/mongodb/TransactionOptions
instanceKlass com/mongodb/ClientSessionOptions$Builder
instanceKlass com/mongodb/internal/async/AsyncBatchCursor
instanceKlass com/mongodb/internal/operation/FindOperation
instanceKlass com/mongodb/internal/operation/AsyncExplainableReadOperation
instanceKlass com/mongodb/internal/operation/AsyncReadOperation
instanceKlass com/mongodb/client/internal/MongoBatchCursorAdapter
instanceKlass org/springframework/data/mongodb/core/convert/QueryMapper$MetadataBackedField$KeyMapper
instanceKlass org/springframework/data/mongodb/core/convert/QueryMapper$MetadataBackedField$PositionParameterRetainingPropertyKeyConverter
instanceKlass org/springframework/data/util/Pair
instanceKlass org/springframework/data/mapping/context/DefaultPersistentPropertyPath
instanceKlass org/springframework/data/mapping/context/PersistentPropertyPathFactory$PathResolution
instanceKlass org/springframework/data/mapping/context/PersistentPropertyPathFactory$TypeAndPath
instanceKlass java/util/regex/Pattern$1
instanceKlass org/springframework/data/mapping/PropertyPath$Property
instanceKlass org/springframework/data/mongodb/core/HintFunction
instanceKlass org/springframework/data/mongodb/core/query/Collation$Alternate
instanceKlass org/springframework/data/mongodb/core/query/Collation$ComparisonLevel
instanceKlass org/springframework/data/mongodb/core/timeseries/GranularityDefinition
instanceKlass org/springframework/data/mongodb/core/EntityOperations$TypedEntityOperations
instanceKlass com/mongodb/internal/client/model/FindOptions
instanceKlass com/mongodb/client/MongoCursor
instanceKlass com/mongodb/client/internal/MongoIterableImpl
instanceKlass com/mongodb/client/MapReduceIterable
instanceKlass com/mongodb/client/ListSearchIndexesIterable
instanceKlass com/mongodb/client/ListIndexesIterable
instanceKlass com/mongodb/client/internal/MongoCollectionImpl
instanceKlass com/mongodb/internal/bulk/WriteRequest
instanceKlass com/mongodb/internal/operation/Operations
instanceKlass com/mongodb/internal/operation/WriteOperation
instanceKlass com/mongodb/internal/operation/ExplainableReadOperation
instanceKlass com/mongodb/internal/operation/ReadOperation
instanceKlass com/mongodb/internal/operation/SyncOperations
instanceKlass com/mongodb/client/AggregateIterable
instanceKlass com/mongodb/client/ListCollectionNamesIterable
instanceKlass com/mongodb/client/ListCollectionsIterable
instanceKlass com/mongodb/client/internal/MongoDatabaseImpl
instanceKlass org/springframework/transaction/support/TransactionSynchronization
instanceKlass org/springframework/data/mongodb/MongoDatabaseUtils
instanceKlass org/springframework/data/mongodb/core/MongoTemplate$FindCallback
instanceKlass org/springframework/data/mongodb/core/MongoTemplate$QueryCursorPreparer
instanceKlass org/springframework/data/mongodb/util/BsonUtils
instanceKlass org/springframework/transaction/support/ResourceHolder
instanceKlass org/springframework/data/mongodb/core/query/Meta
instanceKlass org/springframework/data/domain/Limit$Unlimited
instanceKlass org/springframework/data/domain/Limit
instanceKlass org/springframework/data/repository/core/support/RepositoryMethodInvocationListener$RepositoryMethodInvocationResult
instanceKlass org/springframework/data/repository/core/support/RepositoryMethodInvoker$RepositoryMethodInvocationCaptor
instanceKlass org/springframework/data/repository/core/support/RepositoryMethodInvoker$Invokable
instanceKlass org/springframework/data/repository/core/support/RepositoryMethodInvoker$RepositoryFragmentMethodInvoker$CoroutineAdapterInformation
instanceKlass org/springframework/data/mongodb/core/query/Criteria
instanceKlass org/springframework/data/mongodb/repository/ReadPreference
instanceKlass org/springframework/data/mongodb/repository/support/CrudMethodMetadataPostProcessor$DefaultCrudMethodMetadata
instanceKlass org/springframework/transaction/support/TransactionSynchronizationUtils$ScopedProxyUnwrapper
instanceKlass org/springframework/core/InfrastructureProxy
instanceKlass org/springframework/transaction/support/TransactionSynchronizationUtils
instanceKlass org/springframework/transaction/support/TransactionSynchronizationManager
instanceKlass org/springframework/aop/framework/ReflectiveMethodInvocation
instanceKlass org/springframework/aop/ProxyMethodInvocation
instanceKlass org/springframework/aop/ThrowsAdvice
instanceKlass org/springframework/aop/AfterReturningAdvice
instanceKlass org/springframework/aop/AfterAdvice
instanceKlass org/springframework/aop/MethodBeforeAdvice
instanceKlass org/springframework/aop/BeforeAdvice
instanceKlass org/springframework/aop/IntroductionAwareMethodMatcher
instanceKlass org/springframework/aop/TrueClassFilter
instanceKlass org/springframework/aop/framework/AdvisedSupport$MethodCacheKey
instanceKlass com/mongodb/event/ServerHeartbeatSucceededEvent
instanceKlass org/springframework/util/StreamUtils
instanceKlass org/springframework/http/StreamingHttpOutputMessage
instanceKlass com/fasterxml/jackson/databind/util/internal/PrivateMaxEntriesMap$AddTask
instanceKlass com/fasterxml/jackson/databind/util/internal/PrivateMaxEntriesMap$WeightedValue
instanceKlass java/util/stream/DoubleStream
instanceKlass java/util/stream/LongStream
instanceKlass com/fasterxml/jackson/databind/util/ArrayIterator
instanceKlass java/util/OptionalDouble
instanceKlass java/util/OptionalLong
instanceKlass com/fasterxml/jackson/databind/util/internal/PrivateMaxEntriesMap$EntryIterator
instanceKlass com/fasterxml/jackson/databind/util/TypeKey
instanceKlass com/fasterxml/jackson/databind/ser/impl/ReadOnlyClassToSerializerMap$Bucket
instanceKlass com/fasterxml/jackson/databind/ser/impl/ReadOnlyClassToSerializerMap
instanceKlass org/springframework/http/server/ServletServerHttpResponse
instanceKlass org/springframework/http/server/ServerHttpAsyncRequestControl
instanceKlass org/springframework/http/server/ServletServerHttpRequest
instanceKlass org/springframework/web/bind/annotation/ModelAttribute
instanceKlass org/springframework/web/context/request/async/WebAsyncTask
instanceKlass org/springframework/web/context/request/async/DeferredResult
instanceKlass org/springframework/web/servlet/mvc/method/annotation/StreamingResponseBody
instanceKlass java/text/CalendarBuilder
instanceKlass java/text/ParsePosition
instanceKlass java/util/concurrent/atomic/Striped64$Cell
instanceKlass org/springframework/web/util/UriUtils
instanceKlass org/springframework/web/servlet/mvc/LastModified
instanceKlass org/springframework/web/servlet/handler/AbstractHandlerMapping$CorsInterceptor
instanceKlass org/springframework/web/servlet/handler/AbstractUrlHandlerMapping$PathExposingHandlerInterceptor
instanceKlass java/util/ArrayList$SubList$2
instanceKlass org/springframework/web/servlet/mvc/method/RequestMappingInfoHandlerMapping$PartialMatchHelper
instanceKlass java/util/concurrent/locks/ReentrantReadWriteLock$Sync$HoldCounter
instanceKlass org/springframework/util/UnmodifiableMultiValueMap
instanceKlass org/springframework/http/server/DefaultPathContainer$DefaultPathSegment
instanceKlass org/apache/coyote/http11/Constants
instanceKlass org/apache/tomcat/util/buf/HexUtils
instanceKlass org/apache/tomcat/util/buf/C2BConverter
instanceKlass jakarta/servlet/http/CookieNameValidator
instanceKlass jakarta/servlet/http/Cookie
instanceKlass org/apache/catalina/session/ManagerBase$SessionTiming
instanceKlass org/apache/catalina/session/StandardSessionFacade
instanceKlass sun/security/provider/SecureRandom$SeederHolder
instanceKlass org/apache/catalina/session/StandardSession
instanceKlass jakarta/servlet/jsp/el/FunctionMapper
instanceKlass jakarta/servlet/jsp/el/VariableResolver
instanceKlass jakarta/servlet/jsp/el/ExpressionEvaluator
instanceKlass org/apache/jasper/runtime/JspFactoryImpl$PageContextPool
instanceKlass org/apache/tomcat/util/http/parser/MediaType
instanceKlass jakarta/servlet/jsp/HttpJspPage
instanceKlass jakarta/servlet/jsp/JspPage
instanceKlass org/apache/jasper/runtime/JspSourceDirectives
instanceKlass org/apache/jasper/runtime/JspSourceImports
instanceKlass org/apache/jasper/runtime/JspSourceDependent
instanceKlass java/net/URLClassLoader$1
instanceKlass org/apache/jasper/runtime/InstanceManagerFactory
instanceKlass org/apache/jasper/compiler/SmapUtil$SDEInstaller
instanceKlass org/eclipse/jdt/internal/compiler/ClassFile$3
instanceKlass org/eclipse/jdt/internal/compiler/codegen/VerificationTypeInfo
instanceKlass org/eclipse/jdt/internal/compiler/codegen/StackMapFrame
instanceKlass org/eclipse/jdt/internal/compiler/codegen/StackMapFrameCodeStream$ExceptionMarker
instanceKlass org/eclipse/jdt/internal/compiler/codegen/StackMapFrameCodeStream$FramePosition
instanceKlass org/eclipse/jdt/internal/compiler/codegen/CachedIndexEntry
instanceKlass org/eclipse/jdt/internal/compiler/util/HashtableOfInteger
instanceKlass org/eclipse/jdt/internal/compiler/codegen/CharArrayCache
instanceKlass org/eclipse/jdt/internal/compiler/codegen/CodeStream
instanceKlass org/eclipse/jdt/internal/compiler/ast/FakedTrackingVariable$IteratorForReporting
instanceKlass org/eclipse/jdt/internal/compiler/util/SimpleSetOfCharArray
instanceKlass org/eclipse/jdt/internal/compiler/ast/UnlikelyArgumentCheck
instanceKlass org/eclipse/jdt/internal/compiler/codegen/ObjectCache
instanceKlass org/eclipse/jdt/internal/compiler/util/ObjectVector
instanceKlass org/eclipse/jdt/internal/compiler/lookup/InferenceContext18$3
instanceKlass org/eclipse/jdt/internal/compiler/lookup/BoundSet$ThreeSets
instanceKlass org/eclipse/jdt/internal/compiler/lookup/InferenceVariable$InferenceVarKey
instanceKlass org/eclipse/jdt/internal/compiler/lookup/BoundSet
instanceKlass org/eclipse/jdt/internal/compiler/lookup/InferenceContext18
instanceKlass org/eclipse/jdt/internal/compiler/lookup/ParameterizedMethodBinding$1
instanceKlass org/eclipse/jdt/internal/compiler/lookup/Scope$3
instanceKlass org/eclipse/jdt/internal/compiler/util/SimpleSet
instanceKlass org/eclipse/jdt/internal/compiler/util/Sorting
instanceKlass org/eclipse/jdt/internal/compiler/codegen/Label
instanceKlass java/util/stream/Nodes$IntArrayNode
instanceKlass java/util/stream/Node$Builder$OfInt
instanceKlass org/eclipse/jdt/internal/compiler/parser/Scanner$Goal
instanceKlass org/eclipse/jdt/internal/compiler/util/HashtableOfObject
instanceKlass java/util/AbstractMap$SimpleEntry
instanceKlass jdk/internal/jimage/ImageBufferCache$2
instanceKlass jdk/internal/jimage/ImageBufferCache
instanceKlass org/eclipse/jdt/internal/compiler/classfmt/TypeAnnotationWalker
instanceKlass org/eclipse/jdt/internal/compiler/lookup/AnnotationHolder
instanceKlass org/eclipse/jdt/internal/compiler/lookup/SignatureWrapper
instanceKlass org/eclipse/jdt/internal/compiler/classfmt/ElementValuePairInfo
instanceKlass org/eclipse/jdt/internal/compiler/env/IBinaryElementValuePair
instanceKlass org/eclipse/jdt/internal/compiler/classfmt/JavaBinaryNames
instanceKlass org/eclipse/jdt/internal/compiler/env/ITypeAnnotationWalker$1
instanceKlass org/eclipse/jdt/internal/compiler/env/ITypeAnnotationWalker
instanceKlass org/eclipse/jdt/internal/compiler/lookup/BinaryTypeBinding$VariableBindingInitialization
instanceKlass org/eclipse/jdt/internal/compiler/env/NameEnvironmentAnswer
instanceKlass org/eclipse/jdt/internal/compiler/codegen/ConstantPool
instanceKlass org/eclipse/jdt/internal/compiler/codegen/AttributeNamesConstants
instanceKlass org/eclipse/jdt/internal/compiler/env/IBinaryNestedType
instanceKlass org/eclipse/jdt/internal/compiler/env/IBinaryModule
instanceKlass org/eclipse/jdt/internal/compiler/env/IModule
instanceKlass org/eclipse/jdt/internal/compiler/env/IBinaryTypeAnnotation
instanceKlass org/eclipse/jdt/internal/compiler/env/IBinaryAnnotation
instanceKlass org/eclipse/jdt/internal/compiler/env/IRecordComponent
instanceKlass org/eclipse/jdt/internal/compiler/env/IBinaryMethod
instanceKlass org/eclipse/jdt/internal/compiler/env/IGenericMethod
instanceKlass org/eclipse/jdt/internal/compiler/env/IBinaryField
instanceKlass org/eclipse/jdt/internal/compiler/env/IGenericField
instanceKlass org/eclipse/jdt/internal/compiler/classfmt/ClassFileStruct
instanceKlass org/eclipse/jdt/internal/compiler/impl/Constant
instanceKlass org/eclipse/jdt/internal/compiler/util/CharArray
instanceKlass org/eclipse/jdt/internal/compiler/util/CharArrayHashMap
instanceKlass org/eclipse/jdt/internal/compiler/util/HashtableOfType
instanceKlass java/net/URLClassLoader$2
instanceKlass org/eclipse/jdt/internal/compiler/env/INameEnvironmentExtension
instanceKlass org/eclipse/jdt/internal/compiler/lookup/TypeBindingVisitor
instanceKlass org/eclipse/jdt/internal/compiler/flow/FlowContext
instanceKlass org/eclipse/jdt/internal/compiler/flow/FlowInfo
instanceKlass org/eclipse/jdt/internal/compiler/parser/ScannerHelper
instanceKlass org/eclipse/jdt/internal/compiler/ast/CompilationUnitDeclaration$1
instanceKlass org/eclipse/jdt/internal/compiler/lookup/Scope$Substitutor
instanceKlass org/eclipse/jdt/internal/compiler/CompilationResult$1
instanceKlass org/eclipse/jdt/internal/compiler/CompilationResult
instanceKlass org/eclipse/jdt/internal/compiler/util/Messages
instanceKlass org/eclipse/jdt/internal/compiler/ast/IJavadocTypeReference
instanceKlass org/eclipse/jdt/internal/compiler/parser/AbstractCommentParser
instanceKlass org/eclipse/jdt/internal/compiler/parser/JavadocTagConstants
instanceKlass org/eclipse/jdt/internal/compiler/classfmt/ClassFileConstants
instanceKlass org/eclipse/jdt/internal/compiler/util/CharDeduplication$CacheReference
instanceKlass org/eclipse/jdt/internal/compiler/util/CharDeduplication
instanceKlass org/eclipse/jdt/internal/compiler/parser/Scanner
instanceKlass org/eclipse/jdt/internal/compiler/util/Util$Displayable
instanceKlass org/eclipse/jdt/internal/compiler/util/Util
instanceKlass org/eclipse/jdt/internal/compiler/util/SuffixConstants
instanceKlass org/eclipse/jdt/internal/compiler/parser/RecoveredElement
instanceKlass org/eclipse/jdt/internal/compiler/ASTVisitor
instanceKlass org/eclipse/jdt/internal/compiler/parser/Parser
instanceKlass org/eclipse/jdt/internal/compiler/ast/OperatorIds
instanceKlass org/eclipse/jdt/internal/compiler/parser/ConflictedParser
instanceKlass org/eclipse/jdt/internal/compiler/parser/ParserBasicInformation
instanceKlass org/eclipse/jdt/internal/compiler/parser/TerminalTokens
instanceKlass org/eclipse/jdt/internal/compiler/impl/CompilerStats
instanceKlass org/eclipse/jdt/internal/compiler/lookup/IQualifiedTypeResolutionListener
instanceKlass org/eclipse/jdt/internal/compiler/env/IModuleAwareNameEnvironment
instanceKlass org/eclipse/jdt/internal/compiler/util/HashtableOfModule
instanceKlass org/eclipse/jdt/internal/compiler/lookup/TypeSystem$HashedParameterizedTypes
instanceKlass org/eclipse/jdt/internal/compiler/ClassFile
instanceKlass org/eclipse/jdt/internal/compiler/ClassFilePool
instanceKlass org/eclipse/jdt/internal/compiler/util/SimpleLookupTable
instanceKlass org/eclipse/jdt/internal/compiler/util/CharArrayMap
instanceKlass org/eclipse/jdt/internal/compiler/util/CharDelegateMap
instanceKlass org/eclipse/jdt/internal/compiler/util/CharArrayMapper
instanceKlass org/eclipse/jdt/internal/compiler/lookup/ParameterNonNullDefaultProvider
instanceKlass org/eclipse/jdt/internal/compiler/lookup/Scope
instanceKlass org/eclipse/jdt/internal/compiler/lookup/ReferenceBinding$3
instanceKlass org/eclipse/jdt/internal/compiler/lookup/ReferenceBinding$2
instanceKlass org/eclipse/jdt/internal/compiler/lookup/TypeConstants$CloseMethodRecord
instanceKlass org/eclipse/jdt/internal/compiler/lookup/ReductionResult
instanceKlass org/eclipse/jdt/internal/compiler/lookup/ElementValuePair
instanceKlass org/eclipse/jdt/internal/compiler/lookup/AnnotationBinding
instanceKlass org/eclipse/jdt/internal/compiler/lookup/ImplicitNullAnnotationVerifier
instanceKlass org/eclipse/jdt/internal/compiler/lookup/Substitution
instanceKlass org/eclipse/jdt/internal/compiler/lookup/TypeSystem
instanceKlass org/eclipse/jdt/internal/compiler/env/IUpdatableModule
instanceKlass org/eclipse/jdt/internal/compiler/lookup/LookupEnvironment
instanceKlass org/eclipse/jdt/internal/compiler/lookup/ProblemReasons
instanceKlass org/eclipse/jdt/internal/compiler/ast/Invocation
instanceKlass org/eclipse/jdt/internal/compiler/ast/IPolyExpression
instanceKlass org/eclipse/jdt/internal/compiler/lookup/InvocationSite
instanceKlass org/eclipse/jdt/internal/compiler/ast/ASTNode
instanceKlass org/eclipse/jdt/internal/compiler/lookup/TypeIds
instanceKlass org/eclipse/jdt/internal/compiler/lookup/TypeConstants
instanceKlass org/eclipse/jdt/internal/compiler/lookup/Binding
instanceKlass org/eclipse/jdt/internal/compiler/problem/ProblemHandler
instanceKlass org/eclipse/jdt/internal/compiler/impl/ReferenceContext
instanceKlass org/eclipse/jdt/internal/compiler/Compiler
instanceKlass org/eclipse/jdt/internal/compiler/problem/ProblemSeverities
instanceKlass org/eclipse/jdt/internal/compiler/impl/ITypeRequestor
instanceKlass org/eclipse/jdt/internal/compiler/impl/IrritantSet
instanceKlass org/eclipse/jdt/core/compiler/CharOperation
instanceKlass org/eclipse/jdt/internal/compiler/impl/CompilerOptions
instanceKlass org/apache/jasper/compiler/JDTCompiler$1CompilationUnit
instanceKlass org/apache/jasper/compiler/JDTCompiler$2
instanceKlass sun/util/ResourceBundleEnumeration
instanceKlass org/eclipse/jdt/internal/compiler/util/HashtableOfInt
instanceKlass org/eclipse/jdt/core/compiler/CategorizedProblem
instanceKlass org/eclipse/jdt/core/compiler/IProblem
instanceKlass org/eclipse/jdt/internal/compiler/problem/DefaultProblemFactory
instanceKlass org/eclipse/jdt/internal/compiler/DefaultErrorHandlingPolicies$4
instanceKlass org/eclipse/jdt/internal/compiler/IErrorHandlingPolicy
instanceKlass org/eclipse/jdt/internal/compiler/DefaultErrorHandlingPolicies
instanceKlass org/eclipse/jdt/internal/compiler/env/IBinaryType
instanceKlass org/eclipse/jdt/internal/compiler/env/IGenericType
instanceKlass org/eclipse/jdt/internal/compiler/env/ICompilationUnit
instanceKlass org/eclipse/jdt/internal/compiler/env/IDependent
instanceKlass org/apache/jasper/compiler/JDTCompiler$1
instanceKlass org/apache/jasper/compiler/SmapStratum$LineInfo
instanceKlass org/apache/jasper/compiler/SmapStratum
instanceKlass org/apache/jasper/compiler/SmapUtil
instanceKlass java/io/FileOutputStream$1
instanceKlass sun/util/resources/Bundles$2
instanceKlass org/apache/jasper/compiler/StringInterpreterFactory$DefaultStringInterpreter
instanceKlass org/apache/jasper/compiler/StringInterpreter
instanceKlass org/apache/jasper/compiler/StringInterpreterFactory
instanceKlass org/apache/jasper/compiler/ELInterpreterFactory$DefaultELInterpreter
instanceKlass org/apache/jasper/compiler/ELInterpreter
instanceKlass org/apache/jasper/compiler/ELInterpreterFactory
instanceKlass org/apache/jasper/compiler/Generator$GenBuffer
instanceKlass org/apache/jasper/compiler/Generator$FragmentHelperClass
instanceKlass jakarta/servlet/jsp/tagext/TagInfo
instanceKlass org/apache/jasper/compiler/Generator
instanceKlass org/apache/jasper/compiler/ELFunctionMapper
instanceKlass org/apache/jasper/compiler/TextOptimizer
instanceKlass org/apache/tomcat/util/descriptor/tagplugin/TagPluginParser$TagPluginRuleSet
instanceKlass org/apache/tomcat/util/descriptor/tagplugin/TagPluginParser
instanceKlass org/apache/jasper/compiler/ScriptingVariabler
instanceKlass org/apache/jasper/compiler/TagFileProcessor
instanceKlass org/apache/jasper/compiler/Collector
instanceKlass org/apache/tomcat/util/security/Escape
instanceKlass org/apache/jasper/runtime/JspApplicationContextImpl
instanceKlass jakarta/el/FunctionMapper
instanceKlass org/apache/jasper/compiler/ELNode$Visitor
instanceKlass jakarta/el/ELContext
instanceKlass org/apache/jasper/compiler/JspUtil$ValidAttribute
instanceKlass jakarta/servlet/jsp/tagext/PageData
instanceKlass org/apache/jasper/compiler/Validator
instanceKlass org/apache/jasper/compiler/Node$Nodes
instanceKlass jakarta/servlet/jsp/tagext/VariableInfo
instanceKlass org/apache/jasper/compiler/AttributeParser
instanceKlass jakarta/servlet/jsp/tagext/TagLibraryInfo
instanceKlass org/apache/jasper/compiler/Parser
instanceKlass org/apache/jasper/compiler/Mark
instanceKlass org/apache/jasper/compiler/JspReader
instanceKlass com/sun/org/apache/xerces/internal/util/NamespaceContextWrapper
instanceKlass javax/xml/namespace/NamespaceContext
instanceKlass com/sun/org/apache/xerces/internal/impl/XMLStreamReaderImpl
instanceKlass javax/xml/stream/XMLStreamReader
instanceKlass javax/xml/stream/XMLStreamConstants
instanceKlass org/apache/jasper/compiler/EncodingDetector$BomResult
instanceKlass com/sun/org/apache/xerces/internal/impl/PropertyManager
instanceKlass javax/xml/stream/FactoryFinder$1
instanceKlass javax/xml/stream/FactoryFinder
instanceKlass javax/xml/stream/XMLInputFactory
instanceKlass org/apache/jasper/compiler/EncodingDetector
instanceKlass org/apache/jasper/compiler/ParserController
instanceKlass org/apache/jasper/compiler/JspConfig$JspProperty
instanceKlass org/apache/el/util/ExceptionUtils
instanceKlass jakarta/el/Expression
instanceKlass jakarta/el/ELResolver
instanceKlass org/apache/catalina/loader/WebappClassLoaderBase$CombinedEnumeration
instanceKlass jakarta/el/ExpressionFactory$CacheKey
instanceKlass jakarta/el/Util$CacheValue
instanceKlass jakarta/el/Util
instanceKlass jakarta/el/ExpressionFactory$CacheValue
instanceKlass jakarta/el/ExpressionFactory
instanceKlass org/apache/jasper/compiler/Node
instanceKlass org/apache/jasper/compiler/TagConstants
instanceKlass org/apache/jasper/compiler/BeanRepository
instanceKlass org/apache/jasper/compiler/PageInfo
instanceKlass org/apache/jasper/compiler/DefaultErrorHandler
instanceKlass org/apache/jasper/compiler/ErrorHandler
instanceKlass org/apache/jasper/compiler/ErrorDispatcher
instanceKlass org/apache/jasper/compiler/JspUtil
instanceKlass org/eclipse/jdt/internal/compiler/ICompilerRequestor
instanceKlass org/eclipse/jdt/internal/compiler/IProblemFactory
instanceKlass org/eclipse/jdt/internal/compiler/env/INameEnvironment
instanceKlass sun/security/util/ManifestEntryVerifier$SunProviderHolder
instanceKlass java/util/Base64$Encoder
instanceKlass java/util/Base64$Decoder
instanceKlass java/util/Base64
instanceKlass javax/crypto/SecretKey
instanceKlass sun/security/util/Length
instanceKlass sun/security/util/KeyUtil
instanceKlass java/security/interfaces/XECKey
instanceKlass java/security/interfaces/ECKey
instanceKlass sun/security/util/JarConstraintsParameters
instanceKlass sun/security/util/ConstraintsParameters
instanceKlass java/security/Timestamp
instanceKlass sun/security/timestamp/TimestampToken
instanceKlass java/security/cert/CertPath
instanceKlass java/math/MutableBigInteger
instanceKlass sun/security/rsa/RSAPadding
instanceKlass sun/security/rsa/RSACore
instanceKlass java/security/interfaces/RSAPrivateCrtKey
instanceKlass sun/security/pkcs/PKCS8Key
instanceKlass java/security/interfaces/RSAPrivateKey
instanceKlass java/security/PrivateKey
instanceKlass javax/security/auth/Destroyable
instanceKlass sun/security/jca/ServiceId
instanceKlass java/security/Signature$1
instanceKlass jdk/internal/access/JavaSecuritySignatureAccess
instanceKlass java/security/SignatureSpi
instanceKlass jdk/internal/icu/impl/Norm2AllModes$NFKCSingleton
instanceKlass jdk/internal/icu/text/NormalizerBase$ModeImpl
instanceKlass jdk/internal/icu/text/NormalizerBase$NFKDModeImpl
instanceKlass jdk/internal/icu/text/NormalizerBase$1
instanceKlass java/text/Normalizer
instanceKlass sun/security/x509/AVAKeyword
instanceKlass sun/security/util/SignatureUtil
instanceKlass sun/security/pkcs/PKCS9Attribute
instanceKlass sun/security/pkcs/PKCS9Attributes
instanceKlass sun/security/util/DisabledAlgorithmConstraints$Constraints$Holder
instanceKlass sun/security/util/DisabledAlgorithmConstraints$1
instanceKlass sun/security/util/DisabledAlgorithmConstraints$Constraint
instanceKlass sun/security/util/DisabledAlgorithmConstraints$Constraints
instanceKlass sun/security/util/AbstractAlgorithmConstraints$1
instanceKlass sun/security/util/AlgorithmDecomposer
instanceKlass sun/security/util/DisabledAlgorithmConstraints$JarHolder
instanceKlass sun/security/util/AbstractAlgorithmConstraints
instanceKlass java/security/AlgorithmConstraints
instanceKlass sun/security/pkcs/SignerInfo
instanceKlass java/security/cert/PolicyQualifierInfo
instanceKlass sun/security/x509/RFC822Name
instanceKlass sun/security/x509/CertificatePolicyId
instanceKlass sun/security/x509/PolicyInformation
instanceKlass sun/security/x509/DistributionPoint
instanceKlass sun/security/x509/DNSName
instanceKlass sun/security/x509/URIName
instanceKlass sun/security/x509/GeneralName
instanceKlass sun/security/x509/AccessDescription
instanceKlass sun/security/x509/GeneralNames
instanceKlass jdk/internal/event/EventHelper
instanceKlass sun/security/jca/JCAUtil
instanceKlass sun/security/util/MemoryCache$CacheEntry
instanceKlass sun/security/x509/X509AttributeName
instanceKlass sun/security/x509/KeyIdentifier
instanceKlass sun/security/x509/OIDMap$OIDInfo
instanceKlass sun/security/x509/PKIXExtensions
instanceKlass sun/security/x509/OIDMap
instanceKlass sun/security/x509/Extension
instanceKlass java/security/cert/Extension
instanceKlass sun/security/x509/CertificateExtensions
instanceKlass sun/security/rsa/RSAUtil
instanceKlass sun/security/util/IOUtils
instanceKlass java/security/interfaces/RSAPublicKey
instanceKlass java/security/interfaces/RSAKey
instanceKlass java/security/spec/PSSParameterSpec
instanceKlass java/security/spec/RSAPrivateKeySpec
instanceKlass java/security/spec/RSAPublicKeySpec
instanceKlass java/security/KeyFactorySpi
instanceKlass sun/security/jca/ProviderList$ServiceList$1
instanceKlass java/security/KeyFactory
instanceKlass java/security/spec/EncodedKeySpec$1
instanceKlass jdk/internal/access/JavaSecuritySpecAccess
instanceKlass java/security/spec/EncodedKeySpec
instanceKlass java/security/spec/KeySpec
instanceKlass sun/security/util/BitArray
instanceKlass sun/security/x509/X509Key
instanceKlass java/security/PublicKey
instanceKlass java/security/Key
instanceKlass sun/security/x509/CertificateX509Key
instanceKlass sun/security/x509/CertificateValidity
instanceKlass sun/security/x509/AVA
instanceKlass sun/security/x509/RDN
instanceKlass javax/security/auth/x500/X500Principal
instanceKlass sun/security/x509/X500Name$1
instanceKlass sun/security/x509/X500Name
instanceKlass sun/security/x509/GeneralNameInterface
instanceKlass sun/security/x509/CertificateAlgorithmId
instanceKlass sun/security/x509/SerialNumber
instanceKlass sun/security/x509/CertificateSerialNumber
instanceKlass sun/security/x509/CertificateVersion
instanceKlass sun/security/x509/X509CertInfo
instanceKlass sun/security/x509/CertAttrSet
instanceKlass sun/security/util/Cache$EqualByteArray
instanceKlass java/security/cert/X509Extension
instanceKlass sun/security/util/Cache
instanceKlass java/security/cert/CertificateFactorySpi
instanceKlass java/security/cert/CertificateFactory
instanceKlass sun/security/x509/AlgorithmId
instanceKlass sun/security/util/DerValue
instanceKlass sun/security/pkcs/ContentInfo
instanceKlass sun/security/util/DerInputStream
instanceKlass sun/security/pkcs/PKCS7
instanceKlass sun/security/util/ManifestDigester$Section
instanceKlass sun/security/util/ManifestDigester$Entry
instanceKlass sun/security/util/ManifestDigester$Position
instanceKlass sun/security/util/ManifestDigester
instanceKlass sun/security/util/ManifestEntryVerifier
instanceKlass org/apache/jasper/compiler/ServletWriter
instanceKlass org/apache/jasper/compiler/Compiler
instanceKlass org/apache/jasper/JspCompilationContext
instanceKlass org/apache/jasper/servlet/JspServletWrapper
instanceKlass java/util/stream/ReduceOps$6ReducingSink
instanceKlass java/util/function/IntBinaryOperator
instanceKlass jakarta/servlet/ServletRequestWrapper
instanceKlass org/apache/catalina/core/ApplicationDispatcher$State
instanceKlass org/apache/catalina/core/ApplicationDispatcher
instanceKlass org/apache/catalina/AsyncDispatcher
instanceKlass org/apache/catalina/core/ApplicationContext$DispatchData
instanceKlass org/springframework/web/servlet/support/RequestContext
instanceKlass org/springframework/util/PatternMatchUtils
instanceKlass org/springframework/web/method/support/AsyncHandlerMethodReturnValueHandler
instanceKlass org/springframework/web/servlet/support/RequestContextUtils
instanceKlass org/springframework/web/bind/support/SimpleSessionStatus
instanceKlass org/springframework/web/bind/support/SessionStatus
instanceKlass org/springframework/web/bind/annotation/SessionAttributes
instanceKlass org/springframework/validation/DataBinder$NameResolver
instanceKlass org/springframework/web/bind/annotation/InitBinder
instanceKlass jakarta/servlet/ServletResponseWrapper
instanceKlass io/micrometer/common/ImmutableKeyValue
instanceKlass io/micrometer/common/KeyValue
instanceKlass io/micrometer/observation/docs/ObservationDocumentation
instanceKlass io/micrometer/common/docs/KeyName
instanceKlass org/springframework/http/server/observation/DefaultServerRequestObservationConvention
instanceKlass org/springframework/http/server/observation/ServerRequestObservationConvention
instanceKlass io/micrometer/observation/ObservationConvention
instanceKlass io/micrometer/observation/KeyValuesConvention
instanceKlass org/springframework/web/util/pattern/PathPattern$PathMatchInfo
instanceKlass org/springframework/web/servlet/handler/AbstractHandlerMethodMapping$Match
instanceKlass org/springframework/web/util/pattern/PathPattern$MatchingContext
instanceKlass org/springframework/web/cors/CorsUtils
instanceKlass org/springframework/http/server/DefaultRequestPath
instanceKlass org/apache/catalina/core/ApplicationMapping$MappingImpl
instanceKlass org/apache/catalina/core/ApplicationMapping$1
instanceKlass org/springframework/web/util/ServletRequestPathUtils$ServletRequestPath
instanceKlass org/springframework/web/util/ServletRequestPathUtils
instanceKlass org/springframework/web/util/WebUtils
instanceKlass org/springframework/core/log/LogFormatUtils
instanceKlass org/springframework/web/servlet/FrameworkServlet$RequestBindingInterceptor
instanceKlass org/springframework/web/context/request/async/TimeoutDeferredResultProcessingInterceptor
instanceKlass org/springframework/web/context/request/async/TimeoutCallableProcessingInterceptor
instanceKlass org/springframework/web/context/request/async/AsyncWebRequest
instanceKlass org/springframework/web/context/request/async/WebAsyncUtils
instanceKlass org/springframework/web/servlet/LocaleContextResolver
instanceKlass org/springframework/context/i18n/SimpleLocaleContext
instanceKlass org/springframework/context/i18n/LocaleContextHolder
instanceKlass org/apache/tomcat/util/http/parser/AcceptLanguage
instanceKlass org/apache/catalina/util/TLSUtil
instanceKlass org/apache/catalina/connector/ResponseFacade
instanceKlass org/apache/catalina/core/ApplicationFilterFactory$1
instanceKlass org/apache/catalina/core/ApplicationFilterChain
instanceKlass org/apache/catalina/core/ApplicationFilterFactory
instanceKlass org/apache/coyote/AbstractProcessor$1
instanceKlass jakarta/security/auth/message/config/AuthConfigProvider
instanceKlass jakarta/security/auth/message/config/ServerAuthConfig
instanceKlass jakarta/security/auth/message/config/AuthConfig
instanceKlass jakarta/security/auth/message/config/ServerAuthContext
instanceKlass jakarta/security/auth/message/ServerAuth
instanceKlass jakarta/security/auth/message/config/AuthConfigFactory
instanceKlass org/apache/catalina/connector/RequestFacade
instanceKlass org/apache/tomcat/util/http/parser/Cookie$ByteBuffer
instanceKlass org/apache/tomcat/util/http/parser/Cookie
instanceKlass org/apache/catalina/util/SessionConfig
instanceKlass org/apache/tomcat/util/buf/UEncoder
instanceKlass org/apache/tomcat/util/collections/ConcurrentCache
instanceKlass org/apache/tomcat/util/http/parser/MediaTypeCache
instanceKlass org/apache/catalina/connector/Response
instanceKlass org/apache/catalina/core/ApplicationMapping
instanceKlass org/apache/catalina/mapper/MappingData
instanceKlass org/apache/catalina/util/ParameterMap
instanceKlass org/apache/tomcat/util/buf/ByteChunk$ByteInputChannel
instanceKlass org/apache/catalina/connector/Request$8
instanceKlass org/apache/catalina/connector/Request$7
instanceKlass org/apache/catalina/connector/Request$6
instanceKlass org/apache/catalina/connector/Request$5
instanceKlass org/apache/catalina/connector/Request$4
instanceKlass org/apache/catalina/connector/Request$3
instanceKlass org/apache/catalina/connector/Request$2
instanceKlass org/apache/catalina/connector/Request$1
instanceKlass org/apache/catalina/connector/Request$SpecialAttributeAdapter
instanceKlass org/apache/tomcat/util/http/fileupload/RequestContext
instanceKlass org/apache/tomcat/util/http/fileupload/FileItemFactory
instanceKlass jakarta/servlet/http/PushBuilder
instanceKlass jakarta/servlet/AsyncContext
instanceKlass jakarta/servlet/http/HttpServletMapping
instanceKlass org/apache/catalina/connector/Request
instanceKlass org/apache/tomcat/util/http/parser/Host
instanceKlass sun/nio/cs/ThreadLocalCoders$Cache
instanceKlass sun/nio/cs/ThreadLocalCoders
instanceKlass org/apache/tomcat/util/http/parser/TokenList
instanceKlass org/apache/tomcat/util/http/ValuesEnumerator
instanceKlass org/apache/tomcat/util/buf/Ascii
instanceKlass org/apache/coyote/http11/filters/GzipOutputFilter
instanceKlass org/apache/coyote/http11/filters/BufferedInputFilter
instanceKlass org/apache/coyote/http11/filters/VoidOutputFilter
instanceKlass org/apache/coyote/http11/filters/VoidInputFilter
instanceKlass org/apache/coyote/http11/filters/ChunkedOutputFilter
instanceKlass org/apache/tomcat/util/http/parser/HttpHeaderParser$HeaderParseData
instanceKlass org/apache/tomcat/util/http/parser/HttpHeaderParser
instanceKlass org/apache/coyote/http11/filters/ChunkedInputFilter
instanceKlass org/apache/tomcat/util/http/parser/HttpHeaderParser$HeaderDataSource
instanceKlass org/apache/coyote/http11/filters/IdentityOutputFilter
instanceKlass org/apache/coyote/http11/filters/IdentityInputFilter
instanceKlass org/apache/coyote/http11/Http11OutputBuffer$SocketOutputBuffer
instanceKlass org/apache/coyote/http11/Http11OutputBuffer
instanceKlass org/apache/coyote/http11/Http11InputBuffer$SocketInputBuffer
instanceKlass org/apache/coyote/http11/Http11InputBuffer$HeaderParseData
instanceKlass org/apache/coyote/http11/Http11InputBuffer
instanceKlass org/apache/tomcat/util/http/parser/HttpParser
instanceKlass org/apache/coyote/AsyncStateMachine
instanceKlass org/apache/coyote/RequestInfo
instanceKlass org/apache/tomcat/util/log/UserDataHelper
instanceKlass org/apache/tomcat/util/http/Parameters
instanceKlass org/apache/tomcat/util/http/ServerCookie
instanceKlass org/apache/tomcat/util/http/ServerCookies
instanceKlass org/apache/tomcat/util/http/MimeHeaderField
instanceKlass org/apache/tomcat/util/http/MimeHeaders
instanceKlass org/apache/tomcat/util/buf/AbstractChunk
instanceKlass org/apache/tomcat/util/buf/MessageBytes$MessageBytesFactory
instanceKlass org/apache/tomcat/util/buf/MessageBytes
instanceKlass org/apache/tomcat/util/net/ApplicationBufferHandler
instanceKlass jakarta/servlet/http/HttpUpgradeHandler
instanceKlass org/apache/coyote/http11/OutputFilter
instanceKlass org/apache/coyote/http11/HttpOutputBuffer
instanceKlass org/apache/coyote/http11/InputFilter
instanceKlass org/apache/coyote/OutputBuffer
instanceKlass org/apache/coyote/InputBuffer
instanceKlass org/apache/coyote/AbstractProcessorLight
instanceKlass org/apache/coyote/ActionHook
instanceKlass java/lang/invoke/ConstantBootstraps
instanceKlass java/nio/channels/SelectionKey
instanceKlass org/apache/tomcat/util/net/NioEndpoint$PollerEvent
instanceKlass sun/nio/ch/SocketChannelImpl$DefaultOptionsHolder
instanceKlass java/util/concurrent/Semaphore
instanceKlass java/util/concurrent/BlockingDeque
instanceKlass org/apache/tomcat/util/net/WriteBuffer
instanceKlass org/apache/tomcat/util/net/SocketWrapperBase$3
instanceKlass org/apache/tomcat/util/net/SocketWrapperBase$2
instanceKlass org/apache/tomcat/util/net/SocketWrapperBase$1
instanceKlass org/apache/tomcat/util/net/SendfileDataBase
instanceKlass org/apache/tomcat/util/net/SocketWrapperBase$OperationState
instanceKlass jakarta/servlet/ServletConnection
instanceKlass org/apache/tomcat/util/net/SocketWrapperBase$CompletionCheck
instanceKlass org/apache/tomcat/util/net/SocketBufferHandler
instanceKlass org/springframework/util/function/ThrowingConsumer$1
instanceKlass org/springframework/util/function/ThrowingConsumer
instanceKlass org/springframework/boot/ApplicationRunner
instanceKlass java/util/IdentityHashMap$IdentityHashMapSpliterator
instanceKlass org/springframework/boot/SpringApplication$FactoryAwareOrderSourceProvider
instanceKlass jdk/internal/math/FDBigInteger
instanceKlass org/apache/catalina/TrackedWebResource
instanceKlass org/apache/catalina/webresources/AbstractResource
instanceKlass org/apache/jasper/servlet/JspCServletContext
instanceKlass org/apache/jasper/compiler/tagplugin/TagPluginContext
instanceKlass org/apache/jasper/compiler/Node$Visitor
instanceKlass org/apache/jasper/compiler/TagPluginManager
instanceKlass org/apache/jasper/EmbeddedServletOptions
instanceKlass org/apache/jasper/Constants
instanceKlass jakarta/servlet/annotation/MultipartConfig
instanceKlass org/apache/catalina/ContainerServlet
instanceKlass java/util/TreeMap$TreeMapSpliterator
instanceKlass org/apache/tomcat/util/net/Acceptor
instanceKlass java/nio/channels/spi/AbstractSelector$1
instanceKlass java/nio/BufferMismatch
instanceKlass java/nio/channels/spi/AbstractInterruptibleChannel$1
instanceKlass sun/nio/ch/Interruptible
instanceKlass sun/nio/ch/UnixDomainSocketsUtil
instanceKlass sun/nio/ch/UnixDomainSockets
instanceKlass sun/nio/ch/PipeImpl$Initializer$LoopbackConnector
instanceKlass sun/nio/ch/PipeImpl$Initializer
instanceKlass java/nio/channels/Pipe
instanceKlass sun/nio/ch/WEPoll
instanceKlass sun/nio/ch/Util$2
instanceKlass java/nio/channels/Selector
instanceKlass org/apache/tomcat/util/collections/SynchronizedQueue
instanceKlass org/apache/tomcat/util/net/NioEndpoint$Poller
instanceKlass org/apache/tomcat/util/threads/ThreadPoolExecutor$RejectPolicy
instanceKlass org/apache/tomcat/util/threads/ThreadPoolExecutor$RejectedExecutionHandler
instanceKlass java/net/Inet4AddressImpl
instanceKlass sun/nio/ch/SelChImpl
instanceKlass sun/nio/ch/DefaultSelectorProvider
instanceKlass java/nio/channels/spi/SelectorProvider$Holder
instanceKlass java/nio/channels/spi/SelectorProvider
instanceKlass jakarta/servlet/descriptor/JspConfigDescriptor
instanceKlass org/springframework/context/event/EventListener
instanceKlass org/springframework/aop/scope/ScopedObject
instanceKlass org/springframework/aop/RawTargetAccess
instanceKlass org/springframework/aot/hint/ReflectionHints
instanceKlass org/springframework/aot/hint/BindingReflectionHintsRegistrar
instanceKlass org/springframework/cloud/openfeign/FeignClientsConfiguration
instanceKlass org/springframework/cloud/client/actuator/NamedFeature
instanceKlass org/springframework/cloud/openfeign/DefaultTargeter
instanceKlass org/springframework/cloud/configuration/VerificationResult
instanceKlass org/springframework/cloud/configuration/SpringBootVersionVerifier$3
instanceKlass org/springframework/cloud/configuration/SpringBootVersionVerifier$2
instanceKlass org/springframework/cloud/configuration/CompatibilityPredicate
instanceKlass org/springframework/cloud/client/serviceregistry/AutoServiceRegistration
instanceKlass org/springframework/cloud/client/discovery/simple/SimpleDiscoveryClient
instanceKlass org/springframework/core/convert/support/StringToNumberConverterFactory$StringToNumber
instanceKlass org/springframework/cloud/client/DefaultServiceInstance
instanceKlass org/springframework/cloud/client/ServiceInstance
instanceKlass org/springframework/jmx/export/annotation/ManagedAttribute
instanceKlass org/springframework/jmx/export/annotation/ManagedOperation
instanceKlass org/springframework/web/multipart/MultipartHttpServletRequest
instanceKlass org/springframework/web/multipart/MultipartRequest
instanceKlass org/springframework/transaction/reactive/TransactionalOperator
instanceKlass org/springframework/boot/LazyInitializationExcludeFilter
instanceKlass org/springframework/boot/task/SimpleAsyncTaskSchedulerCustomizer
instanceKlass org/springframework/boot/autoconfigure/task/TaskSchedulingConfigurations
instanceKlass org/springframework/boot/info/InfoProperties
instanceKlass org/springframework/data/domain/OffsetScrollPosition
instanceKlass org/springframework/data/domain/ScrollPosition
instanceKlass com/google/gson/reflect/TypeToken
instanceKlass com/google/gson/internal/bind/ReflectiveTypeAdapterFactory$BoundField
instanceKlass com/google/gson/internal/bind/ReflectiveTypeAdapterFactory
instanceKlass com/google/gson/internal/bind/JsonAdapterAnnotationTypeAdapterFactory$DummyTypeAdapterFactory
instanceKlass com/google/gson/internal/bind/JsonAdapterAnnotationTypeAdapterFactory
instanceKlass com/google/gson/internal/bind/MapTypeAdapterFactory
instanceKlass com/google/gson/internal/bind/CollectionTypeAdapterFactory
instanceKlass com/google/gson/internal/bind/ArrayTypeAdapter$1
instanceKlass com/google/gson/internal/bind/DefaultDateTypeAdapter$1
instanceKlass com/google/gson/internal/bind/NumberTypeAdapter$1
instanceKlass com/google/gson/internal/bind/ObjectTypeAdapter$1
instanceKlass com/google/gson/internal/bind/TypeAdapters$29
instanceKlass com/google/gson/internal/bind/TypeAdapters$33
instanceKlass com/google/gson/internal/bind/TypeAdapters$34
instanceKlass java/util/concurrent/atomic/AtomicIntegerArray
instanceKlass com/google/gson/internal/bind/TypeAdapters$32
instanceKlass com/google/gson/internal/bind/TypeAdapters$31
instanceKlass com/google/gson/internal/bind/TypeAdapters
instanceKlass com/google/gson/internal/ObjectConstructor
instanceKlass com/google/gson/internal/ConstructorConstructor
instanceKlass com/google/gson/internal/sql/SqlTimestampTypeAdapter$1
instanceKlass com/google/gson/internal/sql/SqlTimeTypeAdapter$1
instanceKlass com/google/gson/internal/sql/SqlDateTypeAdapter$1
instanceKlass com/google/gson/internal/bind/DefaultDateTypeAdapter$DateType
instanceKlass com/google/gson/internal/sql/SqlTypesSupport
instanceKlass com/google/gson/ReflectionAccessFilter
instanceKlass com/google/gson/ExclusionStrategy
instanceKlass com/google/gson/FormattingStyle
instanceKlass com/google/gson/stream/JsonWriter
instanceKlass com/google/gson/stream/JsonReader
instanceKlass com/google/gson/ToNumberStrategy
instanceKlass com/google/gson/JsonElement
instanceKlass com/google/gson/TypeAdapter
instanceKlass com/google/gson/internal/Excluder
instanceKlass com/google/gson/TypeAdapterFactory
instanceKlass com/mongodb/client/gridfs/model/GridFSUploadOptions
instanceKlass com/mongodb/client/gridfs/GridFSFindIterable
instanceKlass com/mongodb/client/gridfs/model/GridFSFile
instanceKlass com/mongodb/client/gridfs/GridFSBucket
instanceKlass org/springframework/boot/autoconfigure/mongo/MongoConnectionDetails$GridFs$1
instanceKlass org/springframework/boot/autoconfigure/data/mongo/MongoDatabaseFactoryDependentConfiguration$GridFsMongoDatabaseFactory
instanceKlass org/springframework/data/mongodb/gridfs/GridFsObject
instanceKlass org/springframework/context/support/DefaultLifecycleProcessor$LifecycleGroup
instanceKlass org/springframework/boot/convert/DurationUnit
instanceKlass org/springframework/transaction/TransactionExecutionListener
instanceKlass org/springframework/core/NestedExceptionUtils
instanceKlass org/springframework/web/servlet/view/ContentNegotiatingViewResolver$1
instanceKlass org/springframework/web/servlet/view/AbstractCachingViewResolver$CacheFilter
instanceKlass org/springframework/web/servlet/view/AbstractCachingViewResolver$1
instanceKlass org/springframework/web/servlet/view/DefaultRequestToViewNameTranslator
instanceKlass org/springframework/web/servlet/view/ViewResolverComposite
instanceKlass org/springframework/web/servlet/config/annotation/UrlBasedViewResolverRegistration
instanceKlass org/springframework/web/servlet/handler/HandlerExceptionResolverComposite
instanceKlass org/springframework/web/util/DisconnectedClientHelper
instanceKlass org/springframework/web/util/UriComponentsBuilder
instanceKlass org/springframework/web/util/UriBuilder
instanceKlass org/springframework/web/servlet/function/ServerResponse
instanceKlass org/springframework/web/servlet/function/ServerResponse$Context
instanceKlass org/springframework/web/servlet/mvc/method/annotation/ViewNameMethodReturnValueHandler
instanceKlass org/springframework/web/servlet/mvc/method/annotation/AsyncTaskMethodReturnValueHandler
instanceKlass org/springframework/util/concurrent/ListenableFutureCallback
instanceKlass org/springframework/web/servlet/mvc/method/annotation/DeferredResultMethodReturnValueHandler
instanceKlass org/springframework/web/servlet/mvc/method/annotation/CallableMethodReturnValueHandler
instanceKlass org/springframework/web/servlet/mvc/method/annotation/HttpHeadersReturnValueHandler
instanceKlass org/springframework/web/servlet/mvc/method/annotation/StreamingResponseBodyReturnValueHandler
instanceKlass org/springframework/web/servlet/mvc/method/annotation/ResponseBodyEmitter
instanceKlass org/springframework/web/servlet/mvc/method/annotation/ReactiveTypeHandler
instanceKlass org/springframework/web/servlet/mvc/method/annotation/ResponseBodyEmitter$Handler
instanceKlass org/springframework/web/servlet/mvc/method/annotation/ResponseBodyEmitterReturnValueHandler
instanceKlass org/springframework/web/servlet/mvc/method/annotation/ViewMethodReturnValueHandler
instanceKlass org/springframework/web/servlet/mvc/method/annotation/ModelAndViewMethodReturnValueHandler
instanceKlass org/springframework/web/servlet/mvc/method/annotation/PrincipalMethodArgumentResolver
instanceKlass org/springframework/web/servlet/mvc/method/annotation/UriComponentsBuilderMethodArgumentResolver
instanceKlass org/springframework/web/method/annotation/SessionStatusMethodArgumentResolver
instanceKlass org/springframework/web/method/annotation/ErrorsMethodArgumentResolver
instanceKlass org/springframework/web/method/annotation/MapMethodProcessor
instanceKlass org/springframework/web/method/annotation/ModelMethodProcessor
instanceKlass org/springframework/web/servlet/mvc/support/RedirectAttributes
instanceKlass org/springframework/ui/Model
instanceKlass org/springframework/web/servlet/mvc/method/annotation/RedirectAttributesMethodArgumentResolver
instanceKlass org/springframework/web/servlet/mvc/method/annotation/ServletResponseMethodArgumentResolver
instanceKlass org/springframework/web/servlet/mvc/method/annotation/ServletRequestMethodArgumentResolver
instanceKlass org/springframework/web/method/annotation/RequestHeaderMapMethodArgumentResolver
instanceKlass org/springframework/web/servlet/mvc/method/annotation/RequestResponseBodyAdviceChain
instanceKlass org/springframework/core/io/support/ResourceRegion
instanceKlass org/springframework/core/ParameterizedTypeReference
instanceKlass org/springframework/web/servlet/mvc/method/annotation/AbstractMessageConverterMethodArgumentResolver
instanceKlass org/springframework/validation/DataBinder
instanceKlass org/springframework/web/servlet/mvc/method/annotation/MatrixVariableMapMethodArgumentResolver
instanceKlass org/springframework/web/servlet/mvc/method/annotation/PathVariableMapMethodArgumentResolver
instanceKlass org/springframework/web/method/annotation/RequestParamMapMethodArgumentResolver
instanceKlass org/springframework/web/method/annotation/AbstractNamedValueMethodArgumentResolver$NamedValueInfo
instanceKlass org/springframework/web/method/annotation/AbstractNamedValueMethodArgumentResolver
instanceKlass org/springframework/web/bind/annotation/ControllerAdvice
instanceKlass org/springframework/validation/method/MethodValidator
instanceKlass org/springframework/web/method/support/HandlerMethodReturnValueHandlerComposite
instanceKlass org/springframework/web/method/support/HandlerMethodArgumentResolverComposite
instanceKlass org/springframework/web/method/annotation/ModelFactory
instanceKlass org/springframework/web/method/annotation/SessionAttributesHandler
instanceKlass org/springframework/web/method/ControllerAdviceBean
instanceKlass org/springframework/scheduling/concurrent/ExecutorLifecycleDelegate
instanceKlass org/springframework/web/servlet/mvc/method/annotation/AbstractMappingJacksonResponseBodyAdvice
instanceKlass org/springframework/web/servlet/mvc/method/annotation/ResponseBodyAdvice
instanceKlass org/springframework/web/servlet/mvc/method/annotation/RequestBodyAdviceAdapter
instanceKlass org/springframework/web/servlet/mvc/method/annotation/RequestBodyAdvice
instanceKlass org/springframework/web/method/support/ModelAndViewContainer
instanceKlass org/springframework/data/web/SortDefault
instanceKlass org/springframework/data/web/SortDefault$SortDefaults
instanceKlass org/springframework/web/bind/support/DefaultSessionAttributeStore
instanceKlass org/springframework/core/ReactiveAdapter
instanceKlass org/springframework/core/ReactiveAdapterRegistry
instanceKlass org/springframework/web/context/request/async/DeferredResultProcessingInterceptor
instanceKlass org/springframework/util/ConcurrencyThrottleSupport
instanceKlass org/springframework/web/bind/support/DefaultDataBinderFactory
instanceKlass org/springframework/web/bind/support/WebDataBinderFactory
instanceKlass org/springframework/web/bind/support/SessionAttributeStore
instanceKlass org/springframework/web/servlet/resource/DefaultResourceTransformerChain
instanceKlass org/springframework/web/servlet/resource/DefaultResourceResolverChain
instanceKlass org/springframework/web/servlet/resource/AbstractResourceResolver
instanceKlass org/springframework/web/servlet/resource/ResourceResolver
instanceKlass org/springframework/web/servlet/resource/ResourceTransformerChain
instanceKlass org/springframework/web/HttpRequestHandler
instanceKlass org/springframework/http/CacheControl
instanceKlass org/springframework/web/servlet/function/HandlerFunction
instanceKlass org/springframework/web/servlet/function/ServerRequest
instanceKlass org/springframework/web/servlet/function/RouterFunction
instanceKlass com/fasterxml/jackson/databind/MappingIterator
instanceKlass com/fasterxml/jackson/databind/jsonFormatVisitors/JsonFormatVisitorWrapper
instanceKlass com/fasterxml/jackson/databind/jsonFormatVisitors/JsonFormatVisitorWithSerializerProvider
instanceKlass com/fasterxml/jackson/databind/cfg/ConstructorDetector
instanceKlass com/fasterxml/jackson/annotation/JsonAutoDetect$Value
instanceKlass com/fasterxml/jackson/databind/jsonschema/JsonSchema
instanceKlass com/fasterxml/jackson/databind/deser/DeserializationProblemHandler
instanceKlass com/fasterxml/jackson/core/io/CharacterEscapes
instanceKlass com/fasterxml/jackson/databind/ObjectWriter
instanceKlass com/fasterxml/jackson/core/type/TypeReference
instanceKlass com/fasterxml/jackson/databind/InjectableValues
instanceKlass com/fasterxml/jackson/core/FormatSchema
instanceKlass org/springframework/cloud/openfeign/support/PageJacksonModule$PageableMixIn
instanceKlass org/springframework/cloud/openfeign/support/PageJacksonModule$PageMixIn
instanceKlass java/lang/SafeVarargs
instanceKlass com/fasterxml/jackson/databind/ser/FilterProvider
instanceKlass java/util/EnumMap$EnumMapIterator
instanceKlass org/springframework/data/domain/AbstractPageRequest
instanceKlass org/springframework/data/web/config/SpringDataJacksonConfiguration$PageModule$WarningMixing
instanceKlass org/springframework/data/domain/Chunk
instanceKlass org/springframework/data/domain/Unpaged
instanceKlass org/springframework/data/geo/GeoModule$PolygonMixin
instanceKlass org/springframework/data/geo/GeoModule$CircleMixin
instanceKlass org/springframework/data/geo/GeoModule$BoxMixin
instanceKlass org/springframework/data/geo/GeoModule$PointMixin
instanceKlass org/springframework/data/geo/GeoModule$DistanceMixin
instanceKlass org/springframework/boot/jackson/JsonComponent
instanceKlass org/springframework/boot/jackson/JsonMixin
instanceKlass org/springframework/boot/jackson/JsonMixinModuleEntries$Builder
instanceKlass com/fasterxml/jackson/databind/jsontype/NamedType
instanceKlass com/fasterxml/jackson/databind/PropertyNamingStrategy
instanceKlass com/fasterxml/jackson/databind/deser/ValueInstantiator
instanceKlass sun/reflect/generics/tree/BooleanSignature
instanceKlass org/springframework/jmx/export/annotation/ManagedResource
instanceKlass org/springframework/web/servlet/handler/AbstractHandlerMethodMapping$MappingRegistration
instanceKlass org/springframework/web/method/HandlerMethod$MethodValidationInitializer
instanceKlass org/springframework/web/servlet/mvc/method/RequestMappingInfo$DefaultBuilder
instanceKlass org/springframework/util/MimeTypeUtils
instanceKlass org/springframework/web/servlet/mvc/condition/AbstractMediaTypeExpression
instanceKlass org/springframework/web/servlet/mvc/condition/MediaTypeExpression
instanceKlass java/util/Comparators$NullComparator
instanceKlass org/springframework/http/server/DefaultPathContainer$DefaultSeparator
instanceKlass org/springframework/http/server/PathContainer$Separator
instanceKlass org/springframework/http/server/PathContainer$PathSegment
instanceKlass org/springframework/http/server/PathContainer$Element
instanceKlass org/springframework/http/server/DefaultPathContainer
instanceKlass org/springframework/web/util/pattern/PathElement
instanceKlass org/springframework/web/util/pattern/InternalPathPatternParser
instanceKlass org/springframework/web/servlet/mvc/method/RequestMappingInfo$Builder
instanceKlass org/springframework/core/annotation/MergedAnnotationPredicates$FirstRunOfPredicate
instanceKlass org/springframework/core/MethodIntrospector
instanceKlass org/springframework/core/MethodIntrospector$MetadataLookup
instanceKlass org/springframework/web/servlet/mvc/condition/AbstractRequestCondition
instanceKlass org/springframework/web/util/pattern/PathPattern
instanceKlass org/springframework/web/bind/annotation/CrossOrigin
instanceKlass org/springframework/web/servlet/mvc/method/annotation/RequestMappingHandlerMapping$AnnotationDescriptor
instanceKlass org/springframework/web/service/annotation/HttpExchange
instanceKlass org/springframework/web/servlet/mvc/method/RequestMappingInfo
instanceKlass org/springframework/web/servlet/mvc/condition/RequestCondition
instanceKlass org/springframework/web/servlet/mvc/method/RequestMappingInfo$BuilderConfiguration
instanceKlass org/springframework/web/servlet/mvc/method/RequestMappingInfoHandlerMethodMappingNamingStrategy
instanceKlass org/springframework/web/servlet/handler/AbstractHandlerMethodMapping$MappingRegistry
instanceKlass org/springframework/http/HttpHeaders
instanceKlass org/springframework/web/servlet/mvc/method/RequestMappingInfoHandlerMapping$HttpOptionsHandler
instanceKlass org/springframework/web/cors/CorsConfiguration$OriginPattern
instanceKlass org/springframework/web/bind/annotation/ResponseStatus
instanceKlass org/springframework/web/servlet/handler/AbstractHandlerMethodMapping$EmptyHandler
instanceKlass org/springframework/core/annotation/AnnotatedMethod
instanceKlass org/springframework/web/servlet/handler/HandlerMethodMappingNamingStrategy
instanceKlass org/springframework/web/context/request/NativeWebRequest
instanceKlass org/springframework/web/accept/HeaderContentNegotiationStrategy
instanceKlass org/springframework/web/accept/MappingMediaTypeFileExtensionResolver
instanceKlass org/springframework/web/accept/ContentNegotiationManagerFactoryBean
instanceKlass org/springframework/web/servlet/config/annotation/WebMvcConfigurationSupport$NoOpValidator
instanceKlass org/springframework/web/servlet/support/AbstractFlashMapManager
instanceKlass org/springframework/web/servlet/theme/AbstractThemeResolver
instanceKlass org/springframework/web/servlet/i18n/AbstractLocaleResolver
instanceKlass org/springframework/web/cors/CorsConfiguration
instanceKlass org/springframework/web/servlet/handler/MappedInterceptor
instanceKlass org/springframework/http/server/RequestPath
instanceKlass org/springframework/http/server/PathContainer
instanceKlass io/micrometer/observation/Observation$Context
instanceKlass io/micrometer/observation/Observation$ContextView
instanceKlass io/micrometer/observation/transport/ResponseContext
instanceKlass org/springframework/web/servlet/handler/RequestMatchResult
instanceKlass org/springframework/web/servlet/resource/ResourceUrlProviderExposingInterceptor
instanceKlass org/springframework/web/servlet/handler/ConversionServiceExposingInterceptor
instanceKlass org/springframework/web/servlet/config/annotation/InterceptorRegistration
instanceKlass org/springframework/cloud/commons/security/ResourceServerTokenRelayAutoConfiguration$ResourceServerTokenRelayRegistrationAutoConfiguration$1
instanceKlass org/springframework/boot/autoconfigure/web/servlet/WelcomePage
instanceKlass org/springframework/http/server/ServerHttpRequest
instanceKlass org/springframework/http/HttpRequest
instanceKlass org/springframework/http/server/ServerHttpResponse
instanceKlass org/springframework/web/cors/DefaultCorsProcessor
instanceKlass org/springframework/http/server/PathContainer$Options
instanceKlass org/springframework/web/cors/CorsProcessor
instanceKlass org/springframework/web/servlet/resource/ResourceResolverChain
instanceKlass org/springframework/data/repository/support/Repositories
instanceKlass org/springframework/data/repository/support/DomainClassConverter
instanceKlass org/springframework/data/geo/Distance
instanceKlass org/springframework/boot/autoconfigure/web/format/DateTimeFormatters
instanceKlass org/springframework/web/servlet/config/annotation/WebMvcConfigurerComposite
instanceKlass org/springframework/boot/autoconfigure/web/servlet/WebMvcAutoConfiguration$ResourceHandlerRegistrationCustomizer
instanceKlass org/springframework/boot/autoconfigure/web/servlet/WebMvcRegistrations
instanceKlass org/springframework/web/bind/annotation/ExceptionHandler
instanceKlass org/springframework/http/HttpEntity
instanceKlass org/springframework/boot/web/error/ErrorAttributeOptions
instanceKlass org/springframework/validation/method/MethodValidationResult
instanceKlass org/springframework/http/HttpStatusCode
instanceKlass org/springframework/boot/autoconfigure/web/WebProperties$Resources$Cache$Cachecontrol
instanceKlass org/springframework/boot/autoconfigure/web/WebProperties$Resources$Cache
instanceKlass org/springframework/boot/autoconfigure/web/WebProperties$Resources$Chain$Strategy$Content
instanceKlass org/springframework/boot/autoconfigure/web/WebProperties$Resources$Chain$Strategy$Fixed
instanceKlass org/springframework/boot/autoconfigure/web/WebProperties$Resources$Chain$Strategy
instanceKlass org/springframework/context/support/MessageSourceAccessor
instanceKlass org/springframework/boot/autoconfigure/web/servlet/error/ErrorMvcAutoConfiguration$StaticView
instanceKlass org/springframework/boot/task/SimpleAsyncTaskExecutorCustomizer
instanceKlass org/springframework/boot/autoconfigure/task/TaskExecutorConfigurations
instanceKlass org/springframework/boot/autoconfigure/task/TaskExecutionProperties$Pool$Shutdown
instanceKlass org/springframework/core/task/TaskDecorator
instanceKlass sun/reflect/generics/reflectiveObjects/GenericArrayTypeImpl
instanceKlass org/springframework/core/convert/support/MapToMapConverter$MapEntry
instanceKlass org/springframework/data/mongodb/aot/LazyLoadingProxyAotProcessor
instanceKlass org/springframework/data/repository/config/RepositoryRegistrationAotContribution
instanceKlass org/springframework/aot/hint/RuntimeHints
instanceKlass org/springframework/aot/hint/annotation/ReflectiveRuntimeHintsRegistrar
instanceKlass showdomilhao/model/Help
instanceKlass showdomilhao/model/Answer
instanceKlass showdomilhao/service/ReadApi
instanceKlass org/springframework/web/servlet/SmartView
instanceKlass showdomilhao/model/Participant
instanceKlass org/springframework/beans/factory/SmartFactoryBean
instanceKlass org/springframework/data/domain/Sort$Order
instanceKlass org/springframework/data/repository/core/support/RepositoryFactorySupport$ImplementationMethodExecutionInterceptor
instanceKlass org/springframework/data/repository/core/support/QueryExecutionResultHandler
instanceKlass org/springframework/data/repository/core/support/RepositoryMethodInvoker
instanceKlass org/springframework/data/repository/core/support/QueryExecutorMethodInterceptor
instanceKlass org/springframework/data/mongodb/repository/support/CachingExpressionParser
instanceKlass org/springframework/data/repository/query/RepositoryQuery
instanceKlass org/springframework/data/mongodb/repository/support/MongoRepositoryFactory$MongoQueryLookupStrategy
instanceKlass org/springframework/data/repository/query/QueryLookupStrategy
instanceKlass org/springframework/data/util/AnnotationDetectionMethodCallback
instanceKlass org/springframework/data/domain/DomainEvents
instanceKlass org/springframework/data/repository/core/support/EventPublishingRepositoryProxyPostProcessor$EventPublishingMethod
instanceKlass org/springframework/aop/DynamicIntroductionAdvice
instanceKlass org/springframework/data/mongodb/repository/support/CrudMethodMetadataPostProcessor$CrudMethodMetadataPopulatingMethodInterceptor
instanceKlass org/springframework/aop/TruePointcut
instanceKlass org/springframework/aop/interceptor/ExposeInvocationInterceptor
instanceKlass java/lang/Package$1PackageInfoProxy
instanceKlass org/springframework/lang/NonNullApi
instanceKlass org/springframework/data/util/NullableUtils
instanceKlass org/springframework/data/repository/core/support/MethodInvocationValidator
instanceKlass org/springframework/transaction/interceptor/TransactionalProxy
instanceKlass org/springframework/aop/target/SingletonTargetSource
instanceKlass org/springframework/data/annotation/QueryAnnotation
instanceKlass org/springframework/data/repository/query/ReactiveQueryByExampleExecutor
instanceKlass org/springframework/data/querydsl/ReactiveQuerydslPredicateExecutor
instanceKlass org/springframework/data/querydsl/QuerydslPredicateExecutor
instanceKlass org/springframework/data/repository/core/support/RepositoryFactorySupport$RepositoryValidator
instanceKlass org/springframework/data/repository/core/support/RepositoryFragment$ImplementedRepositoryFragment
instanceKlass org/springframework/aop/framework/JdkDynamicAopProxy$ProxiedInterfacesCache
instanceKlass org/aopalliance/intercept/MethodInvocation
instanceKlass org/aopalliance/intercept/Invocation
instanceKlass org/aopalliance/intercept/Joinpoint
instanceKlass org/springframework/aop/framework/JdkDynamicAopProxy
instanceKlass org/springframework/data/mongodb/repository/support/CrudMethodMetadataPostProcessor$ThreadBoundTargetSource
instanceKlass org/springframework/data/mongodb/repository/support/CrudMethodMetadata
instanceKlass org/springframework/aop/framework/AopProxy
instanceKlass org/springframework/aop/framework/DefaultAopProxyFactory
instanceKlass org/springframework/aop/framework/DefaultAdvisorChainFactory
instanceKlass org/springframework/aop/target/EmptyTargetSource
instanceKlass org/springframework/aop/framework/AopProxyFactory
instanceKlass org/springframework/aop/framework/AdvisorChainFactory
instanceKlass org/springframework/data/repository/core/support/PersistentEntityInformation
instanceKlass org/springframework/data/mongodb/repository/query/MongoEntityInformation
instanceKlass org/springframework/data/mongodb/repository/support/MongoEntityInformationSupport
instanceKlass org/springframework/data/repository/core/support/RepositoryFragment$StructuralRepositoryFragment
instanceKlass org/springframework/data/repository/core/RepositoryInformationSupport$DefaultQueryMethods
instanceKlass org/springframework/data/repository/core/RepositoryInformationSupport
instanceKlass org/springframework/data/mongodb/repository/support/SimpleMongoRepository
instanceKlass org/springframework/util/ConcurrentReferenceHashMap$EntryIterator
instanceKlass org/springframework/data/repository/core/support/RepositoryFactorySupport$RepositoryInformationCacheKey
instanceKlass org/springframework/data/repository/core/support/MethodLookups$RepositoryAwareMethodLookup
instanceKlass org/springframework/data/repository/core/support/MethodLookups
instanceKlass org/springframework/beans/factory/config/NamedBeanHolder
instanceKlass org/springframework/beans/factory/NamedBean
instanceKlass org/springframework/data/repository/core/support/EventPublishingRepositoryProxyPostProcessor
instanceKlass org/springframework/data/mongodb/repository/support/CrudMethodMetadataPostProcessor
instanceKlass org/springframework/data/repository/core/support/RepositoryFactorySupport$QueryCollectingQueryCreationListener
instanceKlass org/springframework/data/repository/util/QueryExecutionConverters$IterableToStreamableConverter
instanceKlass org/springframework/util/concurrent/SuccessCallback
instanceKlass org/springframework/util/concurrent/FailureCallback
instanceKlass org/springframework/scheduling/annotation/AsyncResult
instanceKlass java/util/concurrent/ForkJoinTask
instanceKlass java/util/concurrent/CompletableFuture$AsynchronousCompletionTask
instanceKlass java/util/concurrent/CompletableFuture$AltResult
instanceKlass org/springframework/data/repository/util/QueryExecutionConverters$AbstractWrapperTypeConverter
instanceKlass java/util/concurrent/CompletableFuture
instanceKlass java/util/concurrent/CompletionStage
instanceKlass org/springframework/util/concurrent/ListenableFuture
instanceKlass org/springframework/data/repository/util/QueryExecutionConverters$WrapperType
instanceKlass org/springframework/data/repository/util/QueryExecutionConverters
instanceKlass org/springframework/data/repository/query/ExtensionAwareQueryMethodEvaluationContextProvider
instanceKlass org/springframework/data/mongodb/core/index/MongoPersistentEntityIndexCreator
instanceKlass org/springframework/data/mongodb/core/aggregation/AggregationOperation
instanceKlass com/mongodb/client/model/DeleteOptions
instanceKlass com/mongodb/client/FindIterable
instanceKlass com/mongodb/client/model/UpdateOptions
instanceKlass org/springframework/data/mongodb/core/mapreduce/MapReduceResults
instanceKlass org/springframework/data/mongodb/core/mapreduce/MapReduceOptions
instanceKlass org/springframework/data/mongodb/core/FindAndModifyOptions
instanceKlass com/mongodb/client/model/Collation
instanceKlass org/springframework/data/geo/GeoResults
instanceKlass org/springframework/data/mongodb/core/query/NearQuery
instanceKlass org/springframework/data/domain/Window
instanceKlass org/springframework/data/mongodb/core/ExecutableAggregationOperation$ExecutableAggregation
instanceKlass org/springframework/data/mongodb/core/ExecutableAggregationOperation$AggregationWithAggregation
instanceKlass org/springframework/data/mongodb/core/ExecutableAggregationOperation$AggregationWithCollection
instanceKlass org/springframework/data/mongodb/core/DocumentCallbackHandler
instanceKlass org/springframework/data/mongodb/core/aggregation/AggregationPipeline
instanceKlass org/springframework/data/mongodb/core/ViewOptions
instanceKlass org/springframework/data/mongodb/core/QueryOperations$AggregationDefinition
instanceKlass org/springframework/data/mongodb/core/CollectionPreparerSupport
instanceKlass com/mongodb/client/DistinctIterable
instanceKlass com/mongodb/client/model/EstimatedDocumentCountOptions
instanceKlass com/mongodb/client/model/CreateViewOptions
instanceKlass org/springframework/data/mongodb/core/CollectionOptions$ValidationOptions
instanceKlass com/mongodb/client/model/CreateCollectionOptions
instanceKlass com/mongodb/client/model/ReplaceOptions
instanceKlass org/springframework/data/mongodb/core/CollectionOptions$CollectionChangeStreamOptions
instanceKlass org/springframework/data/mongodb/core/CollectionOptions$TimeSeriesOptions
instanceKlass org/springframework/data/mongodb/core/MongoAction
instanceKlass org/springframework/data/mongodb/core/MappedDocument
instanceKlass org/springframework/data/mongodb/core/MongoTemplate$ReadDocumentCallback
instanceKlass org/springframework/data/mongodb/core/aggregation/AggregationOptions
instanceKlass org/springframework/data/mongodb/core/query/Collation
instanceKlass org/springframework/data/mongodb/core/validation/Validator
instanceKlass org/springframework/data/mongodb/core/query/UpdateDefinition
instanceKlass org/springframework/data/mongodb/core/aggregation/AggregationResults
instanceKlass org/springframework/data/mongodb/core/CollectionOptions
instanceKlass com/mongodb/client/MongoCollection
instanceKlass org/springframework/data/mongodb/core/ExecutableFindOperation$ExecutableFind
instanceKlass org/springframework/data/mongodb/core/ExecutableFindOperation$FindWithProjection
instanceKlass org/springframework/data/mongodb/core/ExecutableFindOperation$FindDistinct
instanceKlass org/springframework/data/mongodb/core/ExecutableFindOperation$FindWithCollection
instanceKlass org/springframework/data/mongodb/core/ExecutableFindOperation$FindWithQuery
instanceKlass org/springframework/data/mongodb/core/ExecutableFindOperation$TerminatingFind
instanceKlass org/springframework/data/mongodb/core/DbCallback
instanceKlass org/springframework/data/mongodb/core/QueryOperations$QueryContext
instanceKlass com/mongodb/client/result/UpdateResult
instanceKlass org/springframework/data/mongodb/core/ReplaceOptions
instanceKlass org/springframework/data/mongodb/core/ExecutableInsertOperation$ExecutableInsert
instanceKlass org/springframework/data/mongodb/core/ExecutableInsertOperation$InsertWithBulkMode
instanceKlass org/springframework/data/mongodb/core/ExecutableInsertOperation$InsertWithCollection
instanceKlass org/springframework/data/mongodb/core/ExecutableInsertOperation$TerminatingInsert
instanceKlass org/springframework/data/mongodb/core/ExecutableInsertOperation$TerminatingBulkInsert
instanceKlass org/springframework/data/mongodb/core/ExecutableUpdateOperation$ExecutableUpdate
instanceKlass org/springframework/data/mongodb/core/ExecutableUpdateOperation$UpdateWithQuery
instanceKlass org/springframework/data/mongodb/core/ExecutableUpdateOperation$UpdateWithUpdate
instanceKlass org/springframework/data/mongodb/core/ExecutableUpdateOperation$UpdateWithCollection
instanceKlass org/springframework/data/mongodb/core/ExecutableRemoveOperation$ExecutableRemove
instanceKlass org/springframework/data/mongodb/core/ExecutableRemoveOperation$RemoveWithCollection
instanceKlass org/springframework/data/mongodb/core/ExecutableRemoveOperation$RemoveWithQuery
instanceKlass org/springframework/data/mongodb/core/ExecutableRemoveOperation$TerminatingRemove
instanceKlass com/mongodb/client/result/DeleteResult
instanceKlass org/springframework/data/mongodb/core/EntityLifecycleEventDelegate
instanceKlass org/springframework/data/mongodb/core/AggregationUtil
instanceKlass org/springframework/data/mongodb/core/QueryOperations
instanceKlass org/springframework/data/mongodb/core/PropertyOperations
instanceKlass org/springframework/data/projection/EntityProjectionIntrospector
instanceKlass org/springframework/data/projection/EntityProjectionIntrospector$ProjectionPredicate
instanceKlass org/springframework/data/mongodb/core/EntityOperations$AdaptibleEntity
instanceKlass org/springframework/data/mongodb/core/EntityOperations$Entity
instanceKlass org/springframework/data/mongodb/core/query/CriteriaDefinition
instanceKlass org/springframework/data/mongodb/core/EntityOperations$TypedOperations
instanceKlass org/springframework/data/mongodb/core/EntityOperations
instanceKlass com/mongodb/client/model/CountOptions
instanceKlass org/springframework/data/mongodb/core/MongoTemplate$CountExecution
instanceKlass org/springframework/data/mongodb/core/ExecutableMapReduceOperation$ExecutableMapReduce
instanceKlass org/springframework/data/mongodb/core/ExecutableMapReduceOperation$MapReduceWithOptions
instanceKlass org/springframework/data/mongodb/core/ExecutableMapReduceOperation$MapReduceWithProjection
instanceKlass org/springframework/data/mongodb/core/ExecutableMapReduceOperation$MapReduceWithCollection
instanceKlass org/springframework/data/mongodb/core/ExecutableMapReduceOperation$MapReduceWithQuery
instanceKlass org/springframework/data/mongodb/core/ExecutableMapReduceOperation$TerminatingMapReduce
instanceKlass org/springframework/data/mongodb/core/ExecutableMapReduceOperation$MapReduceWithReduceFunction
instanceKlass org/springframework/data/mongodb/core/ExecutableMapReduceOperation$MapReduceWithMapFunction
instanceKlass org/springframework/data/mongodb/core/BulkOperations
instanceKlass org/springframework/data/mongodb/core/query/Query
instanceKlass org/springframework/data/mongodb/core/ReadConcernAware
instanceKlass org/springframework/data/mongodb/core/ScriptOperations
instanceKlass org/springframework/data/mongodb/core/aggregation/Aggregation
instanceKlass org/springframework/data/mongodb/core/MongoTemplate$DocumentCallback
instanceKlass org/springframework/data/mongodb/core/CursorPreparer
instanceKlass org/springframework/data/mongodb/core/CollectionCallback
instanceKlass org/springframework/data/mongodb/core/CollectionPreparer
instanceKlass org/springframework/data/mongodb/core/WriteConcernResolver
instanceKlass org/springframework/data/mongodb/core/SessionScoped
instanceKlass java/io/ObjectOutput
instanceKlass org/springframework/data/mapping/callback/EntityCallback
instanceKlass org/springframework/data/mapping/callback/EntityCallbackDiscoverer$CallbackRetriever
instanceKlass org/springframework/data/mapping/callback/EntityCallbackDiscoverer
instanceKlass org/springframework/data/mapping/callback/DefaultEntityCallbacks$SimpleEntityCallbackInvoker
instanceKlass org/springframework/data/mapping/callback/EntityCallbackInvoker
instanceKlass org/springframework/data/mapping/callback/DefaultEntityCallbacks
instanceKlass org/springframework/data/mapping/callback/EntityCallbacks
instanceKlass org/springframework/data/mongodb/core/mapping/DocumentPointer
instanceKlass org/springframework/data/projection/EntityProjection
instanceKlass org/springframework/data/mongodb/core/convert/MappingMongoConverter$MongoDbPropertyValueProvider
instanceKlass org/springframework/data/mongodb/core/convert/DocumentPointerFactory
instanceKlass org/springframework/data/mongodb/util/json/ParameterBindingDocumentCodec$1
instanceKlass org/springframework/data/mongodb/util/json/ParameterBindingDocumentCodec
instanceKlass org/springframework/data/mongodb/core/convert/ReferenceLookupDelegate
instanceKlass org/springframework/data/mongodb/core/convert/ObjectPath
instanceKlass org/springframework/data/mongodb/core/convert/ValueResolver
instanceKlass org/springframework/data/mongodb/core/convert/DefaultDbRefProxyHandler
instanceKlass org/springframework/data/mapping/model/SpELContext
instanceKlass org/springframework/data/mongodb/core/convert/MongoJsonSchemaMapper
instanceKlass org/springframework/data/mongodb/core/convert/JsonSchemaMapper
instanceKlass org/springframework/data/mongodb/core/convert/MongoExampleMapper
instanceKlass org/springframework/data/mongodb/core/convert/MappingMongoConverter$NestedDocument
instanceKlass org/springframework/data/mongodb/core/convert/QueryMapper$Field
instanceKlass org/springframework/data/mongodb/core/aggregation/AggregationOperationContext
instanceKlass org/springframework/data/mongodb/core/convert/QueryMapper
instanceKlass org/springframework/data/annotation/TypeAlias
instanceKlass org/springframework/data/convert/MappingContextTypeInformationMapper
instanceKlass org/springframework/data/convert/SimpleTypeInformationMapper
instanceKlass org/springframework/data/convert/TypeInformationMapper
instanceKlass org/springframework/data/mongodb/core/convert/DefaultMongoTypeMapper$DocumentTypeAliasAccessor
instanceKlass org/springframework/data/convert/TypeAliasAccessor
instanceKlass org/springframework/data/convert/DefaultTypeMapper
instanceKlass org/springframework/data/mapping/model/ValueExpressionEvaluator
instanceKlass org/springframework/data/mapping/model/CachingValueExpressionEvaluatorFactory
instanceKlass org/springframework/data/expression/ValueEvaluationContextProvider
instanceKlass org/springframework/data/convert/ValueConversionContext
instanceKlass org/springframework/data/mongodb/core/convert/DbRefResolverCallback
instanceKlass org/springframework/data/mapping/model/PropertyValueProvider
instanceKlass org/springframework/data/mongodb/core/convert/MappingMongoConverter$ConversionContext
instanceKlass org/springframework/data/mongodb/core/convert/DocumentAccessor
instanceKlass org/springframework/data/mongodb/core/convert/DbRefProxyHandler
instanceKlass org/springframework/data/mapping/model/ParameterValueProvider
instanceKlass org/springframework/data/mongodb/core/convert/MongoTypeMapper
instanceKlass org/springframework/data/convert/TypeMapper
instanceKlass org/springframework/data/mongodb/core/convert/LazyLoadingProxyFactory
instanceKlass org/springframework/data/mongodb/core/convert/ReferenceResolver$ReferenceCollection
instanceKlass org/springframework/data/mongodb/core/convert/ReferenceLoader$DocumentReferenceQuery
instanceKlass org/springframework/data/mongodb/core/convert/ReferenceLookupDelegate$LookupFunction
instanceKlass org/springframework/data/mongodb/core/convert/MongoDatabaseFactoryReferenceLoader
instanceKlass org/springframework/data/mongodb/core/convert/ReferenceLoader
instanceKlass org/springframework/data/mongodb/core/convert/DefaultReferenceResolver
instanceKlass org/springframework/boot/util/Instantiator$AvailableParameters
instanceKlass org/springframework/data/mapping/SimpleAssociationHandler
instanceKlass org/springframework/data/mapping/SimplePropertyHandler
instanceKlass org/springframework/data/mongodb/core/mapping/Language
instanceKlass org/springframework/data/mongodb/core/mapping/TextScore
instanceKlass org/springframework/data/mongodb/core/mapping/BasicMongoPersistentEntity$PropertyTypeAssertionHandler
instanceKlass org/springframework/data/mongodb/core/mapping/BasicMongoPersistentEntity$AssertFieldNameUniquenessHandler
instanceKlass org/springframework/data/mongodb/core/mapping/Field
instanceKlass org/springframework/data/mongodb/core/mapping/MongoField$MongoFieldBuilder
instanceKlass org/springframework/data/annotation/Version
instanceKlass org/springframework/data/annotation/Reference
instanceKlass org/springframework/data/annotation/Transient
instanceKlass org/springframework/data/annotation/Id
instanceKlass org/springframework/data/mongodb/core/mapping/DocumentReference
instanceKlass org/springframework/data/mongodb/core/mapping/MongoField
instanceKlass org/springframework/data/mongodb/core/mapping/DBRef
instanceKlass org/springframework/data/mapping/Association
instanceKlass org/springframework/data/mapping/model/AbstractPersistentProperty
instanceKlass org/springframework/data/mapping/context/AbstractMappingContext$PersistentPropertyFilter$PropertyMatch
instanceKlass org/springframework/data/mapping/context/AbstractMappingContext$PersistentPropertyCreator
instanceKlass org/springframework/data/util/CustomCollections$SearchableTypes
instanceKlass org/springframework/data/util/CustomCollections$EclipseCollections
instanceKlass org/springframework/data/util/CustomCollections$VavrCollections
instanceKlass org/springframework/data/util/CustomCollectionRegistrar
instanceKlass org/springframework/data/util/CustomCollections
instanceKlass org/springframework/data/mongodb/core/mapping/ShardKey
instanceKlass org/springframework/data/mongodb/core/mapping/Sharded
instanceKlass org/springframework/data/mongodb/MongoCollectionUtils
instanceKlass org/springframework/data/mapping/Alias
instanceKlass org/springframework/data/mapping/model/BasicPersistentEntity$AssociationComparator
instanceKlass org/springframework/data/mapping/Parameter
instanceKlass org/springframework/data/mapping/InstanceCreatorMetadataSupport
instanceKlass org/springframework/data/mapping/model/PreferredConstructorDiscoverer
instanceKlass org/springframework/data/annotation/PersistenceCreator
instanceKlass org/springframework/data/mapping/model/InstanceCreatorMetadataDiscoverer
instanceKlass org/springframework/expression/ParserContext$1
instanceKlass org/springframework/data/expression/ValueExpression
instanceKlass org/springframework/data/expression/DefaultValueExpressionParser
instanceKlass org/springframework/data/expression/ValueExpressionParser
instanceKlass org/springframework/data/expression/ValueParserConfiguration
instanceKlass org/springframework/data/mapping/AssociationHandler
instanceKlass org/springframework/data/mapping/PropertyHandler
instanceKlass org/springframework/data/mapping/PersistentPropertyPathAccessor
instanceKlass org/springframework/data/mapping/IdentifierAccessor
instanceKlass org/springframework/data/support/IsNewStrategy
instanceKlass org/springframework/data/util/ProxyUtils$ProxyDetector
instanceKlass org/springframework/data/util/ProxyUtils
instanceKlass org/springframework/expression/MethodResolver
instanceKlass org/springframework/data/spel/ExtensionAwareEvaluationContextProvider
instanceKlass org/springframework/data/mapping/PersistentPropertyPaths
instanceKlass org/springframework/data/mapping/PropertyPath
instanceKlass org/springframework/data/mapping/model/BasicPersistentEntity
instanceKlass org/springframework/data/mapping/model/Property
instanceKlass org/springframework/data/mapping/model/InstantiationAwarePropertyAccessorFactory
instanceKlass org/springframework/data/mapping/PersistentPropertyAccessor
instanceKlass org/springframework/data/mapping/model/ClassGeneratingPropertyAccessorFactory
instanceKlass org/springframework/data/mapping/model/ClassGeneratingEntityInstantiator$ObjectInstantiator
instanceKlass org/springframework/data/mapping/model/ClassGeneratingEntityInstantiator$ObjectInstantiatorClassGenerator
instanceKlass org/springframework/data/mapping/InstanceCreatorMetadata
instanceKlass org/springframework/data/mapping/model/ClassGeneratingEntityInstantiator
instanceKlass org/springframework/data/mapping/model/EntityInstantiator
instanceKlass org/springframework/data/mapping/model/EntityInstantiators
instanceKlass org/springframework/data/mapping/PersistentPropertyPath
instanceKlass org/springframework/data/mapping/context/PersistentPropertyPathFactory
instanceKlass org/springframework/data/mongodb/core/mapping/MongoPersistentProperty
instanceKlass org/springframework/data/mongodb/core/mapping/MongoPersistentEntity
instanceKlass org/springframework/data/mapping/model/MutablePersistentEntity
instanceKlass org/springframework/data/mapping/model/FieldNamingStrategy
instanceKlass org/springframework/data/spel/EvaluationContextProvider
instanceKlass org/springframework/data/mapping/model/PersistentPropertyAccessorFactory
instanceKlass org/springframework/boot/autoconfigure/domain/EntityScanPackages
instanceKlass org/springframework/boot/autoconfigure/domain/EntityScanner
instanceKlass org/springframework/data/mapping/PersistentProperty
instanceKlass java/util/WeakHashMap$HashIterator
instanceKlass org/springframework/data/mongodb/core/query/GeoCommand
instanceKlass org/springframework/data/mongodb/core/geo/Sphere
instanceKlass org/springframework/data/geo/Circle
instanceKlass org/springframework/data/geo/Box
instanceKlass org/springframework/data/util/Optionals
instanceKlass org/springframework/data/convert/DefaultConverterBuilder$ConfigurableGenericConverter
instanceKlass org/springframework/data/mongodb/core/script/NamedMongoScript
instanceKlass org/springframework/data/mongodb/core/query/Term
instanceKlass org/springframework/data/convert/ReadingConverter
instanceKlass org/springframework/data/convert/WritingConverter
instanceKlass org/springframework/data/convert/CustomConversions$ConverterRegistration
instanceKlass org/springframework/data/convert/CustomConversions$ConverterRegistrationIntent
instanceKlass org/springframework/data/convert/CustomConversions$ConversionTargetsCache
instanceKlass org/springframework/data/convert/CustomConversions$ConverterConfiguration
instanceKlass org/springframework/data/convert/PropertyValueConverterFactories$CachingPropertyValueConverterFactory$Cache
instanceKlass org/springframework/data/convert/PropertyValueConverterFactories$CachingPropertyValueConverterFactory
instanceKlass org/springframework/data/convert/PropertyValueConverterFactories$SimplePropertyConverterFactory
instanceKlass org/springframework/data/convert/PropertyValueConverterFactory
instanceKlass org/springframework/data/convert/SimplePropertyValueConverterRegistry
instanceKlass org/springframework/data/convert/ValueConverterRegistry
instanceKlass org/springframework/data/convert/SimplePropertyValueConversions
instanceKlass org/springframework/data/convert/PropertyValueConversions
instanceKlass org/springframework/data/convert/PropertyValueConverterRegistrar
instanceKlass org/springframework/data/mongodb/core/convert/MongoCustomConversions$MongoConverterConfigurationAdapter
instanceKlass org/springframework/data/convert/CustomConversions$StoreConversions
instanceKlass com/mongodb/client/model/geojson/Geometry
instanceKlass org/springframework/data/mapping/model/SimpleTypeHolder
instanceKlass org/springframework/data/mongodb/core/mapping/MongoSimpleTypes
instanceKlass org/springframework/data/geo/Metric
instanceKlass org/springframework/data/mongodb/core/geo/GeoJsonGeometryCollection
instanceKlass org/springframework/data/mongodb/core/geo/GeoJsonMultiPolygon
instanceKlass org/springframework/data/geo/Polygon
instanceKlass org/springframework/data/geo/Shape
instanceKlass org/springframework/data/mongodb/core/geo/GeoJsonMultiLineString
instanceKlass org/springframework/data/mongodb/core/geo/GeoJsonMultiPoint
instanceKlass jdk/internal/icu/text/ReplaceableString
instanceKlass jdk/internal/icu/text/Replaceable
instanceKlass jdk/internal/icu/text/UCharacterIterator
instanceKlass jdk/internal/icu/text/NormalizerBase
instanceKlass jdk/internal/icu/text/NormalizerBase$Mode
instanceKlass sun/text/CollatorUtilities
instanceKlass java/text/CollationElementIterator
instanceKlass org/springframework/data/geo/Point
instanceKlass org/springframework/data/mongodb/core/geo/GeoJson
instanceKlass com/mongodb/Function
instanceKlass sun/text/ComposedCharIter
instanceKlass java/text/EntryPair
instanceKlass java/text/PatternEntry
instanceKlass java/text/PatternEntry$Parser
instanceKlass java/text/MergeCollation
instanceKlass jdk/internal/icu/lang/UCharacter
instanceKlass jdk/internal/icu/text/UTF16
instanceKlass jdk/internal/icu/impl/NormalizerImpl$UTF16Plus
instanceKlass jdk/internal/icu/util/CodePointTrie$Data
instanceKlass jdk/internal/icu/util/CodePointTrie$1
instanceKlass jdk/internal/icu/util/CodePointMap
instanceKlass jdk/internal/icu/util/VersionInfo
instanceKlass jdk/internal/icu/impl/ICUBinary$1
instanceKlass jdk/internal/icu/impl/ICUBinary
instanceKlass jdk/internal/icu/impl/Norm2AllModes$Norm2AllModesSingleton
instanceKlass jdk/internal/icu/impl/Norm2AllModes$NFCSingleton
instanceKlass jdk/internal/icu/impl/Norm2AllModes
instanceKlass jdk/internal/icu/text/Normalizer2
instanceKlass jdk/internal/icu/impl/NormalizerImpl$IsAcceptable
instanceKlass jdk/internal/icu/impl/ICUBinary$Authenticate
instanceKlass jdk/internal/icu/impl/NormalizerImpl
instanceKlass sun/text/UCompactIntArray
instanceKlass sun/text/IntHashtable
instanceKlass java/text/RBCollationTables$BuildAPI
instanceKlass java/text/RBTableBuilder
instanceKlass java/text/RBCollationTables
instanceKlass sun/util/resources/LocaleData$LocaleDataResourceBundleProvider
instanceKlass java/util/spi/ResourceBundleProvider
instanceKlass java/text/Collator
instanceKlass org/springframework/data/mongodb/core/convert/GeoConverters
instanceKlass com/mongodb/internal/connection/BsonWriterHelper
instanceKlass org/springframework/data/convert/ConverterBuilder$ConverterAware
instanceKlass org/springframework/data/convert/ConverterBuilder$WritingConverterBuilder
instanceKlass org/springframework/data/convert/ConverterBuilder$WritingConverterAware
instanceKlass org/springframework/data/convert/ConverterBuilder$ReadingConverterBuilder
instanceKlass org/springframework/data/convert/ConverterBuilder$ReadingConverterAware
instanceKlass com/mongodb/internal/connection/BsonWriterDecorator
instanceKlass org/springframework/data/convert/ConverterBuilder
instanceKlass com/mongodb/event/ServerHeartbeatStartedEvent
instanceKlass com/mongodb/event/ServerDescriptionChangedEvent
instanceKlass com/mongodb/event/ConnectionPoolReadyEvent
instanceKlass com/mongodb/internal/connection/ServerTypeHelper$1
instanceKlass com/mongodb/internal/connection/ServerTypeHelper
instanceKlass org/bson/codecs/ObjectIdGenerator
instanceKlass java/util/function/LongBinaryOperator
instanceKlass com/mongodb/internal/connection/InternalConnectionInitializationDescription
instanceKlass com/mongodb/Tag
instanceKlass org/bson/codecs/CodeWithScopeCodec
instanceKlass com/mongodb/internal/connection/DescriptionHelper
instanceKlass org/bson/codecs/AbstractCollectionCodec
instanceKlass com/mongodb/internal/connection/ReplyMessage
instanceKlass org/bson/codecs/DocumentCodec
instanceKlass org/bson/BsonElement
instanceKlass com/mongodb/DBObject
instanceKlass com/mongodb/DBRef
instanceKlass org/bson/AbstractBsonReader$1
instanceKlass org/bson/codecs/configuration/MapOfCodecsProvider
instanceKlass org/bson/codecs/DecoderContext$Builder
instanceKlass org/bson/codecs/DecoderContext
instanceKlass org/bson/BsonBinaryReader$1
instanceKlass org/springframework/data/mongodb/core/convert/MongoConverters$DocumentToStringConverter$1
instanceKlass org/bson/io/BsonInputMark
instanceKlass org/bson/io/ByteBufferBsonInput
instanceKlass org/bson/BsonReaderMark
instanceKlass org/bson/AbstractBsonReader$Context
instanceKlass org/bson/AbstractBsonReader
instanceKlass org/springframework/data/mongodb/core/convert/MongoConverters
instanceKlass org/springframework/data/convert/JMoleculesConverters
instanceKlass com/mongodb/internal/connection/ProtocolHelper
instanceKlass com/mongodb/internal/connection/ReplyHeader
instanceKlass com/mongodb/internal/connection/ResponseBuffers
instanceKlass com/mongodb/internal/connection/MessageHeader
instanceKlass com/mongodb/internal/ResourceUtil
instanceKlass com/mongodb/internal/connection/NoOpCommandEventSender
instanceKlass com/mongodb/internal/connection/RequestMessage$EncodingMetadata
instanceKlass org/springframework/data/mongodb/core/MongoExceptionTranslator
instanceKlass com/mongodb/internal/connection/ByteBufferBsonOutput$BufferPositionPair
instanceKlass com/mongodb/internal/connection/PowerOfTwoBufferPool$IdleTrackingByteBuffer
instanceKlass org/bson/ByteBufNIO
instanceKlass com/mongodb/ClientSessionOptions
instanceKlass com/mongodb/internal/connection/OperationContext
instanceKlass com/mongodb/internal/IgnorableRequestContext
instanceKlass org/bson/json/StrictCharacterStreamJsonWriter$StrictJsonContext
instanceKlass com/mongodb/internal/connection/NoOpSessionContext
instanceKlass org/bson/json/StrictCharacterStreamJsonWriterSettings$Builder
instanceKlass org/bson/json/StrictCharacterStreamJsonWriterSettings
instanceKlass com/mongodb/internal/connection/MessageSettings$Builder
instanceKlass org/bson/json/StrictCharacterStreamJsonWriter
instanceKlass com/mongodb/internal/connection/MessageSettings
instanceKlass com/mongodb/internal/validator/NoOpFieldNameValidator
instanceKlass org/bson/json/StrictJsonWriter
instanceKlass com/mongodb/internal/connection/RequestMessage
instanceKlass org/bson/json/JsonJavaScriptConverter
instanceKlass org/bson/json/JsonWriterSettings$Builder
instanceKlass org/bson/json/ShellRegularExpressionConverter
instanceKlass org/bson/json/LegacyExtendedJsonRegularExpressionConverter
instanceKlass sun/net/NetHooks
instanceKlass org/bson/json/ExtendedJsonRegularExpressionConverter
instanceKlass sun/net/spi/DefaultProxySelector$3
instanceKlass sun/net/spi/DefaultProxySelector$NonProxyInfo
instanceKlass org/bson/json/ShellTimestampConverter
instanceKlass sun/net/spi/DefaultProxySelector$1
instanceKlass java/net/Proxy
instanceKlass org/bson/json/ExtendedJsonTimestampConverter
instanceKlass java/net/ProxySelector
instanceKlass org/bson/json/ShellObjectIdConverter
instanceKlass java/net/SocksSocketImpl$3
instanceKlass org/bson/json/ExtendedJsonObjectIdConverter
instanceKlass com/mongodb/internal/connection/SslHelper
instanceKlass org/bson/json/ShellDecimal128Converter
instanceKlass org/bson/json/ExtendedJsonDecimal128Converter
instanceKlass sun/nio/ch/ExtendedSocketOption$1
instanceKlass sun/nio/ch/ExtendedSocketOption
instanceKlass org/bson/json/ShellInt64Converter
instanceKlass sun/nio/ch/OptionKey
instanceKlass sun/nio/ch/SocketOptionRegistry$LazyInitialization
instanceKlass sun/nio/ch/SocketOptionRegistry$RegistryKey
instanceKlass org/bson/json/RelaxedExtendedJsonInt64Converter
instanceKlass sun/nio/ch/SocketOptionRegistry
instanceKlass java/net/StandardSocketOptions$StdSocketOption
instanceKlass java/net/StandardSocketOptions
instanceKlass org/bson/json/ExtendedJsonInt64Converter
instanceKlass org/bson/json/ShellBinaryConverter
instanceKlass sun/nio/ch/Net$1
instanceKlass org/bson/json/LegacyExtendedJsonBinaryConverter
instanceKlass sun/nio/ch/Net
instanceKlass org/bson/json/ExtendedJsonBinaryConverter
instanceKlass sun/net/ext/ExtendedSocketOptions
instanceKlass org/bson/json/ShellDateTimeConverter
instanceKlass jdk/net/ExtendedSocketOptions$PlatformSocketOptions$1
instanceKlass org/bson/json/RelaxedExtendedJsonDateTimeConverter
instanceKlass jdk/net/ExtendedSocketOptions$PlatformSocketOptions
instanceKlass jdk/net/ExtendedSocketOptions$ExtSocketOption
instanceKlass jdk/net/ExtendedSocketOptions
instanceKlass org/bson/json/ExtendedJsonDateTimeConverter
instanceKlass java/net/SocketImplFactory
instanceKlass org/bson/json/LegacyExtendedJsonDateTimeConverter
instanceKlass com/mongodb/internal/connection/SocketStreamHelper
instanceKlass org/bson/json/ShellUndefinedConverter
instanceKlass org/bson/json/ExtendedJsonUndefinedConverter
instanceKlass java/net/SocksConsts
instanceKlass org/bson/json/ShellMaxKeyConverter
instanceKlass org/bson/json/ExtendedJsonMaxKeyConverter
instanceKlass org/bson/json/ShellMinKeyConverter
instanceKlass sun/net/PlatformSocketImpl
instanceKlass org/bson/json/ExtendedJsonMinKeyConverter
instanceKlass org/bson/json/JsonSymbolConverter
instanceKlass org/bson/json/ExtendedJsonInt32Converter
instanceKlass org/bson/json/JsonInt32Converter
instanceKlass org/bson/json/RelaxedExtendedJsonDoubleConverter
instanceKlass sun/net/NetProperties$1
instanceKlass sun/net/NetProperties
instanceKlass org/bson/json/ExtendedJsonDoubleConverter
instanceKlass java/net/SocketImpl
instanceKlass java/net/SocketOptions
instanceKlass org/bson/json/JsonDoubleConverter
instanceKlass java/net/InetSocketAddress$InetSocketAddressHolder
instanceKlass org/bson/json/JsonBooleanConverter
instanceKlass org/bson/json/JsonStringConverter
instanceKlass org/bson/json/JsonNullConverter
instanceKlass org/bson/json/Converter
instanceKlass com/mongodb/internal/connection/SocketStream
instanceKlass com/mongodb/internal/binding/ClusterAwareReadWriteBinding
instanceKlass com/mongodb/internal/binding/ReadWriteBinding
instanceKlass com/mongodb/connection/ConnectionId
instanceKlass com/mongodb/internal/binding/WriteBinding
instanceKlass com/mongodb/internal/binding/ReadBinding
instanceKlass com/mongodb/connection/ConnectionDescription
instanceKlass com/mongodb/client/internal/MongoClientDelegate$DelegateOperationExecutor
instanceKlass com/mongodb/internal/connection/InternalStreamConnectionInitializer
instanceKlass com/mongodb/internal/session/ServerSessionPool$Clock
instanceKlass com/mongodb/internal/binding/BindingContext
instanceKlass com/mongodb/RequestContext
instanceKlass com/mongodb/session/ServerSession
instanceKlass com/mongodb/internal/session/ServerSessionPool
instanceKlass com/mongodb/internal/connection/CommandHelper
instanceKlass org/bson/codecs/configuration/OverridableUuidRepresentationCodecProvider
instanceKlass com/mongodb/client/ClientSession
instanceKlass com/mongodb/session/ClientSession
instanceKlass com/mongodb/internal/connection/CommandEventSender
instanceKlass com/mongodb/client/internal/OperationExecutor
instanceKlass com/mongodb/client/internal/MongoClientDelegate
instanceKlass com/mongodb/event/ClusterDescriptionChangedEvent
instanceKlass com/mongodb/internal/connection/Compressor
instanceKlass com/mongodb/internal/connection/EventHelper
instanceKlass com/mongodb/internal/async/SingleResultCallback
instanceKlass org/bson/io/BsonInput
instanceKlass com/mongodb/connection/AsyncCompletionHandler
instanceKlass com/mongodb/event/ServerOpeningEvent
instanceKlass com/mongodb/internal/connection/InternalStreamConnection
instanceKlass com/mongodb/internal/connection/AsyncConnection
instanceKlass com/mongodb/internal/connection/Connection
instanceKlass com/mongodb/internal/binding/ReferenceCounted
instanceKlass com/mongodb/internal/connection/DefaultConnectionFactory
instanceKlass com/mongodb/internal/connection/ProtocolExecutor
instanceKlass com/mongodb/internal/connection/InternalConnectionFactory$1
instanceKlass com/mongodb/internal/connection/DefaultServer
instanceKlass com/mongodb/connection/TopologyVersion
instanceKlass com/mongodb/internal/connection/TopologyVersionHelper
instanceKlass com/mongodb/internal/connection/Time
instanceKlass com/mongodb/TagSet
instanceKlass com/mongodb/connection/ServerDescription$Builder
instanceKlass com/mongodb/internal/connection/ServerDescriptionHelper
instanceKlass com/mongodb/internal/connection/DefaultSdamServerDescriptionManager
instanceKlass com/mongodb/internal/connection/DefaultConnectionPool$1
instanceKlass java/util/concurrent/locks/StampedLock$ReadWriteLockView
instanceKlass com/mongodb/internal/connection/DefaultConnectionPool$StateAndGeneration
instanceKlass java/util/concurrent/locks/StampedLock$WriteLockView
instanceKlass java/util/concurrent/locks/StampedLock
instanceKlass com/mongodb/internal/connection/DefaultConnectionPool$AsyncWorkManager
instanceKlass com/mongodb/internal/connection/DefaultConnectionPool$OpenConcurrencyLimiter
instanceKlass com/mongodb/event/ConnectionPoolCreatedEvent
instanceKlass com/mongodb/internal/logging/StructuredLogger$1
instanceKlass com/mongodb/internal/connection/DefaultConnectionPool$BackgroundMaintenanceManager
instanceKlass com/mongodb/internal/connection/ConcurrentPool$StateAndPermits
instanceKlass com/mongodb/internal/connection/ConcurrentPool
instanceKlass com/mongodb/internal/connection/Pool
instanceKlass com/mongodb/internal/connection/DefaultConnectionPool$UsageTrackingInternalConnectionItemFactory
instanceKlass com/mongodb/internal/connection/DefaultConnectionPool$ServiceStateManager
instanceKlass com/mongodb/internal/connection/DefaultConnectionPool$PinnedStatsManager
instanceKlass com/mongodb/internal/connection/ConcurrentPool$ItemFactory
instanceKlass com/mongodb/internal/connection/DefaultConnectionPool
instanceKlass com/mongodb/internal/connection/DefaultServerMonitor$RoundTripTimeRunnable
instanceKlass com/mongodb/internal/session/SessionContext
instanceKlass com/mongodb/internal/connection/DefaultServerMonitor$ServerMonitorRunnable
instanceKlass com/mongodb/internal/connection/ExponentiallyWeightedMovingAverage
instanceKlass com/mongodb/internal/connection/FaasEnvironment$1
instanceKlass org/bson/BsonDocument$1
instanceKlass org/bson/codecs/EncoderContext$Builder
instanceKlass org/bson/codecs/EncoderContext
instanceKlass org/bson/NoOpFieldNameValidator
instanceKlass org/bson/BsonBinaryWriterSettings
instanceKlass org/bson/BsonWriterSettings
instanceKlass org/bson/AbstractBsonWriter$Context
instanceKlass org/bson/FieldNameValidator
instanceKlass org/bson/AbstractBsonWriter
instanceKlass org/bson/codecs/BsonJavaScriptWithScopeCodec
instanceKlass org/bson/internal/LazyCodec
instanceKlass org/bson/codecs/BsonArrayCodec
instanceKlass org/bson/internal/CodecCache$CodecCacheKey
instanceKlass org/bson/internal/ChildCodecRegistry
instanceKlass org/bson/codecs/BsonTypeCodecMap
instanceKlass org/bson/codecs/BsonDocumentCodec
instanceKlass org/bson/BsonReader
instanceKlass org/bson/io/BsonOutput
instanceKlass com/mongodb/internal/connection/ClientMetadataHelper
instanceKlass com/mongodb/internal/connection/SpeculativeAuthenticator
instanceKlass com/mongodb/internal/connection/Authenticator
instanceKlass com/mongodb/internal/connection/InternalConnection
instanceKlass com/mongodb/internal/connection/InternalConnectionInitializer
instanceKlass com/mongodb/internal/connection/ConnectionGenerationSupplier
instanceKlass com/mongodb/internal/connection/InternalStreamConnectionFactory
instanceKlass com/mongodb/internal/connection/DefaultServerMonitor
instanceKlass com/mongodb/internal/inject/SameObjectProvider
instanceKlass com/mongodb/connection/ServerId
instanceKlass com/mongodb/internal/CheckedSupplier
instanceKlass com/mongodb/internal/Locks
instanceKlass com/mongodb/internal/connection/ClusterDescriptionHelper
instanceKlass com/mongodb/connection/ServerDescription
instanceKlass com/mongodb/internal/connection/ClusterDescriptionHelper$Predicate
instanceKlass com/mongodb/connection/ClusterDescription
instanceKlass com/mongodb/event/ClusterOpeningEvent
instanceKlass com/mongodb/internal/connection/ClusterClock
instanceKlass com/mongodb/internal/logging/StructuredLogger
instanceKlass com/mongodb/selector/ServerSelector
instanceKlass com/mongodb/internal/connection/BaseCluster
instanceKlass com/mongodb/internal/connection/MongoCredentialWithCache$Cache
instanceKlass com/mongodb/internal/connection/MongoCredentialWithCache
instanceKlass com/mongodb/internal/connection/ClusterableServer
instanceKlass com/mongodb/internal/connection/Server
instanceKlass com/mongodb/internal/connection/ConnectionFactory
instanceKlass com/mongodb/internal/connection/SdamServerDescriptionManager
instanceKlass com/mongodb/internal/connection/ServerMonitor
instanceKlass com/mongodb/internal/connection/ConnectionPool
instanceKlass com/mongodb/internal/connection/InternalConnectionFactory
instanceKlass com/mongodb/internal/inject/Provider
instanceKlass com/mongodb/internal/inject/OptionalProvider
instanceKlass com/mongodb/internal/connection/DefaultClusterableServerFactory
instanceKlass com/mongodb/internal/connection/DnsSrvRecordMonitor
instanceKlass com/mongodb/internal/dns/DnsResolver
instanceKlass com/mongodb/internal/connection/DefaultDnsSrvRecordMonitorFactory
instanceKlass com/mongodb/connection/ClusterSettings$1
instanceKlass com/mongodb/connection/ClusterId
instanceKlass com/mongodb/internal/event/EventListenerHelper$4
instanceKlass com/mongodb/internal/event/EventListenerHelper$3
instanceKlass com/mongodb/internal/event/EventListenerHelper$2
instanceKlass com/mongodb/internal/event/EventListenerHelper$1
instanceKlass com/mongodb/event/CommandListener
instanceKlass com/mongodb/event/ConnectionPoolListener
instanceKlass com/mongodb/event/ClusterListener
instanceKlass com/mongodb/event/ServerMonitorListener
instanceKlass com/mongodb/event/ServerListener
instanceKlass com/mongodb/internal/event/EventListenerHelper
instanceKlass com/mongodb/internal/thread/DaemonThreadFactory
instanceKlass com/mongodb/internal/connection/PowerOfTwoBufferPool$BufferPool
instanceKlass org/bson/ByteBuf
instanceKlass com/mongodb/internal/connection/PowerOfTwoBufferPool
instanceKlass javax/net/SocketFactory
instanceKlass com/mongodb/internal/connection/Stream
instanceKlass com/mongodb/internal/connection/BufferProvider
instanceKlass com/mongodb/internal/connection/SocketStreamFactory
instanceKlass com/mongodb/internal/connection/DefaultInetAddressResolver
instanceKlass com/mongodb/internal/connection/InternalConnectionPoolSettings$Builder
instanceKlass com/mongodb/internal/connection/InternalConnectionPoolSettings
instanceKlass com/mongodb/internal/connection/Cluster
instanceKlass com/mongodb/internal/connection/ClusterableServerFactory
instanceKlass com/mongodb/internal/connection/DnsSrvRecordMonitorFactory
instanceKlass com/mongodb/internal/connection/DefaultClusterFactory
instanceKlass com/mongodb/client/ListDatabasesIterable
instanceKlass com/mongodb/client/ChangeStreamIterable
instanceKlass com/mongodb/client/MongoIterable
instanceKlass com/mongodb/client/MongoDatabase
instanceKlass com/mongodb/internal/connection/StreamFactory
instanceKlass com/mongodb/client/internal/MongoClientImpl
instanceKlass com/mongodb/MongoDriverInformation$Builder
instanceKlass com/mongodb/spi/dns/InetAddressResolverProvider
instanceKlass com/mongodb/internal/connection/ServerAddressHelper
instanceKlass com/mongodb/MongoDriverInformation
instanceKlass com/mongodb/client/MongoClients
instanceKlass com/mongodb/ConnectionString$1
instanceKlass com/mongodb/MongoNamespace
instanceKlass com/mongodb/internal/diagnostics/logging/SLF4JLogger
instanceKlass com/mongodb/internal/diagnostics/logging/Logger
instanceKlass com/mongodb/internal/diagnostics/logging/Loggers
instanceKlass org/springframework/boot/autoconfigure/mongo/MongoConnectionDetails$GridFs
instanceKlass com/mongodb/ConnectionString
instanceKlass org/springframework/boot/autoconfigure/mongo/MongoClientFactorySupport
instanceKlass com/mongodb/annotations/Immutable
instanceKlass com/mongodb/lang/Nullable
instanceKlass com/mongodb/ContextProvider
instanceKlass com/mongodb/ServerApi
instanceKlass com/mongodb/spi/dns/DnsClient
instanceKlass com/mongodb/MongoCredential
instanceKlass com/mongodb/AutoEncryptionSettings
instanceKlass com/mongodb/spi/dns/InetAddressResolver
instanceKlass com/mongodb/connection/TransportSettings
instanceKlass com/mongodb/Block
instanceKlass com/mongodb/connection/SslSettings$Builder
instanceKlass com/mongodb/connection/SslSettings
instanceKlass com/mongodb/connection/ServerSettings$Builder
instanceKlass com/mongodb/connection/ServerSettings
instanceKlass com/mongodb/connection/ConnectionPoolSettings$Builder
instanceKlass com/mongodb/connection/ConnectionPoolSettings
instanceKlass com/mongodb/connection/ProxySettings$Builder
instanceKlass com/mongodb/connection/ProxySettings
instanceKlass com/mongodb/connection/SocketSettings$Builder
instanceKlass com/mongodb/connection/SocketSettings
instanceKlass com/mongodb/ServerAddress
instanceKlass com/mongodb/connection/ClusterSettings$Builder
instanceKlass com/mongodb/connection/ClusterSettings
instanceKlass com/mongodb/LoggerSettings$Builder
instanceKlass com/mongodb/LoggerSettings
instanceKlass com/mongodb/ReadConcern
instanceKlass com/mongodb/WriteConcern
instanceKlass com/mongodb/ReadPreference
instanceKlass com/mongodb/MongoClientSettings$Builder
instanceKlass com/mongodb/KotlinCodecProvider
instanceKlass org/bson/codecs/record/RecordCodecProvider
instanceKlass com/mongodb/Jep395RecordCodecProvider
instanceKlass com/mongodb/client/model/mql/ExpressionCodecProvider
instanceKlass org/bson/codecs/EnumCodecProvider
instanceKlass org/bson/codecs/BsonCodecProvider
instanceKlass org/bson/codecs/JsonObjectCodecProvider
instanceKlass org/bson/codecs/jsr310/DateTimeBasedCodec
instanceKlass org/bson/codecs/jsr310/Jsr310CodecProvider
instanceKlass com/mongodb/client/gridfs/codecs/GridFSFileCodecProvider
instanceKlass com/mongodb/client/model/geojson/codecs/GeoJsonCodecProvider
instanceKlass org/bson/codecs/MapCodecProvider
instanceKlass org/bson/codecs/IterableCodecProvider
instanceKlass org/bson/codecs/CollectionCodecProvider
instanceKlass com/mongodb/DocumentToDBRefTransformer
instanceKlass org/bson/codecs/DocumentCodecProvider
instanceKlass org/bson/assertions/Assertions
instanceKlass org/bson/internal/CodecCache
instanceKlass org/bson/internal/ProvidersCodecRegistry
instanceKlass org/bson/internal/CycleDetectingCodecRegistry
instanceKlass org/bson/codecs/configuration/CodecRegistry
instanceKlass org/bson/codecs/configuration/CodecRegistries
instanceKlass com/mongodb/assertions/Assertions
instanceKlass org/bson/types/BSONTimestamp
instanceKlass org/bson/BsonWriter
instanceKlass org/bson/BSONObject
instanceKlass org/bson/codecs/IdGenerator
instanceKlass com/mongodb/DBObjectFactory
instanceKlass com/mongodb/DBObjectCodec
instanceKlass org/bson/codecs/CollectibleCodec
instanceKlass com/mongodb/DBObjectCodecProvider
instanceKlass com/mongodb/DBRefCodecProvider
instanceKlass org/bson/codecs/BsonUndefinedCodec
instanceKlass org/bson/codecs/BsonTimestampCodec
instanceKlass org/bson/codecs/BsonSymbolCodec
instanceKlass org/bson/codecs/BsonStringCodec
instanceKlass org/bson/codecs/BsonRegularExpressionCodec
instanceKlass org/bson/codecs/BsonObjectIdCodec
instanceKlass org/bson/codecs/BsonJavaScriptCodec
instanceKlass org/bson/codecs/BsonMaxKeyCodec
instanceKlass org/bson/codecs/BsonMinKeyCodec
instanceKlass org/bson/codecs/BsonDecimal128Codec
instanceKlass org/bson/codecs/BsonInt64Codec
instanceKlass org/bson/codecs/BsonInt32Codec
instanceKlass org/bson/codecs/BsonDoubleCodec
instanceKlass org/bson/codecs/BsonDBPointerCodec
instanceKlass org/bson/codecs/BsonDateTimeCodec
instanceKlass org/bson/codecs/BsonBooleanCodec
instanceKlass org/bson/codecs/BsonBinaryCodec
instanceKlass org/bson/codecs/BsonNullCodec
instanceKlass org/bson/Document
instanceKlass org/bson/codecs/BsonTypeClassMap
instanceKlass org/bson/conversions/Bson
instanceKlass org/bson/BsonValue
instanceKlass org/bson/codecs/BsonValueCodecProvider
instanceKlass org/bson/codecs/AtomicLongCodec
instanceKlass org/bson/codecs/AtomicIntegerCodec
instanceKlass org/bson/codecs/AtomicBooleanCodec
instanceKlass org/bson/codecs/FloatCodec
instanceKlass org/bson/codecs/ByteArrayCodec
instanceKlass org/bson/codecs/ShortCodec
instanceKlass org/bson/codecs/PatternCodec
instanceKlass org/bson/codecs/ByteCodec
instanceKlass org/bson/codecs/UuidCodec
instanceKlass org/bson/codecs/OverridableUuidRepresentationCodec
instanceKlass org/bson/types/Symbol
instanceKlass org/bson/codecs/SymbolCodec
instanceKlass org/bson/codecs/StringCodec
instanceKlass org/bson/codecs/RepresentationConfigurable
instanceKlass org/bson/codecs/CharacterCodec
instanceKlass org/bson/types/ObjectId
instanceKlass org/bson/codecs/ObjectIdCodec
instanceKlass org/bson/codecs/BigDecimalCodec
instanceKlass org/bson/codecs/Decimal128Codec
instanceKlass org/bson/types/Code
instanceKlass org/bson/codecs/CodeCodec
instanceKlass org/bson/types/MaxKey
instanceKlass org/bson/codecs/MaxKeyCodec
instanceKlass org/bson/types/MinKey
instanceKlass org/bson/codecs/MinKeyCodec
instanceKlass org/bson/codecs/LongCodec
instanceKlass org/bson/codecs/IntegerCodec
instanceKlass org/bson/codecs/DoubleCodec
instanceKlass org/bson/codecs/DateCodec
instanceKlass org/bson/codecs/BooleanCodec
instanceKlass org/bson/types/Binary
instanceKlass org/bson/codecs/BinaryCodec
instanceKlass org/bson/codecs/Codec
instanceKlass org/bson/codecs/Decoder
instanceKlass org/bson/codecs/Encoder
instanceKlass org/bson/codecs/ValueCodecProvider
instanceKlass org/bson/codecs/configuration/CodecProvider
instanceKlass org/bson/Transformer
instanceKlass org/springframework/data/repository/core/support/MethodLookup$MethodPredicate
instanceKlass org/springframework/data/repository/core/support/MethodLookup
instanceKlass org/springframework/data/repository/core/support/MethodLookup$InvokedMethod
instanceKlass org/springframework/data/repository/query/QueryMethod
instanceKlass sun/reflect/misc/ReflectUtil
instanceKlass org/springframework/core/SerializableTypeWrapper$FieldTypeProvider
instanceKlass org/springframework/beans/factory/annotation/InjectionMetadata$InjectedElement
instanceKlass org/springframework/context/weaving/LoadTimeWeaverAware
instanceKlass org/springframework/boot/web/servlet/context/WebServerStartStopLifecycle
instanceKlass org/springframework/boot/web/context/WebServerGracefulShutdownLifecycle
instanceKlass org/apache/naming/ContextAccessController
instanceKlass org/apache/naming/StringManager
instanceKlass org/apache/naming/ContextBindings
instanceKlass java/util/concurrent/ForkJoinPool$WorkQueue
instanceKlass java/util/concurrent/ForkJoinPool$DefaultCommonPoolForkJoinWorkerThreadFactory
instanceKlass java/util/concurrent/ForkJoinPool$1
instanceKlass java/util/concurrent/ForkJoinPool$DefaultForkJoinWorkerThreadFactory
instanceKlass java/util/concurrent/ForkJoinPool$ForkJoinWorkerThreadFactory
instanceKlass org/apache/catalina/mapper/WrapperMappingInfo
instanceKlass org/apache/catalina/core/ContainerBase$ContainerBackgroundProcessor
instanceKlass org/apache/catalina/mapper/Mapper$ContextList
instanceKlass org/apache/tomcat/util/threads/Constants
instanceKlass org/apache/tomcat/util/threads/TaskThread$WrappingRunnable
instanceKlass java/util/concurrent/Executors$RunnableAdapter
instanceKlass org/apache/catalina/core/ContainerBase$ContainerBackgroundProcessorMonitor
instanceKlass jdk/internal/vm/annotation/IntrinsicCandidate
instanceKlass org/apache/catalina/core/ApplicationFilterConfig
instanceKlass jakarta/servlet/HttpConstraintElement
instanceKlass org/apache/catalina/core/StandardContext$NoPluggabilityServletContext
instanceKlass org/apache/tomcat/websocket/server/WsContextListener
instanceKlass org/apache/tomcat/websocket/server/WsSessionListener
instanceKlass jakarta/servlet/GenericFilter
instanceKlass java/nio/channels/CompletionHandler
instanceKlass jakarta/websocket/SendHandler
instanceKlass org/apache/tomcat/websocket/server/WsWriteTimeout
instanceKlass org/apache/tomcat/websocket/WsExtension
instanceKlass jakarta/websocket/Extension
instanceKlass org/apache/tomcat/websocket/Constants
instanceKlass jakarta/websocket/CloseReason
instanceKlass jakarta/websocket/Session
instanceKlass jakarta/websocket/EndpointConfig
instanceKlass org/apache/tomcat/websocket/WsRemoteEndpointImplBase
instanceKlass jakarta/websocket/RemoteEndpoint
instanceKlass org/apache/tomcat/websocket/AsyncChannelWrapper
instanceKlass org/apache/tomcat/websocket/ClientEndpointHolder
instanceKlass jakarta/websocket/HandshakeResponse
instanceKlass jakarta/websocket/CloseReason$CloseCode
instanceKlass org/apache/tomcat/websocket/WsWebSocketContainer
instanceKlass org/apache/tomcat/websocket/BackgroundProcess
instanceKlass org/apache/catalina/core/ApplicationFilterRegistration
instanceKlass org/apache/tomcat/util/descriptor/web/Constants
instanceKlass org/apache/catalina/core/ApplicationServletRegistration
instanceKlass org/springframework/boot/web/servlet/ServletContextInitializerBeans$ServletListenerRegistrationBeanAdapter
instanceKlass jakarta/servlet/ServletContextListener
instanceKlass jakarta/servlet/http/HttpSessionListener
instanceKlass jakarta/servlet/http/HttpSessionIdListener
instanceKlass jakarta/servlet/http/HttpSessionAttributeListener
instanceKlass jakarta/servlet/ServletRequestAttributeListener
instanceKlass jakarta/servlet/ServletContextAttributeListener
instanceKlass org/springframework/http/HttpInputMessage
instanceKlass jakarta/servlet/FilterChain
instanceKlass jakarta/servlet/FilterConfig
instanceKlass org/springframework/boot/web/servlet/ServletContextInitializerBeans$FilterRegistrationBeanAdapter
instanceKlass org/springframework/boot/web/servlet/ServletContextInitializerBeans$ServletRegistrationBeanAdapter
instanceKlass org/springframework/boot/web/servlet/ServletContextInitializerBeans$Seen
instanceKlass org/springframework/boot/web/servlet/ServletContextInitializerBeans$RegistrationBeanAdapter
instanceKlass org/springframework/web/context/support/ServletContextScope
instanceKlass org/apache/jasper/compiler/TldCache$TaglibXmlCacheEntry
instanceKlass java/util/concurrent/TimeUnit$1
instanceKlass org/apache/tomcat/util/scan/ReferenceCountedJar
instanceKlass org/apache/jasper/compiler/TldCache
instanceKlass org/apache/jasper/compiler/Localizer
instanceKlass jakarta/servlet/jsp/tagext/FunctionInfo
instanceKlass org/xml/sax/helpers/AttributesImpl
instanceKlass com/sun/org/apache/xerces/internal/impl/Constants$ArrayEnumeration
instanceKlass com/sun/org/apache/xerces/internal/impl/Constants
instanceKlass org/apache/tomcat/util/digester/DocumentProperties$Charset
instanceKlass com/sun/org/apache/xerces/internal/parsers/AbstractSAXParser$LocatorProxy
instanceKlass org/xml/sax/ext/Locator2
instanceKlass org/xml/sax/Locator
instanceKlass com/sun/org/apache/xerces/internal/util/XMLSymbols
instanceKlass com/sun/org/apache/xerces/internal/util/XMLChar
instanceKlass com/sun/xml/internal/stream/Entity
instanceKlass com/sun/xml/internal/stream/util/BufferAllocator
instanceKlass com/sun/xml/internal/stream/util/ThreadLocalBufferAllocator
instanceKlass com/sun/org/apache/xerces/internal/impl/XMLEntityManager$EncodingInfo
instanceKlass com/sun/org/apache/xerces/internal/util/URI
instanceKlass com/sun/org/apache/xerces/internal/utils/XMLLimitAnalyzer
instanceKlass com/sun/org/apache/xerces/internal/xni/parser/XMLInputSource
instanceKlass com/sun/org/apache/xerces/internal/util/ErrorHandlerWrapper
instanceKlass com/sun/org/apache/xerces/internal/xni/parser/XMLErrorHandler
instanceKlass com/sun/org/apache/xerces/internal/util/EntityResolver2Wrapper
instanceKlass com/sun/org/apache/xerces/internal/impl/ExternalSubsetResolver
instanceKlass org/apache/tomcat/util/digester/Digester$EntityResolverWrapper
instanceKlass com/sun/org/apache/xerces/internal/parsers/AbstractSAXParser$AttributesProxy
instanceKlass org/xml/sax/ext/Attributes2
instanceKlass org/xml/sax/AttributeList
instanceKlass com/sun/org/apache/xerces/internal/util/FeatureState
instanceKlass com/sun/org/apache/xerces/internal/util/PropertyState
instanceKlass com/sun/org/apache/xerces/internal/impl/msg/XMLMessageFormatter
instanceKlass com/sun/org/apache/xerces/internal/util/MessageFormatter
instanceKlass com/sun/org/apache/xerces/internal/impl/XMLVersionDetector
instanceKlass com/sun/org/apache/xerces/internal/impl/validation/ValidationManager
instanceKlass com/sun/org/apache/xerces/internal/impl/dv/dtd/NMTOKENDatatypeValidator
instanceKlass com/sun/org/apache/xerces/internal/impl/dv/dtd/NOTATIONDatatypeValidator
instanceKlass com/sun/org/apache/xerces/internal/impl/dv/dtd/ENTITYDatatypeValidator
instanceKlass com/sun/org/apache/xerces/internal/impl/dv/dtd/ListDatatypeValidator
instanceKlass com/sun/org/apache/xerces/internal/impl/dv/dtd/IDREFDatatypeValidator
instanceKlass com/sun/org/apache/xerces/internal/impl/dv/dtd/IDDatatypeValidator
instanceKlass com/sun/org/apache/xerces/internal/impl/dv/dtd/StringDatatypeValidator
instanceKlass com/sun/org/apache/xerces/internal/impl/dv/DatatypeValidator
instanceKlass com/sun/org/apache/xerces/internal/impl/dv/DTDDVFactory
instanceKlass com/sun/org/apache/xerces/internal/impl/dtd/DTDGrammarBucket
instanceKlass com/sun/org/apache/xerces/internal/impl/dtd/XMLAttributeDecl
instanceKlass com/sun/org/apache/xerces/internal/impl/dtd/XMLSimpleType
instanceKlass com/sun/org/apache/xerces/internal/impl/dtd/XMLElementDecl
instanceKlass com/sun/org/apache/xerces/internal/impl/validation/ValidationState
instanceKlass com/sun/org/apache/xerces/internal/impl/dv/ValidationContext
instanceKlass com/sun/org/apache/xerces/internal/impl/dtd/XMLDTDValidator
instanceKlass com/sun/org/apache/xerces/internal/impl/RevalidationHandler
instanceKlass com/sun/org/apache/xerces/internal/impl/dtd/XMLDTDValidatorFilter
instanceKlass com/sun/org/apache/xerces/internal/xni/parser/XMLDocumentFilter
instanceKlass com/sun/org/apache/xerces/internal/impl/dtd/XMLEntityDecl
instanceKlass com/sun/org/apache/xerces/internal/impl/dtd/XMLDTDProcessor
instanceKlass com/sun/org/apache/xerces/internal/xni/parser/XMLDTDContentModelFilter
instanceKlass com/sun/org/apache/xerces/internal/xni/parser/XMLDTDFilter
instanceKlass com/sun/org/apache/xerces/internal/xni/parser/XMLDTDScanner
instanceKlass com/sun/org/apache/xerces/internal/xni/parser/XMLDTDContentModelSource
instanceKlass com/sun/org/apache/xerces/internal/xni/parser/XMLDTDSource
instanceKlass com/sun/org/apache/xerces/internal/xni/grammars/XMLDTDDescription
instanceKlass com/sun/org/apache/xerces/internal/xni/grammars/XMLGrammarDescription
instanceKlass com/sun/org/apache/xerces/internal/impl/XMLDocumentScannerImpl$TrailingMiscDriver
instanceKlass com/sun/org/apache/xerces/internal/impl/XMLDocumentScannerImpl$PrologDriver
instanceKlass com/sun/org/apache/xerces/internal/impl/XMLDocumentScannerImpl$XMLDeclDriver
instanceKlass com/sun/org/apache/xerces/internal/util/NamespaceSupport
instanceKlass com/sun/org/apache/xerces/internal/xni/NamespaceContext
instanceKlass com/sun/org/apache/xerces/internal/util/XMLAttributesImpl$Attribute
instanceKlass com/sun/org/apache/xerces/internal/util/XMLAttributesImpl
instanceKlass com/sun/org/apache/xerces/internal/xni/XMLAttributes
instanceKlass com/sun/org/apache/xerces/internal/impl/XMLDocumentFragmentScannerImpl$FragmentContentDriver
instanceKlass com/sun/org/apache/xerces/internal/impl/XMLDocumentFragmentScannerImpl$Driver
instanceKlass com/sun/org/apache/xerces/internal/impl/XMLDocumentFragmentScannerImpl$ElementStack2
instanceKlass com/sun/org/apache/xerces/internal/xni/QName
instanceKlass com/sun/org/apache/xerces/internal/impl/XMLDocumentFragmentScannerImpl$ElementStack
instanceKlass com/sun/org/apache/xerces/internal/xni/XMLString
instanceKlass com/sun/org/apache/xerces/internal/impl/XMLScanner
instanceKlass com/sun/xml/internal/stream/XMLBufferListener
instanceKlass com/sun/org/apache/xerces/internal/impl/XMLEntityHandler
instanceKlass com/sun/org/apache/xerces/internal/xni/parser/XMLDocumentScanner
instanceKlass com/sun/org/apache/xerces/internal/xni/parser/XMLDocumentSource
instanceKlass com/sun/org/apache/xerces/internal/impl/XMLErrorReporter
instanceKlass com/sun/org/apache/xerces/internal/impl/XMLEntityScanner
instanceKlass com/sun/org/apache/xerces/internal/xni/XMLLocator
instanceKlass com/sun/xml/internal/stream/XMLEntityStorage
instanceKlass com/sun/org/apache/xerces/internal/util/AugmentationsImpl$AugmentationsItemsContainer
instanceKlass com/sun/org/apache/xerces/internal/util/AugmentationsImpl
instanceKlass com/sun/org/apache/xerces/internal/xni/Augmentations
instanceKlass com/sun/org/apache/xerces/internal/util/XMLResourceIdentifierImpl
instanceKlass com/sun/org/apache/xerces/internal/xni/XMLResourceIdentifier
instanceKlass com/sun/org/apache/xerces/internal/impl/XMLEntityManager
instanceKlass com/sun/org/apache/xerces/internal/xni/parser/XMLEntityResolver
instanceKlass com/sun/org/apache/xerces/internal/xni/parser/XMLComponent
instanceKlass com/sun/org/apache/xerces/internal/util/SymbolTable$Entry
instanceKlass com/sun/org/apache/xerces/internal/util/SymbolTable
instanceKlass jdk/xml/internal/JdkConstants
instanceKlass jdk/xml/internal/JdkXmlUtils
instanceKlass com/sun/org/apache/xerces/internal/util/ParserConfigurationSettings
instanceKlass com/sun/org/apache/xerces/internal/parsers/XML11Configurable
instanceKlass com/sun/org/apache/xerces/internal/xni/parser/XMLPullParserConfiguration
instanceKlass com/sun/org/apache/xerces/internal/xni/parser/XMLParserConfiguration
instanceKlass com/sun/org/apache/xerces/internal/xni/parser/XMLComponentManager
instanceKlass com/sun/org/apache/xerces/internal/parsers/XMLParser
instanceKlass com/sun/org/apache/xerces/internal/xni/XMLDTDContentModelHandler
instanceKlass com/sun/org/apache/xerces/internal/xni/XMLDTDHandler
instanceKlass com/sun/org/apache/xerces/internal/xni/XMLDocumentHandler
instanceKlass org/xml/sax/XMLReader
instanceKlass org/xml/sax/Parser
instanceKlass com/sun/org/apache/xerces/internal/utils/XMLSecurityPropertyManager
instanceKlass com/sun/org/apache/xerces/internal/utils/XMLSecurityManager
instanceKlass javax/xml/parsers/SAXParser
instanceKlass com/sun/org/apache/xerces/internal/xs/PSVIProvider
instanceKlass com/sun/org/apache/xerces/internal/jaxp/JAXPConstants
instanceKlass javax/xml/parsers/FactoryFinder$1
instanceKlass jdk/xml/internal/SecuritySupport
instanceKlass javax/xml/parsers/FactoryFinder
instanceKlass javax/xml/parsers/SAXParserFactory
instanceKlass org/apache/tomcat/util/descriptor/tld/TaglibXml
instanceKlass org/apache/tomcat/util/descriptor/XmlErrorHandler
instanceKlass org/apache/tomcat/util/descriptor/tld/TldResourcePath
instanceKlass java/security/CodeSigner
instanceKlass java/util/jar/JarVerifier
instanceKlass org/apache/tomcat/util/scan/JarFileUrlJar
instanceKlass org/apache/tomcat/Jar
instanceKlass org/apache/tomcat/util/scan/JarFactory
instanceKlass org/apache/tomcat/util/file/Matcher
instanceKlass org/apache/tomcat/util/scan/StandardJarScanFilter$1
instanceKlass org/apache/tomcat/util/scan/StandardJarScanner$ClassPathEntry
instanceKlass java/nio/file/FileVisitor
instanceKlass org/apache/jasper/servlet/TldScanner$TldScannerCallback
instanceKlass org/apache/jasper/compiler/JarScannerFactory
instanceKlass org/apache/tomcat/util/descriptor/tld/TagFileXml
instanceKlass jakarta/servlet/jsp/tagext/TagAttributeInfo
instanceKlass org/apache/tomcat/util/descriptor/tld/TldRuleSet$Attribute
instanceKlass jakarta/servlet/jsp/tagext/TagVariableInfo
instanceKlass org/apache/tomcat/util/descriptor/tld/TldRuleSet$Variable
instanceKlass org/apache/tomcat/util/descriptor/tld/TagXml
instanceKlass org/apache/tomcat/util/descriptor/tld/ValidatorXml
instanceKlass org/apache/tomcat/util/digester/RulesBase
instanceKlass org/apache/tomcat/util/descriptor/LocalResolver
instanceKlass org/apache/tomcat/util/digester/SystemPropertySource
instanceKlass org/apache/tomcat/util/IntrospectionUtils$SecurePropertySource
instanceKlass org/apache/tomcat/util/IntrospectionUtils$PropertySource
instanceKlass org/xml/sax/Attributes
instanceKlass org/apache/tomcat/util/digester/Rules
instanceKlass org/xml/sax/helpers/DefaultHandler
instanceKlass org/xml/sax/ContentHandler
instanceKlass org/xml/sax/DTDHandler
instanceKlass org/xml/sax/ext/DeclHandler
instanceKlass org/xml/sax/ext/LexicalHandler
instanceKlass org/apache/tomcat/util/descriptor/Constants
instanceKlass org/xml/sax/ext/EntityResolver2
instanceKlass org/apache/tomcat/util/descriptor/DigesterFactory
instanceKlass org/apache/tomcat/util/digester/Rule
instanceKlass org/apache/tomcat/util/descriptor/tld/TldRuleSet
instanceKlass org/apache/tomcat/util/digester/RuleSet
instanceKlass org/apache/tomcat/util/descriptor/tld/TldParser
instanceKlass org/apache/tomcat/JarScannerCallback
instanceKlass org/apache/jasper/servlet/TldScanner
instanceKlass org/apache/tomcat/InstanceManagerBindings
instanceKlass org/apache/catalina/core/DefaultInstanceManager$AnnotationCacheEntry
instanceKlass org/apache/catalina/core/DefaultInstanceManager
instanceKlass java/io/ObjectStreamConstants
instanceKlass java/io/ObjectInput
instanceKlass org/apache/catalina/Session
instanceKlass org/apache/tomcat/util/modeler/Util
instanceKlass java/util/Collections$2
instanceKlass sun/management/RuntimeImpl
instanceKlass java/util/stream/ReduceOps$2ReducingSink
instanceKlass jdk/management/jfr/internal/FlightRecorderMXBeanProvider$SingleMBeanComponent
instanceKlass jdk/management/jfr/FlightRecorderMXBean
instanceKlass java/lang/management/DefaultPlatformMBeanProvider$11
instanceKlass java/lang/management/DefaultPlatformMBeanProvider$10
instanceKlass java/lang/management/DefaultPlatformMBeanProvider$9
instanceKlass sun/management/ManagementFactoryHelper$LoggingMXBeanAccess$1
instanceKlass sun/management/ManagementFactoryHelper$LoggingMXBeanAccess
instanceKlass java/lang/management/DefaultPlatformMBeanProvider$8
instanceKlass java/lang/management/DefaultPlatformMBeanProvider$7
instanceKlass java/lang/management/DefaultPlatformMBeanProvider$6
instanceKlass java/lang/management/DefaultPlatformMBeanProvider$5
instanceKlass java/lang/management/DefaultPlatformMBeanProvider$4
instanceKlass java/lang/management/DefaultPlatformMBeanProvider$3
instanceKlass java/lang/management/DefaultPlatformMBeanProvider$2
instanceKlass java/lang/management/DefaultPlatformMBeanProvider$1
instanceKlass com/sun/management/internal/PlatformMBeanProviderImpl$5
instanceKlass sun/management/VMManagementImpl
instanceKlass sun/management/VMManagement
instanceKlass sun/management/ManagementFactoryHelper
instanceKlass sun/management/NotificationEmitterSupport
instanceKlass com/sun/management/DiagnosticCommandMBean
instanceKlass com/sun/management/internal/PlatformMBeanProviderImpl$4
instanceKlass com/sun/management/internal/PlatformMBeanProviderImpl$3
instanceKlass com/sun/management/internal/PlatformMBeanProviderImpl$2
instanceKlass com/sun/management/internal/PlatformMBeanProviderImpl$1
instanceKlass sun/management/spi/PlatformMBeanProvider$PlatformComponent
instanceKlass sun/management/spi/PlatformMBeanProvider
instanceKlass java/lang/management/ManagementFactory$PlatformMBeanFinder$1
instanceKlass java/lang/management/ManagementFactory$PlatformMBeanFinder
instanceKlass java/lang/management/RuntimeMXBean
instanceKlass java/lang/management/PlatformManagedObject
instanceKlass java/lang/management/ManagementFactory
instanceKlass jakarta/servlet/annotation/ServletSecurity
instanceKlass jakarta/annotation/security/RunAs
instanceKlass org/apache/jasper/compiler/JspRuntimeContext
instanceKlass org/apache/jasper/Options
instanceKlass jakarta/annotation/security/DeclareRoles
instanceKlass jakarta/annotation/Resources
instanceKlass org/apache/catalina/util/Introspection
instanceKlass org/apache/tomcat/util/descriptor/web/FilterDef
instanceKlass org/apache/catalina/startup/WebAnnotationSet
instanceKlass org/apache/catalina/webresources/EmptyResource
instanceKlass org/apache/tomcat/util/compat/JrePlatform
instanceKlass org/apache/catalina/webresources/CachedResource
instanceKlass org/apache/catalina/security/SecurityUtil
instanceKlass org/apache/tomcat/util/http/RequestUtil
instanceKlass org/apache/catalina/webresources/TomcatURLStreamHandlerFactory
instanceKlass org/apache/catalina/core/ApplicationSessionCookieConfig
instanceKlass org/apache/catalina/core/ApplicationContextFacade
instanceKlass jakarta/servlet/RequestDispatcher
instanceKlass jakarta/servlet/FilterRegistration$Dynamic
instanceKlass jakarta/servlet/FilterRegistration
instanceKlass jakarta/servlet/SessionCookieConfig
instanceKlass org/apache/catalina/core/ApplicationContext
instanceKlass org/apache/catalina/util/ContextName
instanceKlass org/apache/catalina/core/ContainerBase$StartChild
instanceKlass org/apache/catalina/realm/X509SubjectDnRetriever
instanceKlass java/util/logging/LogRecord
instanceKlass org/apache/tomcat/util/threads/ScheduledThreadPoolExecutor
instanceKlass java/util/concurrent/RunnableScheduledFuture
instanceKlass java/util/concurrent/ScheduledFuture
instanceKlass java/util/concurrent/Delayed
instanceKlass org/apache/tomcat/util/threads/TaskThreadFactory
instanceKlass org/apache/tomcat/util/buf/StringUtils
instanceKlass org/apache/catalina/util/ServerInfo
instanceKlass org/apache/catalina/connector/CoyoteAdapter
instanceKlass org/apache/catalina/Executor
instanceKlass org/apache/catalina/mbeans/MBeanUtils
instanceKlass org/apache/catalina/mbeans/MBeanFactory
instanceKlass org/apache/tomcat/util/buf/StringCache
instanceKlass com/sun/jmx/mbeanserver/Util
instanceKlass javax/management/ObjectName$Property
instanceKlass com/sun/jmx/mbeanserver/GetPropertyAction
instanceKlass org/apache/tomcat/util/net/SocketWrapperBase
instanceKlass org/apache/tomcat/util/net/SSLImplementation
instanceKlass org/springframework/boot/web/embedded/tomcat/DisableReferenceClearingContextCustomizer
instanceKlass org/springframework/boot/web/embedded/tomcat/TomcatServletWebServerFactory$DisablePersistSessionListener
instanceKlass org/apache/tomcat/util/buf/UDecoder
instanceKlass org/springframework/boot/web/embedded/tomcat/TomcatStarter
instanceKlass org/apache/catalina/core/StandardHost$MemoryLeakTrackingListener
instanceKlass org/springframework/boot/web/servlet/server/AbstractServletWebServerFactory$SessionConfiguringInitializer
instanceKlass org/springframework/boot/web/embedded/tomcat/TomcatServletWebServerFactory$StaticResourceConfigurer
instanceKlass org/apache/jasper/security/SecurityClassLoad
instanceKlass jakarta/servlet/jsp/JspEngineInfo
instanceKlass jakarta/servlet/jsp/JspApplicationContext
instanceKlass jakarta/servlet/jsp/JspContext
instanceKlass jakarta/servlet/jsp/JspFactory
instanceKlass org/apache/jasper/servlet/JasperInitializer
instanceKlass org/apache/catalina/core/StandardWrapperFacade
instanceKlass org/apache/tomcat/PeriodicEventListener
instanceKlass org/apache/tomcat/util/scan/StandardJarScanner
instanceKlass org/apache/tomcat/util/scan/StandardJarScanFilter
instanceKlass org/apache/catalina/util/CharsetMapper
instanceKlass org/apache/catalina/startup/Tomcat$FixContextListener
instanceKlass org/apache/catalina/util/URLEncoder
instanceKlass org/apache/catalina/WebResource
instanceKlass org/apache/catalina/webresources/Cache
instanceKlass org/apache/catalina/WebResourceSet
instanceKlass jdk/internal/logger/LoggerFinderLoader
instanceKlass jdk/internal/logger/LazyLoggers$LazyLoggerFactories
instanceKlass jdk/internal/logger/LazyLoggers$1
instanceKlass jdk/internal/logger/LazyLoggers
instanceKlass com/sun/jmx/remote/util/ClassLogger
instanceKlass javax/management/NotificationBroadcasterSupport$1
instanceKlass javax/management/NotificationBroadcasterSupport
instanceKlass org/apache/catalina/core/StandardContext$ContextFilterMaps
instanceKlass org/apache/catalina/util/ErrorPageSupport
instanceKlass org/apache/tomcat/util/descriptor/web/XmlEncodingBase
instanceKlass org/apache/tomcat/util/descriptor/web/ApplicationParameter
instanceKlass org/apache/catalina/core/StandardContext$1
instanceKlass org/apache/tomcat/JarScanner
instanceKlass org/apache/tomcat/InstanceManager
instanceKlass org/apache/catalina/ThreadBindingListener
instanceKlass org/apache/catalina/Globals
instanceKlass org/apache/catalina/realm/RealmBase$AllRolesMode
instanceKlass org/apache/catalina/realm/DigestCredentialHandlerBase
instanceKlass org/apache/catalina/realm/X509UsernameRetriever
instanceKlass org/apache/catalina/CredentialHandler
instanceKlass org/apache/catalina/AccessLog
instanceKlass org/apache/catalina/Pipeline
instanceKlass org/apache/tomcat/util/threads/LimitLatch
instanceKlass org/springframework/boot/web/embedded/tomcat/CompressionConnectorCustomizer
instanceKlass org/apache/tomcat/util/buf/CharsetUtil
instanceKlass org/apache/tomcat/util/buf/CharsetCache
instanceKlass org/apache/tomcat/util/buf/B2CConverter
instanceKlass javax/management/ObjectName
instanceKlass javax/management/QueryExp
instanceKlass org/apache/coyote/Response
instanceKlass org/apache/coyote/Request
instanceKlass org/apache/tomcat/util/net/SSLHostConfig
instanceKlass org/apache/tomcat/util/XReflectionIntrospectionUtils
instanceKlass org/apache/tomcat/util/IntrospectionUtils
instanceKlass org/apache/catalina/ContainerListener
instanceKlass org/apache/catalina/mapper/Mapper$MapElement
instanceKlass org/apache/catalina/mapper/Mapper
instanceKlass org/apache/tomcat/util/file/ConfigFileLoader
instanceKlass org/apache/tomcat/util/file/ConfigurationSource$1
instanceKlass org/apache/catalina/startup/CatalinaBaseConfigurationSource
instanceKlass org/apache/tomcat/util/descriptor/web/ResourceBase
instanceKlass org/apache/tomcat/util/descriptor/web/Injectable
instanceKlass org/apache/tomcat/util/descriptor/web/NamingResources
instanceKlass java/beans/PropertyChangeListener
instanceKlass java/beans/ChangeListenerMap
instanceKlass java/beans/PropertyChangeSupport
instanceKlass org/apache/coyote/CompressionConfig
instanceKlass org/apache/tomcat/util/collections/SynchronizedStack
instanceKlass javax/management/NotificationFilter
instanceKlass org/apache/tomcat/util/modeler/BaseModelMBean
instanceKlass javax/management/modelmbean/ModelMBeanNotificationBroadcaster
instanceKlass org/apache/coyote/AbstractProtocol$ConnectionHandler
instanceKlass org/apache/tomcat/util/net/SocketProperties
instanceKlass org/apache/tomcat/util/net/NioChannel
instanceKlass org/apache/tomcat/util/net/SocketProcessorBase
instanceKlass org/apache/tomcat/util/net/AbstractEndpoint
instanceKlass org/apache/coyote/Adapter
instanceKlass java/io/DeleteOnExitHook$1
instanceKlass java/io/DeleteOnExitHook
instanceKlass sun/nio/fs/WindowsPath$1
instanceKlass sun/security/provider/AbstractDrbg$NonceProvider
instanceKlass sun/security/provider/ByteArrayAccess$BE
instanceKlass sun/security/provider/SeedGenerator$1
instanceKlass sun/security/provider/SeedGenerator
instanceKlass sun/security/provider/AbstractDrbg$SeederHolder
instanceKlass java/security/DrbgParameters$NextBytes
instanceKlass sun/security/provider/EntropySource
instanceKlass sun/security/provider/AbstractDrbg
instanceKlass java/security/DrbgParameters$Instantiation
instanceKlass java/security/DrbgParameters
instanceKlass sun/security/provider/MoreDrbgParameters
instanceKlass java/security/SecureRandomSpi
instanceKlass java/security/SecureRandomParameters
instanceKlass java/nio/file/TempFileHelper
instanceKlass org/apache/tomcat/util/ExceptionUtils
instanceKlass java/net/Socket
instanceKlass java/net/ServerSocket
instanceKlass java/net/SocketOption
instanceKlass java/net/ProtocolFamily
instanceKlass java/nio/channels/NetworkChannel
instanceKlass java/net/SocketAddress
instanceKlass org/apache/tomcat/util/compat/JreCompat
instanceKlass org/apache/catalina/Wrapper
instanceKlass org/apache/catalina/Realm
instanceKlass org/apache/catalina/Service
instanceKlass org/apache/tomcat/util/file/ConfigurationSource
instanceKlass org/apache/catalina/Server
instanceKlass javax/management/MBeanFeatureInfo
instanceKlass javax/management/DescriptorRead
instanceKlass org/apache/tomcat/util/modeler/FeatureInfo
instanceKlass java/util/concurrent/locks/ReentrantReadWriteLock$WriteLock
instanceKlass java/util/concurrent/locks/ReentrantReadWriteLock$ReadLock
instanceKlass java/util/concurrent/locks/ReentrantReadWriteLock
instanceKlass javax/management/DynamicMBean
instanceKlass java/util/concurrent/locks/ReadWriteLock
instanceKlass org/apache/tomcat/util/modeler/NoDescriptorRegistry$NoJmxMBeanServer
instanceKlass org/apache/tomcat/util/modeler/ManagedBean
instanceKlass javax/management/MBeanServer
instanceKlass javax/management/MBeanServerConnection
instanceKlass org/apache/tomcat/util/modeler/Registry
instanceKlass org/apache/tomcat/util/modeler/RegistryMBean
instanceKlass jakarta/servlet/ServletRegistration$Dynamic
instanceKlass org/springframework/boot/web/servlet/MultipartConfigFactory
instanceKlass org/springframework/boot/context/properties/source/UnboundElementsSourceFilter
instanceKlass jakarta/servlet/Registration$Dynamic
instanceKlass org/springframework/web/context/request/async/WebAsyncManager
instanceKlass org/springframework/web/context/request/AbstractRequestAttributes
instanceKlass org/springframework/web/servlet/ModelAndView
instanceKlass org/springframework/web/servlet/HandlerExecutionChain
instanceKlass org/springframework/web/context/request/async/CallableProcessingInterceptor
instanceKlass org/springframework/context/i18n/LocaleContext
instanceKlass jakarta/servlet/AsyncListener
instanceKlass org/apache/coyote/Processor
instanceKlass org/apache/tomcat/util/net/AbstractEndpoint$Handler
instanceKlass org/springframework/boot/context/properties/PropertyMapper$NullPointerExceptionSafeSupplier
instanceKlass org/springframework/util/function/SingletonSupplier
instanceKlass org/springframework/boot/context/properties/PropertyMapper$Source
instanceKlass org/springframework/boot/context/properties/PropertyMapper$SourceOperator
instanceKlass org/springframework/boot/context/properties/PropertyMapper
instanceKlass org/springframework/boot/util/LambdaSafe$InvocationResult
instanceKlass org/springframework/boot/util/LambdaSafe$GenericTypeFilter
instanceKlass org/springframework/boot/util/LambdaSafe$Filter
instanceKlass org/springframework/boot/util/LambdaSafe$LambdaSafeCallback
instanceKlass org/springframework/boot/util/LambdaSafe
instanceKlass java/util/function/ObjIntConsumer
instanceKlass org/springframework/boot/ssl/DefaultSslBundleRegistry$RegisteredSslBundle
instanceKlass org/springframework/boot/ssl/SslStoreBundle
instanceKlass org/springframework/boot/autoconfigure/ssl/PropertiesSslBundle
instanceKlass org/springframework/boot/autoconfigure/ssl/SslBundleProperties
instanceKlass org/springframework/boot/autoconfigure/ssl/SslProperties$Bundles$Watch$File
instanceKlass org/springframework/boot/autoconfigure/ssl/SslProperties$Bundles$Watch
instanceKlass org/springframework/beans/factory/annotation/BeanFactoryAnnotationUtils
instanceKlass org/springframework/boot/context/properties/ConversionServiceDeducer$ConverterBeans
instanceKlass org/springframework/boot/context/properties/ConversionServiceDeducer
instanceKlass org/springframework/beans/factory/support/DefaultListableBeanFactory$1
instanceKlass org/springframework/validation/annotation/Validated
instanceKlass org/springframework/core/annotation/SynthesizedMergedAnnotationInvocationHandler
instanceKlass org/springframework/boot/context/properties/bind/Nested
instanceKlass org/springframework/boot/context/properties/NestedConfigurationProperty
instanceKlass org/springframework/boot/autoconfigure/web/ServerProperties$Undertow$Options
instanceKlass org/springframework/boot/autoconfigure/web/ServerProperties$Undertow$Threads
instanceKlass org/springframework/boot/autoconfigure/web/ServerProperties$Undertow$Accesslog
instanceKlass org/springframework/boot/autoconfigure/web/ServerProperties$Jetty$Threads
instanceKlass org/springframework/boot/autoconfigure/web/ServerProperties$Jetty$Accesslog
instanceKlass org/springframework/boot/autoconfigure/web/ServerProperties$Tomcat$Remoteip
instanceKlass org/springframework/boot/autoconfigure/web/ServerProperties$Tomcat$Mbeanregistry
instanceKlass org/springframework/boot/autoconfigure/web/ServerProperties$Tomcat$Resource
instanceKlass org/springframework/boot/autoconfigure/web/ServerProperties$Tomcat$Threads
instanceKlass org/springframework/boot/autoconfigure/web/ServerProperties$Tomcat$Accesslog
instanceKlass org/springframework/boot/autoconfigure/web/ServerProperties$Reactive$Session
instanceKlass org/springframework/boot/web/servlet/server/Encoding
instanceKlass org/springframework/boot/autoconfigure/web/ErrorProperties$Whitelabel
instanceKlass org/springframework/boot/web/servlet/WebListenerRegistrar
instanceKlass org/springframework/boot/web/servlet/server/CookieSameSiteSupplier
instanceKlass org/springframework/boot/web/server/ErrorPage
instanceKlass org/apache/coyote/AbstractProtocol
instanceKlass org/springframework/boot/web/embedded/tomcat/TomcatWebServer
instanceKlass org/apache/catalina/Engine
instanceKlass org/apache/coyote/ProtocolHandler
instanceKlass org/springframework/boot/ssl/SslBundle
instanceKlass javax/management/NotificationEmitter
instanceKlass javax/management/NotificationBroadcaster
instanceKlass org/springframework/boot/web/embedded/tomcat/SslConnectorCustomizer
instanceKlass org/apache/catalina/Host
instanceKlass org/springframework/beans/factory/support/DefaultListableBeanFactory$FactoryAwareOrderSourceProvider
instanceKlass org/springframework/boot/web/embedded/tomcat/TldPatterns
instanceKlass org/apache/tomcat/jni/Library
instanceKlass org/apache/catalina/core/AprStatus
instanceKlass org/apache/catalina/core/AprLifecycleListener
instanceKlass org/springframework/boot/web/servlet/server/StaticResourceJars
instanceKlass org/springframework/boot/web/servlet/server/DocumentRoot
instanceKlass org/springframework/boot/web/servlet/server/Jsp
instanceKlass org/springframework/boot/web/server/MimeMappings$Mapping
instanceKlass org/springframework/boot/web/servlet/server/SessionStoreDirectory
instanceKlass org/springframework/boot/web/server/Cookie
instanceKlass org/springframework/boot/web/servlet/server/Session
instanceKlass org/apache/catalina/Manager
instanceKlass org/apache/tomcat/JarScanFilter
instanceKlass org/springframework/boot/web/server/WebServer
instanceKlass org/apache/catalina/Context
instanceKlass org/apache/tomcat/ContextBind
instanceKlass org/apache/catalina/Loader
instanceKlass org/apache/tomcat/util/security/PermissionCheck
instanceKlass org/apache/juli/WebappProperties
instanceKlass org/apache/tomcat/InstrumentableClassLoader
instanceKlass org/apache/catalina/LifecycleListener
instanceKlass org/apache/catalina/WebResourceRoot
instanceKlass org/springframework/boot/web/embedded/tomcat/TomcatProtocolHandlerCustomizer
instanceKlass org/springframework/boot/web/embedded/tomcat/TomcatContextCustomizer
instanceKlass org/springframework/boot/web/embedded/tomcat/TomcatConnectorCustomizer
instanceKlass org/springframework/ui/context/Theme
instanceKlass org/springframework/ui/context/support/ResourceBundleThemeSource
instanceKlass org/springframework/ui/context/HierarchicalThemeSource
instanceKlass org/springframework/ui/context/support/UiApplicationContextUtils
instanceKlass org/springframework/context/support/MessageSourceSupport
instanceKlass org/springframework/context/HierarchicalMessageSource
instanceKlass org/springframework/aop/IntroductionAdvisor
instanceKlass org/springframework/aop/IntroductionInfo
instanceKlass org/springframework/aop/framework/autoproxy/ProxyCreationContext
instanceKlass org/springframework/data/projection/MethodInterceptorFactory
instanceKlass org/springframework/data/projection/DefaultMethodInvokingMethodInterceptor
instanceKlass org/springframework/data/util/NullableWrapper
instanceKlass org/springframework/data/util/NullableWrapperConverters$WrapperType
instanceKlass org/springframework/data/util/NullableWrapperConverters$AbstractWrapperTypeConverter
instanceKlass org/springframework/data/util/NullableWrapperConverters
instanceKlass org/springframework/data/convert/Jsr310Converters
instanceKlass org/springframework/data/projection/ProjectionInformation
instanceKlass org/springframework/data/projection/ProxyProjectionFactory
instanceKlass org/springframework/data/projection/ProjectionFactory
instanceKlass org/springframework/validation/BindingResult
instanceKlass org/springframework/web/ErrorResponse
instanceKlass org/springframework/web/method/annotation/ModelAttributeMethodProcessor
instanceKlass org/springframework/web/method/support/HandlerMethodReturnValueHandler
instanceKlass org/springframework/beans/factory/support/DefaultListableBeanFactory$DependencyObjectProvider
instanceKlass org/springframework/beans/factory/support/DefaultListableBeanFactory$BeanObjectProvider
instanceKlass org/springframework/core/convert/support/NumberToNumberConverterFactory$NumberToNumber
instanceKlass org/springframework/aop/framework/adapter/ThrowsAdviceAdapter
instanceKlass org/springframework/aop/framework/adapter/AfterReturningAdviceAdapter
instanceKlass org/springframework/aop/framework/adapter/MethodBeforeAdviceAdapter
instanceKlass org/springframework/aop/framework/adapter/AdvisorAdapter
instanceKlass org/springframework/aop/framework/adapter/DefaultAdvisorAdapterRegistry
instanceKlass org/springframework/aop/framework/adapter/GlobalAdvisorAdapterRegistry
instanceKlass org/springframework/aop/framework/autoproxy/TargetSourceCreator
instanceKlass org/springframework/aop/framework/adapter/AdvisorAdapterRegistry
instanceKlass org/springframework/aop/framework/autoproxy/BeanFactoryAdvisorRetrievalHelper
instanceKlass org/springframework/aop/TrueMethodMatcher
instanceKlass org/springframework/aop/support/annotation/AnnotationClassFilter
instanceKlass org/springframework/aop/MethodMatcher
instanceKlass org/springframework/aop/ClassFilter
instanceKlass org/springframework/aop/support/annotation/AnnotationMatchingPointcut
instanceKlass org/springframework/dao/support/PersistenceExceptionTranslator
instanceKlass org/springframework/dao/support/PersistenceExceptionTranslationInterceptor
instanceKlass org/springframework/aop/Advisor$1
instanceKlass org/springframework/aop/Pointcut
instanceKlass org/springframework/aop/support/AbstractPointcutAdvisor
instanceKlass org/springframework/aop/PointcutAdvisor
instanceKlass org/springframework/util/ReflectionUtils$FieldCallback
instanceKlass org/springframework/beans/factory/annotation/InjectionMetadata
instanceKlass org/springframework/stereotype/Repository
instanceKlass org/springframework/aop/Advisor
instanceKlass java/lang/reflect/AnnotatedType
instanceKlass java/lang/Class$EnclosingMethodInfo
instanceKlass org/springframework/data/repository/core/RepositoryInformation
instanceKlass org/springframework/data/repository/core/EntityInformation
instanceKlass org/springframework/data/repository/core/EntityMetadata
instanceKlass org/springframework/data/repository/core/support/RepositoryFactoryCustomizer
instanceKlass org/springframework/data/repository/query/QueryMethodEvaluationContextProvider
instanceKlass org/springframework/data/mapping/PersistentEntity
instanceKlass org/springframework/data/mongodb/core/index/IndexOperations
instanceKlass org/springframework/data/repository/core/support/QueryCreationListener
instanceKlass org/springframework/data/repository/core/support/RepositoryProxyPostProcessor
instanceKlass org/springframework/data/repository/core/support/RepositoryComposition
instanceKlass org/springframework/data/repository/core/support/RepositoryInvocationMulticaster
instanceKlass org/springframework/util/MethodInvoker
instanceKlass org/springframework/beans/factory/support/AutowireUtils
instanceKlass java/util/Collections$UnmodifiableMap$UnmodifiableEntrySet$UnmodifiableEntry
instanceKlass java/util/Collections$UnmodifiableMap$UnmodifiableEntrySet$1
instanceKlass org/springframework/beans/factory/annotation/Lookup
instanceKlass org/springframework/core/annotation/AnnotatedElementUtils$AnnotatedElementForAnnotations
instanceKlass org/springframework/beans/factory/support/ConstructorResolver$ArgumentsHolder
instanceKlass org/springframework/validation/Errors
instanceKlass org/springframework/boot/context/properties/ConfigurationPropertiesJsr303Validator
instanceKlass org/springframework/boot/context/properties/PropertySourcesDeducer
instanceKlass org/springframework/jndi/JndiTemplate
instanceKlass jakarta/annotation/Resource
instanceKlass org/springframework/beans/factory/annotation/InitDestroyAnnotationBeanPostProcessor$LifecycleMetadata
instanceKlass org/springframework/beans/factory/support/MethodOverride
instanceKlass org/springframework/context/support/PostProcessorRegistrationDelegate$BeanPostProcessorChecker
instanceKlass org/springframework/aop/config/AopConfigUtils
instanceKlass org/springframework/context/expression/CachedExpressionEvaluator
instanceKlass org/springframework/boot/autoconfigure/flyway/FlywayMigrationInitializer
instanceKlass org/springframework/boot/sql/init/AbstractScriptDatabaseInitializer
instanceKlass org/springframework/boot/sql/init/dependency/BeansOfTypeDetector
instanceKlass org/springframework/boot/sql/init/dependency/DatabaseInitializationDependencyConfigurer$DependsOnDatabaseInitializationPostProcessor$InitializerBeanNames
instanceKlass org/springframework/boot/sql/init/dependency/AbstractBeansOfTypeDatabaseInitializerDetector
instanceKlass org/springframework/boot/sql/init/dependency/DatabaseInitializerDetector
instanceKlass org/springframework/beans/factory/config/RuntimeBeanNameReference
instanceKlass org/springframework/beans/factory/config/BeanDefinitionVisitor
instanceKlass org/springframework/util/DefaultPropertiesPersister
instanceKlass sun/security/provider/ByteArrayAccess
instanceKlass java/lang/constant/DynamicConstantDesc
instanceKlass java/lang/constant/DirectMethodHandleDesc$1
instanceKlass java/lang/constant/DirectMethodHandleDescImpl$1
instanceKlass java/lang/constant/DirectMethodHandleDescImpl
instanceKlass java/lang/constant/DirectMethodHandleDesc
instanceKlass java/lang/constant/MethodHandleDesc$1
instanceKlass java/lang/constant/MethodHandleDesc
instanceKlass java/lang/constant/MethodTypeDescImpl
instanceKlass java/lang/constant/MethodTypeDesc
instanceKlass java/lang/constant/ReferenceClassDescImpl
instanceKlass java/lang/constant/ConstantUtils
instanceKlass java/lang/constant/ClassDesc
instanceKlass java/lang/constant/ConstantDescs
instanceKlass java/lang/invoke/VarHandle$2
instanceKlass java/lang/invoke/VarHandle$TypesAndInvokers
instanceKlass java/lang/invoke/VarHandleByteArrayBase
instanceKlass sun/security/provider/ByteArrayAccess$LE
instanceKlass sun/security/util/MessageDigestSpi2
instanceKlass sun/security/jca/GetInstance$Instance
instanceKlass jdk/internal/event/Event
instanceKlass sun/security/jca/GetInstance
instanceKlass java/security/MessageDigestSpi
instanceKlass org/springframework/context/annotation/ConfigurationClassPostProcessor$ImportAwareBeanPostProcessor
instanceKlass jdk/internal/reflect/UnsafeFieldAccessorFactory
instanceKlass org/springframework/cglib/proxy/Enhancer$EnhancerFactoryData
instanceKlass org/springframework/cglib/proxy/MethodProxy$CreateInfo
instanceKlass org/springframework/cglib/proxy/MethodProxy
instanceKlass org/springframework/cglib/core/ClassNameReader
instanceKlass org/springframework/asm/Handler
instanceKlass org/springframework/cglib/core/Local
instanceKlass java/util/LinkedList$ListItr
instanceKlass org/springframework/cglib/core/EmitUtils$3
instanceKlass java/util/DualPivotQuicksort
instanceKlass org/springframework/cglib/proxy/MethodInterceptorGenerator$1
instanceKlass org/springframework/asm/Edge
instanceKlass org/springframework/cglib/core/EmitUtils$ArrayDelimiters
instanceKlass org/springframework/cglib/core/ProcessArrayCallback
instanceKlass org/springframework/cglib/core/EmitUtils
instanceKlass org/springframework/cglib/proxy/Enhancer$4
instanceKlass org/springframework/cglib/core/LocalVariablesSorter$State
instanceKlass org/springframework/asm/Label
instanceKlass org/springframework/asm/Frame
instanceKlass org/springframework/cglib/proxy/BridgeMethodResolver
instanceKlass org/springframework/cglib/core/ClassEmitter$FieldInfo
instanceKlass org/springframework/cglib/core/MethodInfoTransformer
instanceKlass java/util/AbstractList$SubList$1
instanceKlass org/springframework/cglib/core/DuplicatesPredicate
instanceKlass org/springframework/cglib/core/RejectModifierPredicate
instanceKlass org/springframework/cglib/core/MethodWrapper
instanceKlass org/springframework/cglib/proxy/Factory
instanceKlass org/springframework/cglib/core/VisibilityPredicate
instanceKlass org/springframework/cglib/transform/TransformingClassGenerator
instanceKlass org/springframework/asm/ByteVector
instanceKlass org/springframework/asm/Symbol
instanceKlass org/springframework/asm/SymbolTable
instanceKlass org/springframework/asm/RecordComponentVisitor
instanceKlass org/springframework/asm/ModuleVisitor
instanceKlass org/springframework/asm/FieldVisitor
instanceKlass java/lang/invoke/DirectMethodHandle$1
instanceKlass java/lang/runtime/ObjectMethods$1
instanceKlass sun/invoke/util/ValueConversions$WrapperCache
instanceKlass java/lang/invoke/MethodHandleImpl$Makers$2
instanceKlass java/lang/invoke/MethodHandleImpl$Makers$1
instanceKlass java/lang/invoke/MethodHandleImpl$Makers
instanceKlass java/lang/runtime/ObjectMethods
instanceKlass org/springframework/cglib/core/internal/LoadingCache
instanceKlass org/springframework/cglib/core/internal/Function
instanceKlass org/springframework/cglib/core/AbstractClassGenerator$ClassLoaderData
instanceKlass org/springframework/cglib/core/MethodInfo
instanceKlass org/springframework/cglib/core/ClassInfo
instanceKlass org/springframework/cglib/core/ReflectUtils
instanceKlass org/springframework/cglib/proxy/ProxyRefDispatcher
instanceKlass org/springframework/cglib/proxy/FixedValueGenerator
instanceKlass org/springframework/cglib/proxy/FixedValue
instanceKlass org/springframework/cglib/proxy/DispatcherGenerator
instanceKlass org/springframework/cglib/proxy/Dispatcher
instanceKlass org/springframework/cglib/proxy/LazyLoaderGenerator
instanceKlass org/springframework/cglib/proxy/LazyLoader
instanceKlass org/springframework/cglib/proxy/InvocationHandlerGenerator
instanceKlass org/springframework/cglib/proxy/InvocationHandler
instanceKlass org/springframework/cglib/proxy/MethodInterceptorGenerator
instanceKlass org/springframework/cglib/proxy/NoOpGenerator
instanceKlass org/springframework/cglib/proxy/CallbackGenerator
instanceKlass org/springframework/cglib/proxy/CallbackInfo
instanceKlass org/springframework/cglib/core/SpringNamingPolicy
instanceKlass org/springframework/cglib/core/DefaultNamingPolicy
instanceKlass org/springframework/cglib/core/DefaultGeneratorStrategy
instanceKlass org/springframework/cglib/core/AsmApi
instanceKlass org/springframework/cglib/core/Constants
instanceKlass org/springframework/cglib/core/Signature
instanceKlass org/springframework/cglib/core/CollectionUtils
instanceKlass org/springframework/cglib/core/TypeUtils
instanceKlass org/springframework/cglib/core/AbstractClassGenerator$Source
instanceKlass org/springframework/cglib/core/Transformer
instanceKlass org/springframework/cglib/core/ProcessSwitchCallback
instanceKlass org/springframework/cglib/proxy/CallbackGenerator$Context
instanceKlass org/springframework/cglib/core/ObjectSwitchCallback
instanceKlass org/springframework/cglib/core/Predicate
instanceKlass org/springframework/cglib/core/AbstractClassGenerator
instanceKlass org/springframework/cglib/core/ClassGenerator
instanceKlass org/springframework/context/annotation/ConfigurationClassEnhancer$EnhancedConfiguration
instanceKlass org/springframework/aop/framework/autoproxy/AutoProxyUtils
instanceKlass org/springframework/objenesis/instantiator/ObjectInstantiator
instanceKlass org/springframework/objenesis/strategy/BaseInstantiatorStrategy
instanceKlass org/springframework/objenesis/strategy/InstantiatorStrategy
instanceKlass org/springframework/objenesis/SpringObjenesis
instanceKlass org/springframework/objenesis/Objenesis
instanceKlass org/springframework/context/annotation/ConfigurationClassEnhancer$ConditionalCallbackFilter
instanceKlass org/springframework/cglib/proxy/NoOp$1
instanceKlass org/springframework/cglib/proxy/NoOp
instanceKlass org/springframework/context/annotation/ConfigurationClassEnhancer$BeanFactoryAwareMethodInterceptor
instanceKlass org/springframework/context/annotation/ConfigurationClassEnhancer$BeanMethodInterceptor
instanceKlass org/springframework/context/annotation/ConfigurationClassEnhancer$ConditionalCallback
instanceKlass org/springframework/cglib/proxy/MethodInterceptor
instanceKlass org/springframework/cglib/proxy/Callback
instanceKlass org/springframework/cglib/proxy/CallbackFilter
instanceKlass org/springframework/cglib/core/GeneratorStrategy
instanceKlass org/springframework/cglib/core/NamingPolicy
instanceKlass org/springframework/context/annotation/ConfigurationClassEnhancer
instanceKlass org/springframework/cloud/context/scope/StandardScopeCache
instanceKlass org/springframework/cloud/context/scope/GenericScope$BeanLifecycleWrapperCache
instanceKlass org/springframework/cloud/context/scope/ScopeCache
instanceKlass org/springframework/beans/factory/support/ConstructorResolver
instanceKlass org/springframework/transaction/support/AbstractPlatformTransactionManager
instanceKlass org/springframework/transaction/ConfigurableTransactionManager
instanceKlass org/springframework/boot/context/properties/DeprecatedConfigurationProperty
instanceKlass org/springframework/cloud/openfeign/FeignBuilderCustomizer
instanceKlass feign/RequestTemplate
instanceKlass org/springframework/cloud/openfeign/FeignClientProperties$FeignClientConfiguration
instanceKlass feign/BaseBuilder
instanceKlass feign/Target$HardCodedTarget
instanceKlass feign/Target
instanceKlass org/springframework/data/repository/config/AotRepositoryContext
instanceKlass org/springframework/data/aot/AotContext
instanceKlass org/springframework/aot/generate/GenerationContext
instanceKlass org/springframework/lang/NonNull
instanceKlass org/springframework/data/repository/core/support/RepositoryFragment
instanceKlass org/springframework/cloud/openfeign/support/FeignHttpClientProperties$Http2Properties
instanceKlass org/springframework/cloud/openfeign/support/FeignHttpClientProperties$OkHttp
instanceKlass org/springframework/cloud/openfeign/support/FeignHttpClientProperties$Hc5Properties
instanceKlass org/springframework/cloud/openfeign/aot/FeignClientBeanFactoryInitializationAotProcessor
instanceKlass org/springframework/cloud/client/actuator/HasFeatures
instanceKlass org/springframework/cloud/openfeign/aot/FeignChildContextInitializer
instanceKlass org/springframework/cloud/context/named/NamedContextFactory
instanceKlass feign/Capability
instanceKlass org/springframework/cloud/openfeign/FeignAutoConfiguration
instanceKlass org/aopalliance/intercept/MethodInterceptor
instanceKlass org/aopalliance/intercept/Interceptor
instanceKlass org/aopalliance/aop/Advice
instanceKlass org/springframework/cloud/openfeign/support/FeignEncoderProperties
instanceKlass org/springframework/cloud/openfeign/support/FeignHttpClientProperties
instanceKlass org/springframework/cloud/openfeign/FeignClientProperties
instanceKlass org/springframework/cloud/openfeign/FeignAutoConfiguration$FeignJacksonConfiguration
instanceKlass org/springframework/cloud/openfeign/FeignAutoConfiguration$DefaultFeignTargeterConfiguration
instanceKlass org/springframework/cloud/configuration/SleuthPresentVerifier
instanceKlass org/springframework/cloud/configuration/SpringBootVersionVerifier
instanceKlass org/springframework/cloud/configuration/CompatibilityVerifier
instanceKlass org/springframework/cloud/configuration/CompositeCompatibilityVerifier
instanceKlass org/springframework/cloud/configuration/CompatibilityVerifierAutoConfiguration
instanceKlass org/springframework/cloud/openfeign/Targeter
instanceKlass org/springframework/cloud/configuration/CompatibilityVerifierProperties
instanceKlass org/springframework/cloud/commons/util/UtilAutoConfiguration
instanceKlass org/springframework/cloud/commons/security/ResourceServerTokenRelayAutoConfiguration
instanceKlass org/springframework/cloud/commons/security/ResourceServerTokenRelayAutoConfiguration$ResourceServerTokenRelayRegistrationAutoConfiguration
instanceKlass org/springframework/cloud/commons/config/DefaultsBindHandlerAdvisor
instanceKlass org/springframework/boot/context/properties/ConfigurationPropertiesBindHandlerAdvisor
instanceKlass org/springframework/cloud/commons/config/CommonsConfigAutoConfiguration
instanceKlass org/springframework/cloud/client/serviceregistry/ServiceRegistryAutoConfiguration
instanceKlass org/springframework/cloud/client/serviceregistry/AutoServiceRegistrationAutoConfiguration
instanceKlass org/springframework/cloud/commons/config/DefaultsBindHandlerAdvisor$MappingsProvider
instanceKlass org/springframework/cloud/client/loadbalancer/LoadBalancerDefaultMappingsProviderAutoConfiguration
instanceKlass org/springframework/cloud/client/serviceregistry/AutoServiceRegistrationConfiguration
instanceKlass org/springframework/cloud/client/serviceregistry/AutoServiceRegistrationProperties
instanceKlass org/springframework/cloud/client/ReactiveCommonsClientAutoConfiguration
instanceKlass org/springframework/cloud/client/discovery/composite/CompositeDiscoveryClient
instanceKlass org/springframework/cloud/client/discovery/DiscoveryClient
instanceKlass org/springframework/cloud/client/discovery/composite/CompositeDiscoveryClientAutoConfiguration
instanceKlass org/springframework/cloud/client/discovery/simple/SimpleDiscoveryProperties
instanceKlass org/springframework/cloud/client/CommonsClientAutoConfiguration
instanceKlass org/springframework/cloud/client/discovery/simple/SimpleDiscoveryClientAutoConfiguration
instanceKlass org/springframework/cloud/autoconfigure/LifecycleMvcEndpointAutoConfiguration
instanceKlass org/springframework/cloud/context/environment/EnvironmentManager
instanceKlass org/springframework/cloud/context/properties/ConfigurationPropertiesRebinder
instanceKlass org/springframework/cloud/autoconfigure/ConfigurationPropertiesRebinderAutoConfiguration
instanceKlass org/springframework/cloud/context/properties/ConfigurationPropertiesBeans
instanceKlass org/springframework/boot/autoconfigure/web/servlet/MultipartAutoConfiguration
instanceKlass org/springframework/boot/autoconfigure/web/servlet/HttpEncodingAutoConfiguration$LocaleCharsetMappingsCustomizer
instanceKlass org/springframework/boot/autoconfigure/web/servlet/MultipartProperties
instanceKlass org/springframework/boot/autoconfigure/web/servlet/HttpEncodingAutoConfiguration
instanceKlass org/springframework/boot/autoconfigure/web/embedded/EmbeddedWebServerFactoryCustomizerAutoConfiguration
instanceKlass org/springframework/boot/autoconfigure/web/embedded/TomcatVirtualThreadsWebServerFactoryCustomizer
instanceKlass org/springframework/boot/autoconfigure/web/embedded/TomcatWebServerFactoryCustomizer
instanceKlass org/springframework/boot/autoconfigure/web/embedded/EmbeddedWebServerFactoryCustomizerAutoConfiguration$TomcatWebServerFactoryCustomizerConfiguration
instanceKlass org/springframework/boot/autoconfigure/web/client/RestTemplateBuilderConfigurer
instanceKlass org/springframework/boot/autoconfigure/web/client/RestTemplateAutoConfiguration
instanceKlass org/springframework/boot/web/client/RestTemplateBuilder
instanceKlass org/springframework/boot/autoconfigure/web/client/AutoConfiguredRestClientSsl
instanceKlass org/springframework/boot/autoconfigure/web/client/RestClientSsl
instanceKlass org/springframework/web/client/RestClient$Builder
instanceKlass org/springframework/boot/autoconfigure/web/client/RestClientBuilderConfigurer
instanceKlass org/springframework/boot/autoconfigure/web/client/RestClientAutoConfiguration
instanceKlass org/springframework/boot/autoconfigure/web/client/HttpMessageConvertersRestClientCustomizer
instanceKlass org/springframework/boot/web/client/RestClientCustomizer
instanceKlass org/springframework/transaction/ReactiveTransactionManager
instanceKlass org/springframework/boot/autoconfigure/task/TaskSchedulingAutoConfiguration
instanceKlass org/springframework/boot/autoconfigure/task/TaskSchedulingProperties$Shutdown
instanceKlass org/springframework/boot/autoconfigure/task/TaskSchedulingProperties$Simple
instanceKlass org/springframework/boot/autoconfigure/task/TaskSchedulingProperties$Pool
instanceKlass org/springframework/boot/autoconfigure/task/TaskSchedulingConfigurations$TaskSchedulerConfiguration
instanceKlass org/springframework/boot/autoconfigure/task/TaskSchedulingConfigurations$SimpleAsyncTaskSchedulerBuilderConfiguration
instanceKlass org/springframework/boot/task/SimpleAsyncTaskSchedulerBuilder
instanceKlass org/springframework/boot/autoconfigure/task/TaskSchedulingConfigurations$TaskSchedulerBuilderConfiguration
instanceKlass org/springframework/boot/autoconfigure/task/TaskSchedulingProperties
instanceKlass org/springframework/boot/task/ThreadPoolTaskSchedulerCustomizer
instanceKlass org/springframework/boot/task/TaskSchedulerCustomizer
instanceKlass org/springframework/boot/task/ThreadPoolTaskSchedulerBuilder
instanceKlass org/springframework/boot/autoconfigure/task/TaskSchedulingConfigurations$ThreadPoolTaskSchedulerBuilderConfiguration
instanceKlass org/springframework/boot/autoconfigure/sql/init/SqlInitializationAutoConfiguration
instanceKlass org/springframework/boot/autoconfigure/info/ProjectInfoAutoConfiguration
instanceKlass org/springframework/boot/task/TaskSchedulerBuilder
instanceKlass org/springframework/boot/sql/init/dependency/DatabaseInitializationDependencyConfigurer$DependsOnDatabaseInitializationPostProcessor
instanceKlass org/springframework/boot/autoconfigure/sql/init/DataSourceInitializationConfiguration
instanceKlass org/springframework/boot/autoconfigure/sql/init/R2dbcInitializationConfiguration
instanceKlass org/springframework/boot/autoconfigure/sql/init/SqlInitializationProperties
instanceKlass org/springframework/boot/autoconfigure/info/ProjectInfoProperties$Git
instanceKlass org/springframework/boot/autoconfigure/info/ProjectInfoProperties$Build
instanceKlass org/springframework/boot/autoconfigure/info/ProjectInfoProperties
instanceKlass org/springframework/boot/autoconfigure/data/web/SpringDataWebProperties$Sort
instanceKlass org/springframework/boot/autoconfigure/data/web/SpringDataWebProperties$Pageable
instanceKlass org/springframework/boot/autoconfigure/data/web/SpringDataWebAutoConfiguration
instanceKlass org/springframework/data/web/config/SpringDataJacksonConfiguration
instanceKlass org/springframework/data/mongodb/config/GeoJsonConfiguration
instanceKlass org/springframework/data/web/config/OffsetScrollPositionHandlerMethodArgumentResolverCustomizer
instanceKlass org/springframework/data/web/OffsetScrollPositionHandlerMethodArgumentResolverSupport
instanceKlass org/springframework/data/web/OffsetScrollPositionArgumentResolver
instanceKlass org/springframework/data/web/config/SortHandlerMethodArgumentResolverCustomizer
instanceKlass org/springframework/data/web/SortHandlerMethodArgumentResolverSupport
instanceKlass org/springframework/data/web/SortArgumentResolver
instanceKlass org/springframework/data/web/config/ProjectingArgumentResolverRegistrar$ProjectingArgumentResolverBeanPostProcessor
instanceKlass org/springframework/data/web/config/PageableHandlerMethodArgumentResolverCustomizer
instanceKlass org/springframework/boot/autoconfigure/data/web/SpringDataWebProperties
instanceKlass org/springframework/boot/autoconfigure/data/rest/RepositoryRestMvcAutoConfiguration
instanceKlass org/springframework/boot/autoconfigure/http/HttpMessageConvertersAutoConfiguration
instanceKlass org/springframework/boot/context/properties/bind/BindableRuntimeHintsRegistrar
instanceKlass org/springframework/boot/autoconfigure/http/JsonbHttpMessageConvertersConfiguration
instanceKlass org/springframework/boot/autoconfigure/http/GsonHttpMessageConvertersConfiguration
instanceKlass org/springframework/boot/autoconfigure/jsonb/JsonbAutoConfiguration
instanceKlass org/springframework/boot/autoconfigure/http/JacksonHttpMessageConvertersConfiguration
instanceKlass org/springframework/boot/autoconfigure/http/JacksonHttpMessageConvertersConfiguration$MappingJackson2HttpMessageConverterConfiguration
instanceKlass org/springframework/boot/autoconfigure/http/HttpMessageConvertersAutoConfiguration$StringHttpMessageConverterConfiguration
instanceKlass com/google/gson/FieldNamingStrategy
instanceKlass org/springframework/boot/autoconfigure/gson/GsonAutoConfiguration$StandardGsonBuilderCustomizer
instanceKlass org/springframework/boot/autoconfigure/gson/GsonBuilderCustomizer
instanceKlass org/springframework/boot/autoconfigure/gson/GsonAutoConfiguration
instanceKlass com/google/gson/GsonBuilder
instanceKlass org/springframework/boot/autoconfigure/gson/GsonProperties
instanceKlass org/springframework/boot/autoconfigure/data/mongo/MongoDataAutoConfiguration
instanceKlass org/springframework/data/mongodb/gridfs/GridFsOperationsSupport
instanceKlass org/springframework/data/mongodb/gridfs/GridFsOperations
instanceKlass org/springframework/boot/autoconfigure/data/mongo/MongoDatabaseFactoryDependentConfiguration
instanceKlass org/springframework/data/mongodb/core/MongoDatabaseFactorySupport
instanceKlass org/springframework/boot/autoconfigure/data/mongo/MongoDatabaseFactoryConfiguration
instanceKlass org/springframework/data/mongodb/core/convert/AbstractMongoConverter
instanceKlass org/springframework/data/mongodb/core/convert/MongoConverter
instanceKlass org/springframework/data/mongodb/core/convert/MongoWriter
instanceKlass org/springframework/data/convert/EntityConverter
instanceKlass org/springframework/data/convert/EntityWriter
instanceKlass org/springframework/data/convert/EntityReader
instanceKlass org/springframework/data/convert/CustomConversions
instanceKlass org/springframework/data/mongodb/core/convert/DbRefResolver
instanceKlass org/springframework/data/mongodb/core/convert/ReferenceResolver
instanceKlass org/springframework/data/mapping/context/AbstractMappingContext
instanceKlass org/springframework/data/mapping/context/MappingContext
instanceKlass org/springframework/boot/autoconfigure/data/mongo/MongoDataConfiguration
instanceKlass org/springframework/data/mongodb/MongoManagedTypes
instanceKlass org/springframework/data/domain/ManagedTypes
instanceKlass org/springframework/boot/autoconfigure/mongo/MongoProperties$Ssl
instanceKlass org/springframework/boot/autoconfigure/mongo/MongoProperties$Gridfs
instanceKlass org/springframework/boot/autoconfigure/mongo/PropertiesMongoConnectionDetails
instanceKlass org/springframework/boot/autoconfigure/mongo/MongoAutoConfiguration
instanceKlass org/springframework/boot/autoconfigure/mongo/StandardMongoClientSettingsBuilderCustomizer
instanceKlass org/springframework/boot/autoconfigure/mongo/MongoClientSettingsBuilderCustomizer
instanceKlass org/springframework/boot/autoconfigure/mongo/MongoAutoConfiguration$MongoClientSettingsConfiguration
instanceKlass org/springframework/boot/autoconfigure/mongo/MongoConnectionDetails
instanceKlass org/springframework/boot/autoconfigure/service/connection/ConnectionDetails
instanceKlass org/springframework/boot/autoconfigure/mongo/MongoProperties
instanceKlass com/mongodb/MongoClientSettings
instanceKlass org/springframework/boot/autoconfigure/dao/PersistenceExceptionTranslationAutoConfiguration
instanceKlass org/springframework/context/support/DefaultLifecycleProcessor
instanceKlass org/springframework/boot/autoconfigure/context/LifecycleAutoConfiguration
instanceKlass org/springframework/boot/autoconfigure/context/ConfigurationPropertiesAutoConfiguration
instanceKlass org/springframework/boot/autoconfigure/context/LifecycleProperties
instanceKlass org/springframework/cloud/context/refresh/RefreshScopeLifecycle
instanceKlass org/springframework/cloud/endpoint/event/RefreshEventListener
instanceKlass org/springframework/cloud/context/refresh/ContextRefresher
instanceKlass org/springframework/cloud/logging/LoggingRebinder
instanceKlass org/springframework/cloud/autoconfigure/RefreshAutoConfiguration
instanceKlass org/springframework/cloud/autoconfigure/RefreshAutoConfiguration$RefreshScopeBeanDefinitionEnhancer
instanceKlass org/springframework/boot/autoconfigure/transaction/ExecutionListenersTransactionManagerCustomizer
instanceKlass org/springframework/cloud/autoconfigure/RefreshAutoConfiguration$RefreshProperties
instanceKlass org/springframework/boot/autoconfigure/orm/jpa/HibernateJpaAutoConfiguration
instanceKlass org/springframework/boot/autoconfigure/transaction/TransactionManagerCustomizationAutoConfiguration
instanceKlass org/springframework/boot/autoconfigure/jackson/JacksonAutoConfiguration
instanceKlass org/springframework/boot/jackson/JsonMixinModuleEntries
instanceKlass org/springframework/boot/autoconfigure/jackson/JacksonAutoConfiguration$JacksonMixinConfiguration
instanceKlass org/springframework/boot/autoconfigure/transaction/TransactionManagerCustomizers
instanceKlass org/springframework/boot/autoconfigure/transaction/TransactionProperties
instanceKlass org/springframework/boot/autoconfigure/transaction/TransactionManagerCustomizer
instanceKlass org/springframework/boot/autoconfigure/transaction/TransactionAutoConfiguration
instanceKlass org/springframework/boot/autoconfigure/jackson/JacksonAutoConfiguration$JacksonObjectMapperConfiguration
instanceKlass org/springframework/boot/autoconfigure/jackson/JacksonAutoConfiguration$ParameterNamesModuleConfiguration
instanceKlass org/springframework/boot/autoconfigure/jackson/JacksonAutoConfiguration$JacksonObjectMapperBuilderConfiguration
instanceKlass org/springframework/boot/autoconfigure/jackson/JacksonAutoConfiguration$Jackson2ObjectMapperBuilderCustomizerConfiguration$StandardJackson2ObjectMapperBuilderCustomizer
instanceKlass org/springframework/boot/autoconfigure/jackson/Jackson2ObjectMapperBuilderCustomizer
instanceKlass org/springframework/boot/autoconfigure/jackson/JacksonAutoConfiguration$Jackson2ObjectMapperBuilderCustomizerConfiguration
instanceKlass org/springframework/boot/availability/ApplicationAvailabilityBean
instanceKlass org/springframework/boot/autoconfigure/jackson/JacksonProperties$Datatype
instanceKlass org/springframework/boot/autoconfigure/jackson/JacksonProperties
instanceKlass org/springframework/boot/autoconfigure/availability/ApplicationAvailabilityAutoConfiguration
instanceKlass org/springframework/boot/autoconfigure/aop/AopAutoConfiguration
instanceKlass org/springframework/boot/autoconfigure/aop/AopAutoConfiguration$ClassProxyingConfiguration
instanceKlass org/springframework/boot/availability/ApplicationAvailability
instanceKlass org/springframework/boot/autoconfigure/web/WebResourcesRuntimeHints
instanceKlass org/springframework/aot/hint/RuntimeHintsRegistrar
instanceKlass org/springframework/boot/autoconfigure/validation/ValidationAutoConfiguration
instanceKlass org/springframework/web/context/request/RequestContextListener
instanceKlass jakarta/servlet/ServletRequestListener
instanceKlass org/springframework/boot/autoconfigure/http/HttpMessageConverters
instanceKlass org/springframework/web/servlet/config/annotation/ResourceHandlerRegistration
instanceKlass org/springframework/boot/web/servlet/filter/OrderedFilter
instanceKlass org/springframework/boot/autoconfigure/web/servlet/WebMvcAutoConfiguration$WebMvcAutoConfigurationAdapter
instanceKlass org/springframework/lang/Nullable
instanceKlass org/springframework/web/util/UrlPathHelper
instanceKlass org/springframework/web/util/pattern/PathPatternParser
instanceKlass org/springframework/web/servlet/mvc/SimpleControllerHandlerAdapter
instanceKlass org/springframework/web/servlet/handler/HandlerMappingIntrospector
instanceKlass org/springframework/web/cors/CorsConfigurationSource
instanceKlass org/springframework/web/servlet/mvc/HttpRequestHandlerAdapter
instanceKlass org/springframework/web/method/support/CompositeUriComponentsContributor
instanceKlass org/springframework/web/method/support/UriComponentsContributor
instanceKlass org/springframework/web/servlet/function/support/HandlerFunctionAdapter
instanceKlass jakarta/servlet/ServletContext
instanceKlass org/springframework/validation/MessageCodesResolver
instanceKlass org/springframework/web/servlet/config/annotation/DefaultServletHandlerConfigurer
instanceKlass org/springframework/web/servlet/config/annotation/ViewResolverRegistry
instanceKlass org/springframework/web/servlet/config/annotation/ResourceHandlerRegistry
instanceKlass org/springframework/web/servlet/config/annotation/AsyncSupportConfigurer
instanceKlass org/springframework/web/servlet/config/annotation/ContentNegotiationConfigurer
instanceKlass org/springframework/web/servlet/config/annotation/InterceptorRegistry
instanceKlass org/springframework/web/servlet/config/annotation/ViewControllerRegistry
instanceKlass org/springframework/web/servlet/config/annotation/CorsRegistry
instanceKlass org/springframework/web/servlet/config/annotation/PathMatchConfigurer
instanceKlass org/springframework/boot/autoconfigure/web/servlet/WebMvcAutoConfiguration$WelcomePageHandlerMappingFactory
instanceKlass org/springframework/web/accept/ContentNegotiationManager
instanceKlass org/springframework/web/accept/MediaTypeFileExtensionResolver
instanceKlass org/springframework/web/accept/ContentNegotiationStrategy
instanceKlass org/springframework/web/servlet/HandlerAdapter
instanceKlass org/springframework/web/servlet/resource/ResourceUrlProvider
instanceKlass org/springframework/web/servlet/handler/AbstractHandlerExceptionResolver
instanceKlass org/springframework/web/bind/support/ConfigurableWebBindingInitializer
instanceKlass org/springframework/web/servlet/FlashMapManager
instanceKlass org/springframework/web/servlet/LocaleResolver
instanceKlass org/springframework/web/servlet/ThemeResolver
instanceKlass org/springframework/web/servlet/RequestToViewNameTranslator
instanceKlass org/springframework/web/servlet/HandlerInterceptor
instanceKlass org/springframework/web/bind/support/WebBindingInitializer
instanceKlass org/springframework/web/servlet/handler/MatchableHandlerMapping
instanceKlass org/springframework/web/servlet/HandlerMapping
instanceKlass org/springframework/web/servlet/config/annotation/WebMvcConfigurationSupport
instanceKlass org/springframework/boot/web/servlet/error/DefaultErrorAttributes
instanceKlass org/springframework/web/servlet/HandlerExceptionResolver
instanceKlass org/springframework/boot/autoconfigure/web/servlet/error/ErrorMvcAutoConfiguration$ErrorPageCustomizer
instanceKlass org/springframework/boot/web/server/ErrorPageRegistrar
instanceKlass org/springframework/boot/autoconfigure/web/servlet/error/AbstractErrorController
instanceKlass org/springframework/boot/autoconfigure/web/servlet/error/ErrorMvcAutoConfiguration$PreserveErrorControllerTargetClassPostProcessor
instanceKlass org/springframework/boot/web/servlet/error/ErrorController
instanceKlass org/springframework/boot/autoconfigure/web/servlet/error/ErrorMvcAutoConfiguration
instanceKlass org/springframework/boot/autoconfigure/web/servlet/error/DefaultErrorViewResolver
instanceKlass org/springframework/boot/web/servlet/error/ErrorAttributes
instanceKlass org/springframework/boot/autoconfigure/web/servlet/WebMvcAutoConfiguration
instanceKlass org/springframework/boot/autoconfigure/web/WebProperties$Resources
instanceKlass org/springframework/boot/autoconfigure/web/servlet/error/ErrorViewResolver
instanceKlass org/springframework/boot/autoconfigure/web/servlet/error/ErrorMvcAutoConfiguration$DefaultErrorViewResolverConfiguration
instanceKlass org/springframework/boot/autoconfigure/web/WebProperties
instanceKlass org/springframework/web/servlet/View
instanceKlass org/springframework/boot/autoconfigure/web/servlet/error/ErrorMvcAutoConfiguration$WhitelabelErrorViewConfiguration
instanceKlass org/springframework/boot/autoconfigure/task/TaskExecutionAutoConfiguration
instanceKlass org/springframework/context/support/ApplicationObjectSupport
instanceKlass org/springframework/web/servlet/ViewResolver
instanceKlass org/springframework/boot/autoconfigure/task/TaskExecutionProperties$Shutdown
instanceKlass org/springframework/boot/autoconfigure/task/TaskExecutionProperties$Simple
instanceKlass org/springframework/boot/autoconfigure/task/TaskExecutionProperties$Pool
instanceKlass org/springframework/boot/autoconfigure/task/TaskExecutorConfigurations$TaskExecutorConfiguration
instanceKlass org/springframework/boot/autoconfigure/task/TaskExecutorConfigurations$SimpleAsyncTaskExecutorBuilderConfiguration
instanceKlass org/springframework/boot/task/SimpleAsyncTaskExecutorBuilder
instanceKlass org/springframework/boot/autoconfigure/task/TaskExecutorConfigurations$TaskExecutorBuilderConfiguration
instanceKlass org/springframework/boot/autoconfigure/task/TaskExecutionProperties
instanceKlass org/springframework/boot/task/ThreadPoolTaskExecutorCustomizer
instanceKlass org/springframework/boot/task/TaskExecutorCustomizer
instanceKlass org/springframework/boot/task/ThreadPoolTaskExecutorBuilder
instanceKlass org/springframework/boot/autoconfigure/task/TaskExecutorConfigurations$ThreadPoolTaskExecutorBuilderConfiguration
instanceKlass org/springframework/boot/autoconfigure/web/servlet/DispatcherServletAutoConfiguration
instanceKlass org/springframework/boot/autoconfigure/web/servlet/DispatcherServletPath
instanceKlass org/springframework/boot/task/TaskExecutorBuilder
instanceKlass org/springframework/aop/scope/ScopedProxyUtils
instanceKlass org/springframework/boot/autoconfigure/web/servlet/DispatcherServletAutoConfiguration$DispatcherServletRegistrationConfiguration
instanceKlass org/springframework/boot/autoconfigure/web/servlet/WebMvcProperties$Problemdetails
instanceKlass org/springframework/boot/autoconfigure/web/servlet/WebMvcProperties$Pathmatch
instanceKlass org/springframework/boot/autoconfigure/web/servlet/WebMvcProperties$Contentnegotiation
instanceKlass org/springframework/boot/autoconfigure/web/servlet/WebMvcProperties$View
instanceKlass org/springframework/boot/autoconfigure/web/servlet/WebMvcProperties$Servlet
instanceKlass org/springframework/boot/autoconfigure/web/servlet/WebMvcProperties$Async
instanceKlass org/springframework/boot/autoconfigure/web/servlet/WebMvcProperties$Format
instanceKlass org/springframework/validation/MessageCodeFormatter
instanceKlass org/springframework/boot/autoconfigure/web/servlet/DispatcherServletAutoConfiguration$DispatcherServletConfiguration
instanceKlass org/springframework/boot/autoconfigure/web/servlet/WebMvcProperties
instanceKlass org/springframework/boot/web/server/ErrorPageRegistrarBeanPostProcessor
instanceKlass org/springframework/boot/autoconfigure/web/servlet/TomcatServletWebServerFactoryCustomizer
instanceKlass org/springframework/boot/autoconfigure/web/servlet/ServletWebServerFactoryCustomizer
instanceKlass org/springframework/boot/web/server/AbstractConfigurableWebServerFactory
instanceKlass org/springframework/boot/web/servlet/server/ConfigurableServletWebServerFactory
instanceKlass org/springframework/boot/web/servlet/WebListenerRegistry
instanceKlass org/springframework/boot/web/embedded/tomcat/ConfigurableTomcatWebServerFactory
instanceKlass org/springframework/boot/web/server/ConfigurableWebServerFactory
instanceKlass org/springframework/boot/web/server/ErrorPageRegistry
instanceKlass org/springframework/boot/web/server/WebServerFactoryCustomizerBeanPostProcessor
instanceKlass org/springframework/boot/autoconfigure/web/ServerProperties$Undertow
instanceKlass org/springframework/boot/autoconfigure/web/ServerProperties$Netty
instanceKlass org/springframework/boot/autoconfigure/web/ServerProperties$Jetty
instanceKlass org/springframework/boot/autoconfigure/web/ServerProperties$Tomcat
instanceKlass org/springframework/boot/autoconfigure/web/ServerProperties$Reactive
instanceKlass org/springframework/boot/autoconfigure/web/ServerProperties$Servlet
instanceKlass org/springframework/boot/web/server/Http2
instanceKlass org/springframework/boot/web/server/MimeMappings
instanceKlass org/springframework/boot/web/server/Compression
instanceKlass org/springframework/boot/web/server/Ssl
instanceKlass org/springframework/boot/autoconfigure/web/ErrorProperties
instanceKlass org/springframework/boot/autoconfigure/web/servlet/ServletWebServerFactoryConfiguration$EmbeddedUndertow
instanceKlass org/springframework/boot/autoconfigure/web/servlet/ServletWebServerFactoryConfiguration$EmbeddedJetty
instanceKlass org/springframework/boot/autoconfigure/web/servlet/ServletWebServerFactoryConfiguration$EmbeddedTomcat
instanceKlass org/springframework/boot/autoconfigure/web/ServerProperties
instanceKlass org/springframework/boot/autoconfigure/websocket/servlet/WebSocketServletAutoConfiguration
instanceKlass org/springframework/boot/autoconfigure/websocket/servlet/TomcatWebSocketServletWebServerCustomizer
instanceKlass org/springframework/boot/web/server/WebServerFactoryCustomizer
instanceKlass org/springframework/boot/autoconfigure/websocket/servlet/WebSocketServletAutoConfiguration$TomcatWebSocketConfiguration
instanceKlass org/springframework/boot/web/servlet/server/ServletWebServerFactory
instanceKlass org/springframework/boot/web/server/WebServerFactory
instanceKlass org/springframework/boot/autoconfigure/web/servlet/ServletWebServerFactoryAutoConfiguration
instanceKlass org/springframework/boot/context/properties/BindMethodAttribute
instanceKlass org/springframework/boot/autoconfigure/ssl/SslProperties$Bundles
instanceKlass org/springframework/boot/context/properties/ConfigurationPropertiesBean
instanceKlass org/springframework/boot/context/properties/ConfigurationPropertiesBeanRegistrar
instanceKlass org/springframework/boot/validation/beanvalidation/MethodValidationExcludeFilter
instanceKlass org/springframework/boot/context/properties/BoundConfigurationProperties
instanceKlass org/springframework/boot/context/properties/ConfigurationPropertiesBinder$ConfigurationPropertiesBinderFactory
instanceKlass org/springframework/validation/Validator
instanceKlass org/springframework/boot/context/properties/ConfigurationPropertiesBinder
instanceKlass org/springframework/boot/ssl/DefaultSslBundleRegistry
instanceKlass org/springframework/boot/ssl/SslBundles
instanceKlass org/springframework/boot/autoconfigure/ssl/SslPropertiesBundleRegistrar
instanceKlass org/springframework/boot/autoconfigure/ssl/SslBundleRegistrar
instanceKlass org/springframework/boot/autoconfigure/ssl/FileWatcher
instanceKlass org/springframework/boot/autoconfigure/ssl/SslAutoConfiguration
instanceKlass org/springframework/core/annotation/AnnotatedElementUtils
instanceKlass org/springframework/context/annotation/BeanAnnotationHelper
instanceKlass org/springframework/boot/ssl/SslBundleRegistry
instanceKlass org/springframework/boot/autoconfigure/ssl/SslProperties
instanceKlass org/springframework/core/type/StandardMethodMetadata
instanceKlass org/springframework/boot/autoconfigure/context/PropertyPlaceholderAutoConfiguration
instanceKlass org/springframework/data/repository/core/support/RepositoryComposition$RepositoryFragments
instanceKlass org/springframework/data/repository/core/support/PropertiesBasedNamedQueries
instanceKlass org/springframework/data/repository/core/NamedQueries
instanceKlass org/springframework/boot/autoconfigure/condition/OnBeanCondition$MatchResult
instanceKlass org/springframework/cloud/openfeign/RefreshableUrlFactoryBean
instanceKlass org/springframework/cloud/openfeign/RefreshableUrl
instanceKlass org/springframework/cloud/openfeign/OptionsFactoryBean
instanceKlass feign/Request$Options
instanceKlass showdomilhao/service/RestClient
instanceKlass org/springframework/beans/Mergeable
instanceKlass java/net/spi/URLStreamHandlerProvider
instanceKlass java/net/URL$1
instanceKlass java/net/URL$2
instanceKlass org/springframework/cloud/openfeign/FeignClientFactoryBean
instanceKlass org/springframework/cloud/openfeign/FeignClientSpecification
instanceKlass org/springframework/cloud/context/named/NamedContextFactory$Specification
instanceKlass org/springframework/data/repository/config/RepositoryRegistrationAotProcessor
instanceKlass org/springframework/util/StopWatch$TaskInfo
instanceKlass org/springframework/beans/factory/parsing/ComponentDefinition
instanceKlass org/springframework/data/repository/config/RepositoryConfigurationAdapter
instanceKlass org/springframework/data/repository/config/RepositoryFragmentConfigurationProvider
instanceKlass org/springframework/data/repository/config/RepositoryFragmentConfiguration
instanceKlass org/springframework/data/repository/core/support/RepositoryFragmentsFactoryBean
instanceKlass org/springframework/data/repository/config/SelectionSet
instanceKlass org/springframework/data/util/StreamUtils
instanceKlass org/springframework/data/repository/config/DefaultImplementationLookupConfiguration
instanceKlass org/springframework/core/io/support/PropertiesLoaderSupport
instanceKlass org/springframework/data/repository/config/NamedQueriesBeanDefinitionBuilder
instanceKlass java/util/stream/Streams$2
instanceKlass java/util/stream/Streams$ConcatSpliterator
instanceKlass org/springframework/data/util/ReflectionUtils$DescribedFieldFilter
instanceKlass org/springframework/data/util/ReflectionUtils
instanceKlass org/springframework/data/domain/Pageable
instanceKlass org/springframework/data/domain/Example
instanceKlass org/springframework/data/util/ReactiveWrappers$1
instanceKlass org/springframework/data/util/ReactiveWrappers
instanceKlass showdomilhao/model/Scores
instanceKlass org/springframework/util/ConcurrentLruCache$AddTask
instanceKlass org/springframework/util/ConcurrentLruCache$WriteOperations
instanceKlass org/springframework/util/ConcurrentLruCache$ReadOperations
instanceKlass org/springframework/util/ConcurrentLruCache$EvictionQueue
instanceKlass org/springframework/util/ConcurrentLruCache
instanceKlass org/springframework/data/util/TypeDiscoverer
instanceKlass org/springframework/data/util/TypeInformation
instanceKlass org/springframework/data/repository/core/CrudMethods
instanceKlass org/springframework/data/repository/core/support/AbstractRepositoryMetadata
instanceKlass org/springframework/data/repository/core/RepositoryMetadata
instanceKlass showdomilhao/repository/ScoresRepository
instanceKlass org/springframework/data/repository/config/DefaultRepositoryConfiguration
instanceKlass org/springframework/data/repository/util/ClassUtils
instanceKlass org/springframework/data/repository/NoRepositoryBean
instanceKlass org/springframework/data/repository/RepositoryDefinition
instanceKlass org/springframework/data/util/LazyStreamable
instanceKlass org/springframework/util/StopWatch
instanceKlass org/springframework/data/util/Lazy
instanceKlass org/springframework/data/repository/config/ImplementationLookupConfiguration
instanceKlass org/springframework/data/repository/config/RepositoryConfigurationSourceSupport$SpringImplementationDetectionConfiguration
instanceKlass org/springframework/data/repository/config/CustomRepositoryImplementationDetector
instanceKlass org/springframework/data/repository/config/FragmentMetadata
instanceKlass org/springframework/data/repository/config/RepositoryBeanDefinitionBuilder
instanceKlass org/springframework/data/repository/core/support/RepositoryFactorySupport
instanceKlass org/springframework/data/repository/config/RepositoryConfigurationDelegate
instanceKlass org/springframework/data/repository/config/RepositoryConfigurationUtils
instanceKlass org/springframework/data/repository/config/RepositoryConfiguration
instanceKlass org/springframework/data/repository/config/RepositoryConfigurationExtensionSupport
instanceKlass org/springframework/data/repository/config/RepositoryBeanNameGenerator
instanceKlass org/springframework/data/config/ConfigurationUtils
instanceKlass org/springframework/data/repository/config/ImplementationDetectionConfiguration
instanceKlass org/springframework/beans/factory/config/ConstructorArgumentValues$ValueHolder
instanceKlass org/springframework/beans/factory/config/ConstructorArgumentValues
instanceKlass org/springframework/boot/autoconfigure/AutoConfigurationPackages$BasePackages
instanceKlass org/springframework/boot/autoconfigure/AutoConfigurationPackages
instanceKlass org/springframework/boot/autoconfigure/AutoConfigurationPackages$PackageImports
instanceKlass org/springframework/context/annotation/ConfigurationClassBeanDefinitionReader$TrackedConditionEvaluator
instanceKlass org/springframework/data/domain/Sort
instanceKlass org/springframework/data/domain/Page
instanceKlass org/springframework/data/domain/Slice
instanceKlass org/springframework/data/util/Streamable
instanceKlass org/springframework/cloud/client/circuitbreaker/CircuitBreaker
instanceKlass java/net/http/HttpClient
instanceKlass jakarta/annotation/PreDestroy
instanceKlass org/springframework/cloud/client/ConditionalOnDiscoveryHealthIndicatorEnabled
instanceKlass org/springframework/cloud/client/ConditionalOnBlockingDiscoveryEnabled
instanceKlass org/springframework/boot/autoconfigure/condition/ConditionalOnWarDeployment
instanceKlass org/springframework/transaction/annotation/AbstractTransactionManagementConfiguration
instanceKlass org/springframework/context/annotation/ImportAware
instanceKlass org/springframework/context/annotation/AutoProxyRegistrar
instanceKlass org/springframework/transaction/annotation/TransactionManagementConfigurationSelector$1
instanceKlass org/springframework/context/annotation/AdviceModeImportSelector
instanceKlass org/springframework/transaction/annotation/EnableTransactionManagement
instanceKlass org/springframework/boot/sql/init/dependency/DatabaseInitializationDependencyConfigurer
instanceKlass org/springframework/boot/autoconfigure/condition/ConditionalOnResource
instanceKlass org/springframework/data/querydsl/QuerydslUtils
instanceKlass org/springframework/data/web/config/SpringDataJacksonModules
instanceKlass org/springframework/data/web/config/SpringDataWebConfiguration
instanceKlass org/springframework/data/web/config/ProjectingArgumentResolverRegistrar
instanceKlass org/springframework/data/web/config/EnableSpringDataWebSupport$SpringDataWebSettingsRegistar
instanceKlass org/springframework/data/web/config/EnableSpringDataWebSupport$QuerydslActivator
instanceKlass org/springframework/data/web/config/EnableSpringDataWebSupport$SpringDataWebConfigurationImportSelector
instanceKlass org/springframework/data/web/config/EnableSpringDataWebSupport
instanceKlass org/springframework/boot/autoconfigure/condition/AbstractNestedCondition$MemberOutcomes
instanceKlass org/springframework/boot/autoconfigure/condition/AbstractNestedCondition$MemberMatchOutcomes
instanceKlass org/springframework/boot/autoconfigure/condition/AbstractNestedCondition$MemberConditions
instanceKlass org/springframework/data/repository/config/RepositoryConfigurationSourceSupport
instanceKlass org/springframework/boot/autoconfigure/data/AbstractRepositoryConfigurationSourceSupport
instanceKlass org/springframework/boot/autoconfigure/data/ConditionalOnRepositoryType
instanceKlass org/springframework/data/mongodb/MongoDatabaseFactory
instanceKlass org/springframework/data/mongodb/MongoSessionProvider
instanceKlass org/springframework/data/mongodb/CodecRegistryProvider
instanceKlass org/springframework/cache/Cache
instanceKlass org/springframework/boot/autoconfigure/cache/NoOpCacheConfiguration
instanceKlass org/springframework/boot/autoconfigure/cache/SimpleCacheConfiguration
instanceKlass org/springframework/boot/autoconfigure/cache/Cache2kCacheConfiguration
instanceKlass org/springframework/boot/autoconfigure/cache/CaffeineCacheConfiguration
instanceKlass org/springframework/boot/autoconfigure/cache/RedisCacheConfiguration
instanceKlass org/springframework/boot/autoconfigure/cache/CouchbaseCacheConfiguration
instanceKlass org/springframework/boot/autoconfigure/cache/JCacheCacheConfiguration
instanceKlass org/springframework/boot/autoconfigure/cache/InfinispanCacheConfiguration
instanceKlass org/springframework/boot/autoconfigure/cache/HazelcastCacheConfiguration
instanceKlass org/springframework/boot/autoconfigure/cache/GenericCacheConfiguration
instanceKlass org/springframework/boot/autoconfigure/cache/CacheConfigurations
instanceKlass org/springframework/boot/autoconfigure/cache/CacheAutoConfiguration$CacheConfigurationImportSelector
instanceKlass org/springframework/cloud/util/ConditionalOnBootstrapDisabled
instanceKlass org/springframework/cloud/util/ConditionalOnBootstrapEnabled
instanceKlass org/springframework/boot/autoconfigure/web/WebProperties$Resources$Chain
instanceKlass org/springframework/boot/autoconfigure/web/ConditionalOnEnabledResourceChain
instanceKlass org/apache/jasper/compiler/JspConfig
instanceKlass org/springframework/boot/autoconfigure/web/servlet/JspTemplateAvailabilityProvider
instanceKlass org/springframework/boot/autoconfigure/thymeleaf/ThymeleafTemplateAvailabilityProvider
instanceKlass org/springframework/boot/autoconfigure/mustache/MustacheTemplateAvailabilityProvider
instanceKlass org/springframework/boot/autoconfigure/template/PathBasedTemplateAvailabilityProvider$TemplateAvailabilityProperties
instanceKlass org/springframework/boot/autoconfigure/template/PathBasedTemplateAvailabilityProvider
instanceKlass org/springframework/boot/autoconfigure/template/TemplateAvailabilityProviders$NoTemplateAvailabilityProvider
instanceKlass org/springframework/boot/autoconfigure/template/TemplateAvailabilityProvider
instanceKlass org/springframework/boot/autoconfigure/template/TemplateAvailabilityProviders
instanceKlass org/springframework/boot/autoconfigure/condition/ConditionalOnThreading
instanceKlass showdomilhao/MainController
instanceKlass showdomilhao/controller/Controller
instanceKlass org/apache/coyote/UpgradeProtocol
instanceKlass org/springframework/boot/autoconfigure/web/servlet/ServletWebServerFactoryAutoConfiguration$BeanPostProcessorsRegistrar
instanceKlass org/springframework/boot/autoconfigure/condition/OnPropertyCondition$Spec
instanceKlass org/springframework/boot/web/servlet/RegistrationBean
instanceKlass org/springframework/boot/web/servlet/ServletContextInitializer
instanceKlass org/springframework/boot/autoconfigure/web/servlet/ConditionalOnMissingFilterBean
instanceKlass org/apache/tomcat/websocket/server/WsSci
instanceKlass jakarta/servlet/ServletContainerInitializer
instanceKlass org/apache/catalina/startup/Tomcat
instanceKlass org/springframework/boot/autoconfigure/condition/ConditionalOnNotWarDeployment
instanceKlass org/springframework/boot/autoconfigure/condition/OnWebApplicationCondition$1
instanceKlass org/springframework/boot/autoconfigure/condition/ConditionalOnMissingClass
instanceKlass org/springframework/context/annotation/ConfigurationMethod
instanceKlass org/springframework/core/annotation/MergedAnnotationCollectors
instanceKlass org/springframework/core/annotation/MergedAnnotationPredicates$UniquePredicate
instanceKlass org/springframework/boot/context/properties/ConfigurationProperties
instanceKlass org/springframework/context/annotation/ImportRuntimeHints
instanceKlass org/springframework/context/annotation/DeferredImportSelector$Group$Entry
instanceKlass org/springframework/boot/autoconfigure/AutoConfigureOrder
instanceKlass org/springframework/boot/context/properties/EnableConfigurationPropertiesRegistrar
instanceKlass org/springframework/boot/context/properties/EnableConfigurationProperties
instanceKlass org/springframework/cloud/client/ConditionalOnReactiveDiscoveryEnabled
instanceKlass org/springframework/boot/autoconfigure/condition/ConditionalOnProperty
instanceKlass org/springframework/cloud/client/ConditionalOnDiscoveryEnabled
instanceKlass org/springframework/boot/autoconfigure/condition/ConditionalOnMissingBean
instanceKlass org/springframework/boot/autoconfigure/AutoConfigureAfter
instanceKlass org/springframework/boot/autoconfigure/AutoConfigureBefore
instanceKlass org/springframework/boot/autoconfigure/AutoConfigurationSorter$AutoConfigurationClass
instanceKlass org/springframework/boot/autoconfigure/AutoConfigurationSorter$AutoConfigurationClasses
instanceKlass org/springframework/boot/autoconfigure/AutoConfigurationSorter
instanceKlass java/util/HashMap$HashMapSpliterator
instanceKlass org/springframework/boot/autoconfigure/condition/ConditionEvaluationReportAutoConfigurationImportListener
instanceKlass org/springframework/boot/autoconfigure/AutoConfigurationImportListener
instanceKlass org/springframework/cloud/client/loadbalancer/LoadBalancerClient
instanceKlass org/springframework/cloud/client/loadbalancer/ServiceInstanceChooser
instanceKlass feign/Client
instanceKlass org/springframework/boot/context/properties/ConfigurationPropertiesBindingPostProcessor
instanceKlass org/springframework/cache/interceptor/AbstractCacheInvoker
instanceKlass org/springframework/boot/autoconfigure/condition/ConditionalOnSingleCandidate
instanceKlass org/springframework/boot/autoconfigure/condition/ConditionalOnBean
instanceKlass org/springframework/boot/autoconfigure/condition/ConditionalOnWebApplication
instanceKlass org/springframework/boot/autoconfigure/condition/ConditionEvaluationReport$ConditionAndOutcome
instanceKlass org/springframework/boot/autoconfigure/condition/ConditionEvaluationReport$ConditionAndOutcomes
instanceKlass org/springframework/jmx/support/MBeanRegistrationSupport
instanceKlass org/springframework/jmx/export/MBeanExportOperations
instanceKlass jakarta/servlet/ServletRegistration
instanceKlass jakarta/servlet/Registration
instanceKlass feign/Feign
instanceKlass org/springframework/cloud/context/scope/GenericScope
instanceKlass org/springframework/http/codec/CodecConfigurer
instanceKlass jakarta/websocket/server/ServerContainer
instanceKlass jakarta/websocket/WebSocketContainer
instanceKlass org/springframework/web/multipart/support/StandardServletMultipartResolver
instanceKlass org/springframework/web/multipart/MultipartResolver
instanceKlass jakarta/servlet/MultipartConfigElement
instanceKlass org/springframework/web/filter/GenericFilterBean
instanceKlass jakarta/servlet/Filter
instanceKlass org/springframework/web/servlet/config/annotation/WebMvcConfigurer
instanceKlass org/springframework/data/web/PageableHandlerMethodArgumentResolverSupport
instanceKlass org/springframework/data/web/PageableArgumentResolver
instanceKlass org/springframework/web/method/support/HandlerMethodArgumentResolver
instanceKlass jakarta/servlet/GenericServlet
instanceKlass jakarta/servlet/ServletConfig
instanceKlass org/springframework/data/mongodb/repository/MongoRepository
instanceKlass org/springframework/data/repository/query/QueryByExampleExecutor
instanceKlass org/springframework/data/repository/ListPagingAndSortingRepository
instanceKlass org/springframework/data/repository/PagingAndSortingRepository
instanceKlass org/springframework/data/repository/ListCrudRepository
instanceKlass org/springframework/data/repository/CrudRepository
instanceKlass org/springframework/data/repository/Repository
instanceKlass org/springframework/data/mongodb/core/MongoTemplate
instanceKlass org/springframework/http/ReactiveHttpInputMessage
instanceKlass org/springframework/http/codec/LoggingCodecSupport
instanceKlass org/springframework/http/codec/HttpMessageReader
instanceKlass org/springframework/http/server/reactive/HttpHandler
instanceKlass org/springframework/data/mongodb/core/ReadPreferenceAware
instanceKlass org/springframework/http/client/support/HttpAccessor
instanceKlass org/springframework/data/mongodb/core/index/IndexOperationsProvider
instanceKlass org/springframework/data/mongodb/core/MongoOperations
instanceKlass org/springframework/data/mongodb/core/FluentMongoOperations
instanceKlass org/springframework/data/mongodb/core/ExecutableMapReduceOperation
instanceKlass org/springframework/data/mongodb/core/ExecutableAggregationOperation
instanceKlass org/springframework/web/client/RestOperations
instanceKlass org/springframework/data/mongodb/core/ExecutableRemoveOperation
instanceKlass org/springframework/data/mongodb/core/ExecutableUpdateOperation
instanceKlass org/springframework/data/mongodb/core/ExecutableInsertOperation
instanceKlass org/springframework/data/mongodb/core/ExecutableFindOperation
instanceKlass org/springframework/web/client/RestClient
instanceKlass org/springframework/transaction/PlatformTransactionManager
instanceKlass org/springframework/transaction/TransactionManager
instanceKlass org/springframework/scheduling/TaskScheduler
instanceKlass org/springframework/util/CustomizableThreadCreator
instanceKlass javax/naming/ldap/LdapContext
instanceKlass javax/naming/directory/DirContext
instanceKlass org/springframework/scheduling/SchedulingTaskExecutor
instanceKlass org/springframework/core/task/AsyncListenableTaskExecutor
instanceKlass org/springframework/core/task/AsyncTaskExecutor
instanceKlass org/springframework/core/task/TaskExecutor
instanceKlass org/springframework/aop/framework/ProxyConfig
instanceKlass org/springframework/cache/CacheManager
instanceKlass javax/sql/DataSource
instanceKlass java/sql/Wrapper
instanceKlass javax/sql/CommonDataSource
instanceKlass org/springframework/boot/autoconfigure/condition/ConditionMessage$ItemsBuilder
instanceKlass org/springframework/boot/autoconfigure/condition/ConditionMessage$Builder
instanceKlass org/springframework/boot/autoconfigure/condition/ConditionMessage
instanceKlass com/mongodb/client/MongoClient
instanceKlass org/springframework/boot/autoconfigure/condition/ConditionalOnClass
instanceKlass org/springframework/boot/autoconfigure/BackgroundPreinitializer$JdkInitializer
instanceKlass org/springframework/boot/autoconfigure/condition/ConditionOutcome
instanceKlass com/sun/security/sasl/Provider$1
instanceKlass org/springframework/boot/autoconfigure/condition/OnClassCondition$ThreadedOutcomesResolver
instanceKlass org/springframework/boot/autoconfigure/condition/OnClassCondition$StandardOutcomesResolver
instanceKlass org/springframework/boot/autoconfigure/AutoConfigurationMetadataLoader$PropertiesAutoConfigurationMetadata
instanceKlass org/jcp/xml/dsig/internal/dom/XMLDSigRI$2
instanceKlass org/jcp/xml/dsig/internal/dom/XMLDSigRI$1
instanceKlass java/security/spec/ECFieldF2m
instanceKlass org/springframework/boot/autoconfigure/AutoConfigurationMetadata
instanceKlass org/springframework/boot/autoconfigure/AutoConfigurationMetadataLoader
instanceKlass org/springframework/boot/autoconfigure/AutoConfigurationImportSelector$ConfigurationClassFilter
instanceKlass sun/security/util/ObjectIdentifier
instanceKlass sun/security/util/ByteArrayTagOrder
instanceKlass sun/security/util/ByteArrayLexOrder
instanceKlass sun/security/util/DerEncoder
instanceKlass java/security/spec/ECParameterSpec
instanceKlass java/security/spec/AlgorithmParameterSpec
instanceKlass java/security/spec/ECPoint
instanceKlass java/security/spec/EllipticCurve
instanceKlass java/security/spec/ECFieldFp
instanceKlass java/security/spec/ECField
instanceKlass sun/security/util/CurveDB
instanceKlass org/springframework/boot/autoconfigure/condition/OnClassCondition$OutcomesResolver
instanceKlass sun/security/ec/SunEC$1
instanceKlass org/springframework/boot/autoconfigure/condition/OnBeanCondition$Spec
instanceKlass org/springframework/boot/autoconfigure/condition/SpringBootCondition
instanceKlass sun/security/mscapi/SunMSCAPI$2
instanceKlass org/springframework/context/annotation/ConfigurationCondition
instanceKlass org/springframework/boot/autoconfigure/AutoConfigurationImportFilter
instanceKlass sun/security/mscapi/SunMSCAPI$1
instanceKlass org/springframework/boot/context/annotation/ImportCandidates
instanceKlass sun/security/jgss/SunProvider$1
instanceKlass org/springframework/boot/autoconfigure/AutoConfiguration
instanceKlass sun/security/pkcs11/SunPKCS11$Descriptor
instanceKlass javax/security/auth/Subject
instanceKlass javax/security/auth/callback/CallbackHandler
instanceKlass org/springframework/context/annotation/ConfigurationClassParser$DeferredImportSelectorGrouping
instanceKlass org/springframework/boot/autoconfigure/AutoConfigurationImportSelector$AutoConfigurationGroup
instanceKlass org/springframework/context/annotation/DeferredImportSelector$Group
instanceKlass org/springframework/context/annotation/ConfigurationClassParser$DeferredImportSelectorGroupingHandler
instanceKlass sun/security/smartcardio/SunPCSC$1
instanceKlass org/springframework/data/repository/config/RepositoryConfigurationExtension
instanceKlass com/sun/security/sasl/gsskerb/JdkSASL$1
instanceKlass org/springframework/data/repository/config/RepositoryConfigurationSource
instanceKlass sun/security/jca/ProviderConfig$ProviderLoader
instanceKlass sun/security/jca/ProviderConfig$3
instanceKlass sun/security/rsa/SunRsaSignEntries
instanceKlass org/springframework/boot/autoconfigure/AutoConfigurationImportSelector$AutoConfigurationEntry
instanceKlass org/springframework/context/annotation/Bean
instanceKlass sun/security/util/SecurityProviderConstants
instanceKlass java/security/Provider$UString
instanceKlass java/security/Provider$Service
instanceKlass sun/security/provider/NativePRNG$NonBlocking
instanceKlass sun/security/provider/NativePRNG$Blocking
instanceKlass sun/security/provider/NativePRNG
instanceKlass sun/security/provider/SunEntries$1
instanceKlass sun/security/provider/SunEntries
instanceKlass sun/security/jca/ProviderList$2
instanceKlass jdk/internal/math/FloatingDecimal$ASCIIToBinaryBuffer
instanceKlass jdk/internal/math/FloatingDecimal$PreparedASCIIToBinaryBuffer
instanceKlass jdk/internal/math/FloatingDecimal$ASCIIToBinaryConverter
instanceKlass jdk/internal/math/FloatingDecimal$BinaryToASCIIBuffer
instanceKlass jdk/internal/math/FloatingDecimal$ExceptionalBinaryToASCIIBuffer
instanceKlass jdk/internal/math/FloatingDecimal$BinaryToASCIIConverter
instanceKlass jdk/internal/math/FloatingDecimal
instanceKlass java/security/Provider$EngineDescription
instanceKlass java/security/Provider$ServiceKey
instanceKlass sun/security/jca/ProviderConfig
instanceKlass sun/security/jca/ProviderList
instanceKlass sun/security/jca/Providers
instanceKlass org/springframework/core/annotation/MergedAnnotationsCollection$AnnotationsSpliterator
instanceKlass org/springframework/cloud/openfeign/FeignClient
instanceKlass org/apache/tomcat/util/http/ConcurrentDateFormat
instanceKlass org/apache/tomcat/util/http/FastHttpDateFormat
instanceKlass org/springframework/data/annotation/Persistent
instanceKlass org/springframework/data/mongodb/core/annotation/Collation
instanceKlass org/apache/catalina/SessionIdGenerator
instanceKlass org/springframework/data/mongodb/core/mapping/Document
instanceKlass org/apache/catalina/Container
instanceKlass jakarta/security/auth/message/MessageInfo
instanceKlass jakarta/servlet/http/HttpServletRequest
instanceKlass com/fasterxml/jackson/annotation/JacksonAnnotation
instanceKlass jakarta/servlet/http/HttpServletResponse
instanceKlass com/fasterxml/jackson/annotation/JsonProperty
instanceKlass org/apache/catalina/util/LifecycleBase
instanceKlass org/apache/catalina/Lifecycle
instanceKlass org/apache/catalina/JmxEnabled
instanceKlass javax/management/MBeanRegistration
instanceKlass org/apache/catalina/Valve
instanceKlass org/apache/catalina/Contained
instanceKlass jakarta/security/auth/message/config/RegistrationListener
instanceKlass org/apache/catalina/Authenticator
instanceKlass org/springframework/web/bind/annotation/PostMapping
instanceKlass java/util/ResourceBundle$Control$2
instanceKlass java/util/ResourceBundle$CacheKeyReference
instanceKlass java/util/ResourceBundle$CacheKey
instanceKlass java/util/ServiceLoader$ProviderSpliterator
instanceKlass org/springframework/core/type/classreading/SimpleAnnotationMetadata
instanceKlass java/util/spi/ResourceBundleControlProvider
instanceKlass java/util/ResourceBundle$ResourceBundleControlProviderHolder
instanceKlass org/springframework/core/annotation/MergedAnnotationsCollection
instanceKlass org/apache/tomcat/util/res/StringManager
instanceKlass org/apache/juli/logging/DirectJDKLog
instanceKlass org/apache/juli/logging/Log
instanceKlass org/springframework/web/bind/annotation/ControllerMappingReflectiveProcessor
instanceKlass org/apache/juli/logging/LogFactory
instanceKlass org/springframework/aot/hint/annotation/SimpleReflectiveProcessor
instanceKlass org/springframework/aot/hint/annotation/ReflectiveProcessor
instanceKlass org/springframework/http/HttpMethod
instanceKlass sun/util/cldr/CLDRBaseLocaleDataMetaInfo$TZCanonicalIDMapHolder
instanceKlass org/springframework/aot/hint/annotation/Reflective
instanceKlass org/springframework/web/bind/annotation/Mapping
instanceKlass org/springframework/web/bind/annotation/RequestMapping
instanceKlass sun/util/resources/provider/NonBaseLocaleDataMetaInfo
instanceKlass org/springframework/web/bind/annotation/GetMapping
instanceKlass sun/util/locale/provider/BaseLocaleDataMetaInfo
instanceKlass org/springframework/core/type/classreading/SimpleMethodMetadataReadingVisitor$Source
instanceKlass org/springframework/core/type/classreading/SimpleMethodMetadata
instanceKlass sun/util/locale/provider/TimeZoneNameUtility$TimeZoneNameGetter
instanceKlass org/springframework/core/type/MethodMetadata
instanceKlass sun/util/locale/provider/TimeZoneNameUtility
instanceKlass java/text/DontCareFieldPosition$1
instanceKlass java/text/Format$FieldDelegate
instanceKlass org/apache/tomcat/util/http/CookieProcessorBase
instanceKlass org/apache/tomcat/util/http/CookieProcessor
instanceKlass org/springframework/boot/autoconfigure/BackgroundPreinitializer$TomcatInitializer
instanceKlass org/springframework/boot/autoconfigure/BackgroundPreinitializer$CharsetInitializer
instanceKlass org/springframework/web/bind/annotation/ResponseBody
instanceKlass org/springframework/stereotype/Controller
instanceKlass org/springframework/http/converter/json/ProblemDetailJacksonMixin
instanceKlass org/springframework/http/ProblemDetail
instanceKlass org/springframework/web/bind/annotation/RestController
instanceKlass org/springframework/asm/Type
instanceKlass com/fasterxml/jackson/databind/deser/ValueInstantiators$Base
instanceKlass org/springframework/asm/AnnotationVisitor
instanceKlass com/fasterxml/jackson/databind/module/SimpleKeyDeserializers
instanceKlass org/springframework/core/type/classreading/SimpleAnnotationMetadataReadingVisitor$Source
instanceKlass org/springframework/asm/Context
instanceKlass org/springframework/asm/Attribute
instanceKlass org/springframework/asm/ClassReader
instanceKlass org/springframework/asm/MethodVisitor
instanceKlass java/util/function/ToLongFunction
instanceKlass org/springframework/asm/ClassVisitor
instanceKlass org/springframework/core/type/classreading/SimpleMetadataReader
instanceKlass com/fasterxml/jackson/databind/type/ClassKey
instanceKlass org/springframework/util/AntPathMatcher$AntPathStringMatcher
instanceKlass sun/nio/fs/BasicFileAttributesHolder
instanceKlass java/nio/file/FileTreeWalker$Event
instanceKlass sun/nio/fs/WindowsDirectoryStream$WindowsDirectoryIterator
instanceKlass java/nio/file/FileTreeWalker$DirectoryNode
instanceKlass com/fasterxml/jackson/datatype/jsr310/deser/InstantDeserializer$FromDecimalArguments
instanceKlass java/nio/file/Files$AcceptAllFilter
instanceKlass java/nio/file/DirectoryStream$Filter
instanceKlass java/nio/file/FileTreeWalker
instanceKlass java/nio/file/FileTreeIterator
instanceKlass com/fasterxml/jackson/datatype/jsr310/deser/InstantDeserializer$FromIntegerArguments
instanceKlass sun/nio/fs/WindowsDirectoryStream
instanceKlass java/nio/file/DirectoryStream
instanceKlass sun/nio/fs/WindowsUriSupport
instanceKlass com/fasterxml/jackson/module/paramnames/ParameterExtractor
instanceKlass org/springframework/context/annotation/ParserStrategyUtils
instanceKlass com/fasterxml/jackson/databind/deser/Deserializers$Base
instanceKlass org/springframework/context/annotation/TypeFilterUtils$1
instanceKlass org/springframework/context/annotation/TypeFilterUtils
instanceKlass com/fasterxml/jackson/databind/util/ArrayBuilders
instanceKlass com/fasterxml/jackson/databind/ser/Serializers$Base
instanceKlass com/fasterxml/jackson/databind/ObjectMapper$1
instanceKlass java/util/stream/SortedOps
instanceKlass java/util/Collections$ReverseComparator2
instanceKlass java/util/Collections$ReverseComparator
instanceKlass com/fasterxml/jackson/datatype/jdk8/PackageVersion
instanceKlass com/fasterxml/jackson/core/util/JacksonFeatureSet
instanceKlass java/util/function/ToIntFunction
instanceKlass org/springframework/core/annotation/MergedAnnotationPredicates
instanceKlass com/fasterxml/jackson/datatype/jsr310/PackageVersion
instanceKlass org/springframework/context/annotation/PropertySources
instanceKlass org/springframework/context/annotation/PropertySource
instanceKlass org/springframework/context/annotation/ConfigurationClass
instanceKlass org/springframework/context/annotation/ComponentScanAnnotationParser
instanceKlass org/springframework/core/io/support/DefaultPropertySourceFactory
instanceKlass org/springframework/core/io/support/PropertySourceFactory
instanceKlass org/springframework/core/io/support/PropertySourceProcessor
instanceKlass org/springframework/context/annotation/PropertySourceRegistry
instanceKlass org/springframework/context/annotation/ConfigurationClassParser$SourceClass
instanceKlass org/springframework/context/annotation/ConfigurationClassParser$DeferredImportSelectorHandler
instanceKlass org/springframework/context/annotation/ConfigurationClassParser$DeferredImportSelectorHolder
instanceKlass org/springframework/beans/factory/parsing/Problem
instanceKlass org/springframework/context/annotation/ImportRegistry
instanceKlass org/springframework/context/annotation/ConfigurationClassParser
instanceKlass org/springframework/aop/framework/AopInfrastructureBean
instanceKlass org/springframework/beans/AbstractNestablePropertyAccessor$PropertyTokenHolder
instanceKlass org/springframework/beans/factory/config/TypedStringValue
instanceKlass com/fasterxml/jackson/core/Version
instanceKlass com/fasterxml/jackson/core/util/VersionUtil
instanceKlass com/fasterxml/jackson/module/paramnames/PackageVersion
instanceKlass org/springframework/context/annotation/ConfigurationClassBeanDefinitionReader
instanceKlass org/springframework/core/convert/Property
instanceKlass com/fasterxml/jackson/databind/type/TypeModifier
instanceKlass com/sun/beans/WildcardTypeImpl
instanceKlass com/fasterxml/jackson/databind/ser/BeanSerializerModifier
instanceKlass com/sun/beans/WeakCache
instanceKlass com/sun/beans/TypeResolver
instanceKlass com/fasterxml/jackson/databind/ser/Serializers
instanceKlass com/fasterxml/jackson/databind/cfg/SerializerFactoryConfig
instanceKlass java/beans/SimpleBeanInfo
instanceKlass java/beans/MethodRef
instanceKlass org/springframework/beans/factory/aot/BeanRegistrationAotContribution
instanceKlass org/springframework/beans/factory/support/RegisteredBean
instanceKlass org/springframework/beans/factory/aot/BeanFactoryInitializationAotContribution
instanceKlass org/springframework/beans/PropertyDescriptorUtils
instanceKlass com/fasterxml/jackson/databind/ser/std/StdJdkSerializers
instanceKlass org/springframework/beans/SimpleBeanInfoFactory
instanceKlass java/beans/BeanInfo
instanceKlass org/springframework/data/util/KotlinBeanInfoFactory
instanceKlass org/springframework/beans/BeanInfoFactory
instanceKlass org/springframework/beans/CachedIntrospectionResults
instanceKlass org/springframework/beans/PropertyAccessorUtils
instanceKlass com/fasterxml/jackson/databind/ser/std/NumberSerializers
instanceKlass org/springframework/beans/factory/support/DisposableBeanAdapter
instanceKlass org/springframework/expression/spel/support/StandardTypeConverter
instanceKlass org/springframework/expression/spel/support/StandardTypeLocator
instanceKlass org/springframework/context/expression/BeanFactoryResolver
instanceKlass org/springframework/context/expression/EnvironmentAccessor
instanceKlass org/springframework/context/expression/MapAccessor
instanceKlass org/springframework/expression/spel/CompilablePropertyAccessor
instanceKlass org/springframework/asm/Opcodes
instanceKlass org/springframework/context/expression/BeanFactoryAccessor
instanceKlass org/springframework/expression/spel/support/ReflectivePropertyAccessor
instanceKlass org/springframework/context/expression/BeanExpressionContextAccessor
instanceKlass org/springframework/expression/TypedValue
instanceKlass org/springframework/expression/spel/support/StandardOperatorOverloader
instanceKlass org/springframework/expression/spel/support/StandardTypeComparator
instanceKlass org/springframework/expression/OperatorOverloader
instanceKlass org/springframework/expression/TypeComparator
instanceKlass org/springframework/expression/spel/support/StandardEvaluationContext
instanceKlass org/springframework/expression/common/LiteralExpression
instanceKlass org/springframework/beans/factory/config/AutowiredPropertyMarker
instanceKlass org/springframework/beans/factory/support/BeanDefinitionValueResolver
instanceKlass com/fasterxml/jackson/databind/deser/DeserializerCache
instanceKlass org/xml/sax/InputSource
instanceKlass com/fasterxml/jackson/databind/KeyDeserializer
instanceKlass com/fasterxml/jackson/databind/deser/std/StdKeyDeserializers
instanceKlass com/fasterxml/jackson/databind/deser/KeyDeserializers
instanceKlass org/springframework/beans/AbstractNestablePropertyAccessor$PropertyHandler
instanceKlass com/fasterxml/jackson/databind/deser/ValueInstantiators
instanceKlass com/fasterxml/jackson/databind/AbstractTypeResolver
instanceKlass com/fasterxml/jackson/databind/deser/BeanDeserializerModifier
instanceKlass com/fasterxml/jackson/databind/cfg/DeserializerFactoryConfig
instanceKlass com/fasterxml/jackson/databind/PropertyName
instanceKlass com/fasterxml/jackson/databind/deser/Deserializers
instanceKlass org/springframework/beans/factory/parsing/PassThroughSourceExtractor
instanceKlass java/lang/Short$ShortCache
instanceKlass java/lang/Byte$ByteCache
instanceKlass org/springframework/beans/BeanUtils
instanceKlass org/springframework/beans/factory/aot/BeanRegistrationCodeFragments
instanceKlass com/fasterxml/jackson/annotation/ObjectIdGenerator
instanceKlass org/springframework/beans/factory/support/NullBean
instanceKlass org/springframework/beans/factory/support/AbstractBeanFactory$BeanPostProcessorCache
instanceKlass org/springframework/beans/factory/config/RuntimeBeanReference
instanceKlass org/springframework/beans/factory/config/BeanReference
instanceKlass org/springframework/beans/MutablePropertyValues
instanceKlass org/springframework/beans/factory/support/InstanceSupplier
instanceKlass org/springframework/util/function/ThrowingSupplier
instanceKlass com/fasterxml/jackson/databind/deser/ResolvableDeserializer
instanceKlass org/springframework/beans/factory/support/BeanDefinitionBuilder
instanceKlass org/springframework/boot/autoconfigure/SharedMetadataReaderFactoryContextInitializer$SharedMetadataReaderFactoryBean
instanceKlass org/springframework/context/support/PostProcessorRegistrationDelegate
instanceKlass org/springframework/web/context/support/WebApplicationContextUtils$WebRequestObjectFactory
instanceKlass org/springframework/web/context/request/WebRequest
instanceKlass org/springframework/web/context/request/RequestAttributes
instanceKlass org/springframework/web/context/support/WebApplicationContextUtils$SessionObjectFactory
instanceKlass jakarta/servlet/http/HttpSession
instanceKlass org/springframework/web/context/support/WebApplicationContextUtils$ResponseObjectFactory
instanceKlass jakarta/servlet/ServletResponse
instanceKlass org/springframework/web/context/support/WebApplicationContextUtils$RequestObjectFactory
instanceKlass jakarta/servlet/ServletRequest
instanceKlass org/springframework/web/context/request/AbstractRequestAttributesScope
instanceKlass com/fasterxml/jackson/databind/deser/ValueInstantiator$Gettable
instanceKlass org/springframework/boot/web/servlet/context/ServletWebServerApplicationContext$ExistingWebApplicationScopes
instanceKlass org/springframework/web/context/ServletContextAware
instanceKlass org/springframework/web/context/support/ServletContextAwareProcessor
instanceKlass com/fasterxml/jackson/databind/deser/ContextualDeserializer
instanceKlass org/springframework/context/support/ApplicationListenerDetector
instanceKlass org/springframework/context/MessageSourceAware
instanceKlass org/springframework/beans/factory/config/BeanExpressionContext
instanceKlass org/springframework/beans/factory/config/EmbeddedValueResolver
instanceKlass org/springframework/util/StringValueResolver
instanceKlass org/springframework/context/support/ApplicationContextAwareProcessor
instanceKlass org/springframework/beans/support/ResourceEditorRegistrar
instanceKlass org/springframework/expression/Expression
instanceKlass org/springframework/expression/common/TemplateAwareExpressionParser
instanceKlass com/fasterxml/jackson/databind/JsonDeserializer
instanceKlass com/fasterxml/jackson/databind/deser/NullValueProvider
instanceKlass org/springframework/expression/spel/SpelParserConfiguration
instanceKlass org/springframework/context/expression/StandardBeanExpressionResolver$1
instanceKlass com/fasterxml/jackson/databind/ser/SerializerCache
instanceKlass org/springframework/expression/EvaluationContext
instanceKlass org/springframework/expression/TypeConverter
instanceKlass org/springframework/expression/TypeLocator
instanceKlass org/springframework/expression/BeanResolver
instanceKlass com/fasterxml/jackson/databind/ser/ResolvableSerializer
instanceKlass org/springframework/expression/PropertyAccessor
instanceKlass org/springframework/expression/ExpressionParser
instanceKlass org/springframework/expression/ParserContext
instanceKlass org/springframework/context/expression/StandardBeanExpressionResolver
instanceKlass org/springframework/web/context/request/RequestContextHolder
instanceKlass com/fasterxml/jackson/databind/ser/ContextualSerializer
instanceKlass org/springframework/web/context/support/WebApplicationContextUtils
instanceKlass org/springframework/boot/context/logging/LoggingApplicationListener$Lifecycle
instanceKlass org/springframework/context/SmartLifecycle
instanceKlass org/springframework/context/Phased
instanceKlass com/fasterxml/jackson/databind/jsonschema/SchemaAware
instanceKlass org/springframework/beans/factory/BeanFactoryUtils
instanceKlass com/fasterxml/jackson/databind/JsonSerializer
instanceKlass com/fasterxml/jackson/databind/jsonFormatVisitors/JsonFormatVisitable
instanceKlass org/springframework/boot/logging/DeferredLog$1
instanceKlass org/springframework/beans/factory/support/BeanDefinitionReaderUtils
instanceKlass org/springframework/context/annotation/Description
instanceKlass org/springframework/context/annotation/Role
instanceKlass org/springframework/context/annotation/DependsOn
instanceKlass org/springframework/context/annotation/Primary
instanceKlass org/springframework/context/annotation/Lazy
instanceKlass com/fasterxml/jackson/databind/node/JsonNodeFactory
instanceKlass com/fasterxml/jackson/databind/node/JsonNodeCreator
instanceKlass com/fasterxml/jackson/databind/cfg/ContextAttributes
instanceKlass org/springframework/core/annotation/TypeMappedAnnotations$Aggregate
instanceKlass com/fasterxml/jackson/databind/cfg/DatatypeFeature
instanceKlass org/springframework/core/annotation/TypeMappedAnnotations$AggregatesCollector
instanceKlass com/fasterxml/jackson/databind/cfg/DatatypeFeatures$DefaultHolder
instanceKlass org/springframework/core/annotation/TypeMappedAnnotations$AggregatesSpliterator
instanceKlass com/fasterxml/jackson/databind/cfg/DatatypeFeatures
instanceKlass com/fasterxml/jackson/core/util/DefaultPrettyPrinter$NopIndenter
instanceKlass org/springframework/context/annotation/ScopeMetadata
instanceKlass com/fasterxml/jackson/core/util/Separators
instanceKlass org/springframework/beans/BeanMetadataAttribute
instanceKlass com/fasterxml/jackson/core/util/DefaultPrettyPrinter
instanceKlass org/springframework/context/annotation/ImportResource
instanceKlass com/fasterxml/jackson/core/util/Instantiatable
instanceKlass org/springframework/core/Conventions
instanceKlass com/fasterxml/jackson/databind/cfg/ConfigFeature
instanceKlass org/springframework/context/annotation/ConfigurationClassUtils
instanceKlass com/fasterxml/jackson/databind/cfg/ConfigOverride
instanceKlass org/springframework/cloud/openfeign/FeignClientsRegistrar
instanceKlass com/fasterxml/jackson/annotation/JsonFormat$Features
instanceKlass com/fasterxml/jackson/annotation/JsonFormat$Value
instanceKlass org/springframework/data/repository/config/RepositoryBeanDefinitionRegistrarSupport
instanceKlass org/springframework/boot/autoconfigure/AutoConfigurationPackages$Registrar
instanceKlass org/springframework/boot/context/annotation/DeterminableImports
instanceKlass org/springframework/context/annotation/ImportBeanDefinitionRegistrar
instanceKlass com/fasterxml/jackson/databind/cfg/CoercionConfig
instanceKlass com/fasterxml/jackson/databind/cfg/CoercionConfigs
instanceKlass com/fasterxml/jackson/databind/introspect/VisibilityChecker$Std
instanceKlass org/springframework/context/annotation/ComponentScans
instanceKlass com/fasterxml/jackson/annotation/JsonSetter$Value
instanceKlass org/springframework/boot/autoconfigure/AutoConfigurationImportSelector
instanceKlass org/springframework/context/annotation/DeferredImportSelector
instanceKlass org/springframework/context/annotation/ImportSelector
instanceKlass com/fasterxml/jackson/annotation/JsonInclude$Value
instanceKlass com/fasterxml/jackson/annotation/JacksonAnnotationValue
instanceKlass com/fasterxml/jackson/databind/cfg/ConfigOverrides
instanceKlass com/fasterxml/jackson/databind/introspect/AnnotatedClass$Creators
instanceKlass com/fasterxml/jackson/databind/introspect/AnnotationCollector$NoAnnotations
instanceKlass com/fasterxml/jackson/databind/util/Annotations
instanceKlass com/fasterxml/jackson/databind/introspect/AnnotationCollector
instanceKlass com/fasterxml/jackson/databind/introspect/AnnotatedClassResolver
instanceKlass com/fasterxml/jackson/databind/BeanDescription
instanceKlass org/springframework/boot/autoconfigure/AutoConfigurationExcludeFilter
instanceKlass org/springframework/boot/context/TypeExcludeFilter
instanceKlass com/fasterxml/jackson/databind/cfg/MapperConfig
instanceKlass com/fasterxml/jackson/databind/introspect/SimpleMixInResolver
instanceKlass com/fasterxml/jackson/databind/introspect/ClassIntrospector$MixInResolver
instanceKlass java/lang/annotation/Repeatable
instanceKlass com/fasterxml/jackson/databind/util/RootNameLookup
instanceKlass com/fasterxml/jackson/core/sym/CharsToNameCanonicalizer$Bucket
instanceKlass com/fasterxml/jackson/core/sym/CharsToNameCanonicalizer$TableInfo
instanceKlass org/springframework/boot/autoconfigure/AutoConfigurationPackage
instanceKlass com/fasterxml/jackson/core/sym/CharsToNameCanonicalizer
instanceKlass com/fasterxml/jackson/core/ErrorReportConfiguration
instanceKlass com/fasterxml/jackson/core/StreamWriteConstraints
instanceKlass org/springframework/context/annotation/Configuration
instanceKlass com/fasterxml/jackson/core/StreamReadConstraints
instanceKlass com/fasterxml/jackson/core/util/RecyclerPool$WithPool
instanceKlass com/fasterxml/jackson/core/util/RecyclerPool$ThreadLocalPoolBase
instanceKlass jdk/internal/reflect/ClassDefiner$1
instanceKlass jdk/internal/reflect/ClassDefiner
instanceKlass com/fasterxml/jackson/core/util/RecyclerPool
instanceKlass jdk/internal/reflect/MethodAccessorGenerator$1
instanceKlass jdk/internal/reflect/Label$PatchInfo
instanceKlass com/fasterxml/jackson/core/util/JsonRecyclerPools
instanceKlass jdk/internal/reflect/Label
instanceKlass com/fasterxml/jackson/core/sym/ByteQuadsCanonicalizer$TableInfo
instanceKlass jdk/internal/reflect/UTF8
instanceKlass jdk/internal/reflect/ClassFileAssembler
instanceKlass jdk/internal/reflect/ByteVectorImpl
instanceKlass jdk/internal/reflect/ByteVector
instanceKlass jdk/internal/reflect/ByteVectorFactory
instanceKlass jdk/internal/reflect/AccessorGenerator
instanceKlass jdk/internal/reflect/ClassFileConstants
instanceKlass com/fasterxml/jackson/core/sym/ByteQuadsCanonicalizer
instanceKlass com/fasterxml/jackson/core/io/CharTypes
instanceKlass org/springframework/cloud/openfeign/EnableFeignClients
instanceKlass com/fasterxml/jackson/core/io/JsonStringEncoder
instanceKlass com/fasterxml/jackson/core/io/SerializedString
instanceKlass org/springframework/context/annotation/Import
instanceKlass org/springframework/data/repository/config/DefaultRepositoryBaseClass
instanceKlass com/fasterxml/jackson/core/util/JacksonFeature
instanceKlass org/springframework/data/repository/core/support/RepositoryFactoryBeanSupport
instanceKlass org/springframework/context/ApplicationEventPublisherAware
instanceKlass org/springframework/beans/factory/FactoryBean
instanceKlass org/springframework/data/repository/core/support/RepositoryFactoryInformation
instanceKlass org/springframework/beans/factory/InitializingBean
instanceKlass com/fasterxml/jackson/core/async/ByteBufferFeeder
instanceKlass org/springframework/context/annotation/ComponentScan$Filter
instanceKlass org/springframework/data/mongodb/repository/config/EnableMongoRepositories
instanceKlass org/springframework/context/annotation/ComponentScan
instanceKlass org/springframework/boot/autoconfigure/EnableAutoConfiguration
instanceKlass org/springframework/boot/SpringBootConfiguration
instanceKlass com/fasterxml/jackson/core/async/ByteArrayFeeder
instanceKlass com/fasterxml/jackson/core/async/NonBlockingInputFeeder
instanceKlass org/springframework/boot/autoconfigure/SpringBootApplication
instanceKlass org/springframework/core/annotation/TypeMappedAnnotations$IsPresent
instanceKlass org/springframework/context/annotation/Conditional
instanceKlass org/springframework/core/type/StandardClassMetadata
instanceKlass org/springframework/core/type/AnnotationMetadata
instanceKlass org/springframework/core/type/ClassMetadata
instanceKlass org/springframework/util/xml/XmlValidationModeDetector
instanceKlass org/springframework/util/xml/SimpleSaxErrorHandler
instanceKlass com/fasterxml/jackson/core/TSFBuilder
instanceKlass org/springframework/beans/factory/xml/DefaultDocumentLoader
instanceKlass org/springframework/beans/factory/parsing/NullSourceExtractor
instanceKlass com/fasterxml/jackson/core/SerializableString
instanceKlass org/springframework/beans/factory/parsing/EmptyReaderEventListener
instanceKlass com/fasterxml/jackson/databind/cfg/DefaultCacheProvider
instanceKlass com/fasterxml/jackson/databind/cfg/CacheProvider
instanceKlass org/springframework/beans/factory/parsing/FailFastProblemReporter
instanceKlass org/springframework/beans/factory/xml/DefaultBeanDefinitionDocumentReader
instanceKlass org/springframework/beans/factory/xml/BeanDefinitionDocumentReader
instanceKlass com/fasterxml/jackson/databind/introspect/AccessorNamingStrategy
instanceKlass org/springframework/beans/factory/support/DefaultBeanNameGenerator
instanceKlass org/xml/sax/EntityResolver
instanceKlass org/springframework/beans/factory/xml/NamespaceHandlerResolver
instanceKlass com/fasterxml/jackson/core/Base64Variant
instanceKlass org/xml/sax/ErrorHandler
instanceKlass org/springframework/beans/factory/xml/DocumentLoader
instanceKlass org/springframework/beans/factory/parsing/SourceExtractor
instanceKlass com/fasterxml/jackson/core/Base64Variants
instanceKlass org/springframework/beans/factory/parsing/ReaderEventListener
instanceKlass java/text/DigitList
instanceKlass java/text/FieldPosition
instanceKlass org/springframework/beans/factory/parsing/ProblemReporter
instanceKlass java/lang/StringUTF16$CharsSpliterator
instanceKlass java/util/stream/Sink$ChainedInt
instanceKlass org/springframework/beans/factory/support/AbstractBeanDefinitionReader
instanceKlass org/springframework/beans/factory/support/BeanDefinitionReader
instanceKlass java/util/OptionalInt
instanceKlass org/springframework/boot/BeanDefinitionLoader
instanceKlass org/springframework/boot/SpringApplication$PropertySourceOrderingBeanFactoryPostProcessor
instanceKlass java/text/DecimalFormatSymbols
instanceKlass ch/qos/logback/core/pattern/SpacePadder
instanceKlass java/text/DateFormatSymbols
instanceKlass sun/util/calendar/CalendarUtils
instanceKlass sun/util/calendar/CalendarDate
instanceKlass sun/util/resources/Bundles$CacheKeyReference
instanceKlass java/util/ResourceBundle$ResourceBundleProviderHelper
instanceKlass java/time/LocalTime$1
instanceKlass java/time/format/DateTimeFormatterBuilder$2
instanceKlass java/time/LocalDate$1
instanceKlass sun/util/resources/Bundles$CacheKey
instanceKlass java/time/ZonedDateTime$1
instanceKlass java/util/ResourceBundle$1
instanceKlass jdk/internal/access/JavaUtilResourceBundleAccess
instanceKlass sun/util/resources/Bundles
instanceKlass sun/util/resources/LocaleData$LocaleDataStrategy
instanceKlass sun/util/resources/Bundles$Strategy
instanceKlass sun/util/resources/LocaleData$1
instanceKlass sun/util/resources/LocaleData
instanceKlass sun/util/locale/provider/LocaleResources
instanceKlass java/time/temporal/TemporalQueries$7
instanceKlass java/time/temporal/TemporalQueries$6
instanceKlass java/time/temporal/TemporalQueries$5
instanceKlass java/time/temporal/TemporalQueries$4
instanceKlass java/time/temporal/TemporalQueries$3
instanceKlass java/time/temporal/TemporalQueries$2
instanceKlass java/time/temporal/TemporalQueries$1
instanceKlass java/time/temporal/TemporalQueries
instanceKlass java/time/format/DateTimePrintContext
instanceKlass ch/qos/logback/core/util/StringUtil
instanceKlass ch/qos/logback/classic/spi/EventArgUtil
instanceKlass ch/qos/logback/classic/spi/IThrowableProxy
instanceKlass ch/qos/logback/classic/spi/LoggingEvent
instanceKlass java/lang/StackTraceElement$HashedModules
instanceKlass org/springframework/boot/system/ApplicationHome
instanceKlass org/springframework/boot/StartupInfoLogger
instanceKlass java/util/ResourceBundle
instanceKlass java/util/ResourceBundle$Control
instanceKlass sun/util/locale/provider/CalendarDataUtility$CalendarWeekParameterGetter
instanceKlass sun/util/locale/provider/LocaleServiceProviderPool$LocalizedObjectGetter
instanceKlass sun/util/locale/provider/LocaleServiceProviderPool
instanceKlass java/util/Locale$Builder
instanceKlass sun/util/locale/provider/CalendarDataUtility
instanceKlass sun/util/calendar/CalendarSystem$GregorianHolder
instanceKlass sun/util/calendar/CalendarSystem
instanceKlass java/util/Calendar$Builder
instanceKlass java/util/StringTokenizer
instanceKlass sun/util/locale/provider/AvailableLanguageTags
instanceKlass sun/util/resources/cldr/provider/CLDRLocaleDataMetaInfo
instanceKlass org/springframework/core/ResolvableType$WildcardBounds
instanceKlass jdk/internal/module/ModulePatcher$PatchedModuleReader
instanceKlass org/springframework/boot/autoconfigure/logging/ConditionEvaluationReportLogger
instanceKlass sun/util/locale/InternalLocaleBuilder$CaseInsensitiveChar
instanceKlass sun/util/locale/InternalLocaleBuilder
instanceKlass sun/util/locale/StringTokenIterator
instanceKlass sun/util/locale/ParseStatus
instanceKlass sun/util/locale/LanguageTag
instanceKlass sun/util/cldr/CLDRBaseLocaleDataMetaInfo
instanceKlass sun/util/locale/provider/LocaleDataMetaInfo
instanceKlass sun/util/locale/provider/ResourceBundleBasedAdapter
instanceKlass sun/util/locale/provider/LocaleProviderAdapter$1
instanceKlass sun/util/locale/provider/LocaleProviderAdapter
instanceKlass java/util/spi/LocaleServiceProvider
instanceKlass org/springframework/boot/autoconfigure/condition/ConditionEvaluationReport$AncestorsMatchedCondition
instanceKlass java/text/AttributedCharacterIterator$Attribute
instanceKlass org/springframework/context/annotation/Condition
instanceKlass org/springframework/boot/autoconfigure/condition/ConditionEvaluationReport
instanceKlass com/fasterxml/jackson/databind/type/TypeBindings
instanceKlass org/springframework/boot/autoconfigure/logging/ConditionEvaluationReportLoggingListener$ConditionEvaluationReportListener
instanceKlass com/fasterxml/jackson/databind/type/TypeParser
instanceKlass org/springframework/boot/rsocket/context/RSocketPortInfoApplicationContextInitializer$Listener
instanceKlass org/springframework/boot/context/ConfigurationWarningsApplicationContextInitializer$ComponentScanPackageCheck
instanceKlass org/springframework/boot/context/ConfigurationWarningsApplicationContextInitializer$Check
instanceKlass org/springframework/boot/context/ConfigurationWarningsApplicationContextInitializer$ConfigurationWarningsPostProcessor
instanceKlass org/springframework/boot/context/ContextIdApplicationContextInitializer$ContextId
instanceKlass org/springframework/boot/autoconfigure/SharedMetadataReaderFactoryContextInitializer$CachingMetadataReaderFactoryPostProcessor
instanceKlass com/fasterxml/jackson/databind/type/TypeFactory
instanceKlass org/springframework/context/index/CandidateComponentsIndex
instanceKlass com/fasterxml/jackson/databind/cfg/BaseSettings
instanceKlass org/springframework/context/index/CandidateComponentsIndexLoader
instanceKlass java/util/concurrent/atomic/AtomicReferenceArray
instanceKlass org/springframework/core/type/classreading/MetadataReader
instanceKlass org/springframework/core/type/classreading/SimpleMetadataReaderFactory
instanceKlass java/util/concurrent/atomic/AtomicLongArray
instanceKlass org/springframework/core/io/support/ResourcePatternUtils
instanceKlass java/util/concurrent/ConcurrentLinkedQueue$Node
instanceKlass java/lang/Deprecated
instanceKlass jakarta/annotation/ManagedBean
instanceKlass com/fasterxml/jackson/databind/util/internal/Linked
instanceKlass org/springframework/stereotype/Indexed
instanceKlass org/springframework/stereotype/Component
instanceKlass com/fasterxml/jackson/databind/util/internal/PrivateMaxEntriesMap$Builder
instanceKlass org/springframework/core/type/filter/AbstractTypeHierarchyTraversingFilter
instanceKlass org/springframework/core/type/filter/TypeFilter
instanceKlass com/fasterxml/jackson/databind/util/LRUMap
instanceKlass com/fasterxml/jackson/databind/util/LookupCache
instanceKlass java/beans/ConstructorProperties
instanceKlass org/springframework/beans/factory/support/BeanDefinitionDefaults
instanceKlass java/beans/Transient
instanceKlass com/fasterxml/jackson/databind/util/ClassUtil$Ctor
instanceKlass com/fasterxml/jackson/databind/util/ClassUtil
instanceKlass org/springframework/core/type/classreading/MetadataReaderFactory
instanceKlass org/springframework/context/annotation/ClassPathScanningCandidateComponentProvider
instanceKlass com/fasterxml/jackson/databind/ext/Java7Support
instanceKlass com/fasterxml/jackson/annotation/JsonMerge
instanceKlass org/springframework/context/event/DefaultEventListenerFactory
instanceKlass org/springframework/context/event/EventListenerFactory
instanceKlass com/fasterxml/jackson/databind/annotation/JsonDeserialize
instanceKlass com/fasterxml/jackson/annotation/JsonManagedReference
instanceKlass org/springframework/context/event/EventListenerMethodProcessor
instanceKlass com/fasterxml/jackson/annotation/JsonBackReference
instanceKlass org/springframework/beans/factory/SmartInitializingSingleton
instanceKlass com/fasterxml/jackson/annotation/JsonUnwrapped
instanceKlass com/fasterxml/jackson/annotation/JsonRawValue
instanceKlass com/fasterxml/jackson/annotation/JsonTypeInfo
instanceKlass org/springframework/beans/factory/annotation/InitDestroyAnnotationBeanPostProcessor
instanceKlass com/fasterxml/jackson/annotation/JsonFormat
instanceKlass com/fasterxml/jackson/annotation/JsonView
instanceKlass org/springframework/beans/factory/config/DestructionAwareBeanPostProcessor
instanceKlass com/fasterxml/jackson/databind/annotation/JsonSerialize
instanceKlass org/springframework/beans/factory/annotation/AutowiredAnnotationBeanPostProcessor
instanceKlass org/springframework/beans/factory/support/MergedBeanDefinitionPostProcessor
instanceKlass org/springframework/beans/factory/config/SmartInstantiationAwareBeanPostProcessor
instanceKlass org/springframework/beans/factory/config/InstantiationAwareBeanPostProcessor
instanceKlass com/fasterxml/jackson/databind/introspect/ConcreteBeanPropertyBase
instanceKlass com/fasterxml/jackson/databind/BeanProperty
instanceKlass org/springframework/beans/factory/config/BeanDefinitionHolder
instanceKlass com/fasterxml/jackson/databind/introspect/BeanPropertyDefinition
instanceKlass com/fasterxml/jackson/databind/util/Named
instanceKlass org/springframework/beans/factory/support/MethodOverrides
instanceKlass org/springframework/context/annotation/ConfigurationClassPostProcessor
instanceKlass com/fasterxml/jackson/databind/introspect/TypeResolutionContext
instanceKlass org/springframework/context/EnvironmentAware
instanceKlass org/springframework/context/ApplicationStartupAware
instanceKlass org/springframework/context/ResourceLoaderAware
instanceKlass com/fasterxml/jackson/databind/introspect/Annotated
instanceKlass org/springframework/beans/factory/aot/BeanRegistrationAotProcessor
instanceKlass org/springframework/beans/factory/support/BeanDefinitionRegistryPostProcessor
instanceKlass org/springframework/beans/factory/annotation/Qualifier
instanceKlass org/springframework/aop/TargetSource
instanceKlass jakarta/annotation/PostConstruct
instanceKlass com/fasterxml/jackson/core/type/ResolvedType
instanceKlass org/springframework/context/annotation/AnnotationConfigUtils
instanceKlass org/springframework/context/annotation/ConditionEvaluator$ConditionContextImpl
instanceKlass org/springframework/context/annotation/ConditionContext
instanceKlass com/fasterxml/jackson/core/util/BufferRecycler$Gettable
instanceKlass org/springframework/context/annotation/ConditionEvaluator
instanceKlass org/springframework/context/annotation/Scope
instanceKlass org/springframework/context/annotation/AnnotationScopeMetadataResolver
instanceKlass java/util/RegularEnumSet$EnumSetIterator
instanceKlass com/fasterxml/jackson/core/JsonParser
instanceKlass org/springframework/context/annotation/AnnotationBeanNameGenerator
instanceKlass com/fasterxml/jackson/databind/Module$SetupContext
instanceKlass org/springframework/beans/factory/annotation/AnnotatedBeanDefinition
instanceKlass org/springframework/core/type/AnnotatedTypeMetadata
instanceKlass org/springframework/context/annotation/ScopeMetadataResolver
instanceKlass com/fasterxml/jackson/databind/JsonSerializable$Base
instanceKlass com/fasterxml/jackson/databind/JsonSerializable
instanceKlass org/springframework/beans/factory/support/BeanNameGenerator
instanceKlass org/springframework/context/annotation/AnnotatedBeanDefinitionReader
instanceKlass com/fasterxml/jackson/core/TreeNode
instanceKlass org/springframework/beans/factory/support/SimpleAutowireCandidateResolver
instanceKlass org/springframework/beans/factory/support/SimpleInstantiationStrategy
instanceKlass com/fasterxml/jackson/databind/introspect/ClassIntrospector
instanceKlass com/fasterxml/jackson/databind/introspect/VisibilityChecker
instanceKlass org/springframework/beans/factory/BeanNameAware
instanceKlass com/fasterxml/jackson/databind/jsontype/TypeResolverBuilder
instanceKlass com/fasterxml/jackson/databind/jsontype/PolymorphicTypeValidator
instanceKlass com/fasterxml/jackson/databind/introspect/AccessorNamingStrategy$Provider
instanceKlass org/springframework/beans/factory/ObjectProvider
instanceKlass org/springframework/beans/factory/ObjectFactory
instanceKlass org/springframework/beans/factory/support/AutowireCandidateResolver
instanceKlass com/fasterxml/jackson/databind/AnnotationIntrospector
instanceKlass org/springframework/util/ReflectionUtils$MethodCallback
instanceKlass org/springframework/beans/factory/InjectionPoint
instanceKlass org/springframework/beans/BeanWrapper
instanceKlass com/fasterxml/jackson/databind/ser/SerializerFactory
instanceKlass org/springframework/beans/ConfigurablePropertyAccessor
instanceKlass org/springframework/beans/PropertyAccessor
instanceKlass org/springframework/core/AttributeAccessorSupport
instanceKlass org/springframework/beans/PropertyValues
instanceKlass org/springframework/beans/factory/support/InstantiationStrategy
instanceKlass org/springframework/beans/factory/DisposableBean
instanceKlass com/fasterxml/jackson/databind/deser/DeserializerFactory
instanceKlass com/fasterxml/jackson/databind/DatabindContext
instanceKlass com/fasterxml/jackson/databind/jsontype/SubtypeResolver
instanceKlass org/springframework/core/SimpleAliasRegistry
instanceKlass com/fasterxml/jackson/core/TokenStreamFactory
instanceKlass java/text/Format
instanceKlass com/fasterxml/jackson/databind/cfg/HandlerInstantiator
instanceKlass com/fasterxml/jackson/databind/Module
instanceKlass org/springframework/http/converter/json/Jackson2ObjectMapperBuilder
instanceKlass com/fasterxml/jackson/core/PrettyPrinter
instanceKlass org/springframework/util/AntPathMatcher$PathSeparatorPatternCache
instanceKlass com/fasterxml/jackson/core/util/DefaultPrettyPrinter$Indenter
instanceKlass org/springframework/util/AntPathMatcher
instanceKlass org/springframework/http/converter/GenericHttpMessageConverter
instanceKlass org/apache/commons/logging/impl/NoOpLog
instanceKlass jdk/internal/module/SystemModules$all
instanceKlass sun/nio/fs/ExtendedFileSystemProvider
instanceKlass org/springframework/core/log/CompositeLog
instanceKlass org/springframework/util/PathMatcher
instanceKlass org/springframework/core/log/LogDelegateFactory
instanceKlass org/springframework/core/io/support/PathMatchingResourcePatternResolver
instanceKlass org/springframework/http/HttpLogging
instanceKlass org/springframework/http/converter/AbstractHttpMessageConverter
instanceKlass com/google/gson/Gson
instanceKlass org/springframework/beans/factory/config/Scope
instanceKlass com/fasterxml/jackson/core/JsonGenerator
instanceKlass org/springframework/beans/factory/config/BeanDefinition
instanceKlass org/springframework/beans/BeanMetadataElement
instanceKlass org/springframework/core/AttributeAccessor
instanceKlass com/fasterxml/jackson/core/TreeCodec
instanceKlass org/springframework/beans/factory/config/ConfigurableListableBeanFactory
instanceKlass org/springframework/context/LifecycleProcessor
instanceKlass org/springframework/core/SmartClassLoader
instanceKlass org/springframework/beans/factory/config/BeanPostProcessor
instanceKlass org/springframework/beans/PropertyEditorRegistrar
instanceKlass org/springframework/beans/factory/config/BeanExpressionResolver
instanceKlass com/fasterxml/jackson/core/Versioned
instanceKlass org/springframework/beans/factory/config/AutowireCapableBeanFactory
instanceKlass org/springframework/util/MimeType$SpecificityComparator
instanceKlass org/springframework/beans/factory/support/BeanDefinitionRegistry
instanceKlass org/springframework/core/AliasRegistry
instanceKlass java/lang/StrictMath
instanceKlass org/springframework/ui/context/ThemeSource
instanceKlass org/springframework/util/LinkedCaseInsensitiveMap
instanceKlass org/springframework/boot/web/context/ConfigurableWebServerApplicationContext
instanceKlass org/springframework/boot/web/context/WebServerApplicationContext
instanceKlass org/springframework/util/MimeType
instanceKlass org/springframework/context/annotation/AnnotationConfigRegistry
instanceKlass org/springframework/boot/SpringApplicationBannerPrinter$PrintedBanner
instanceKlass org/springframework/http/HttpOutputMessage
instanceKlass org/springframework/http/HttpMessage
instanceKlass org/springframework/http/StreamingHttpOutputMessage$Body
instanceKlass java/io/Console$2
instanceKlass jdk/internal/access/JavaIOAccess
instanceKlass java/io/Console
instanceKlass org/springframework/http/converter/FormHttpMessageConverter
instanceKlass org/springframework/boot/SpringBootVersion
instanceKlass org/springframework/http/converter/HttpMessageConverter
instanceKlass org/springframework/core/io/ContextResource
instanceKlass org/springframework/boot/autoconfigure/BackgroundPreinitializer$MessageConverterInitializer
instanceKlass org/springframework/boot/SpringBootBanner
instanceKlass org/springframework/boot/Banner
instanceKlass org/springframework/boot/SpringApplicationBannerPrinter
instanceKlass org/springframework/boot/autoconfigure/BackgroundPreinitializer$ValidationInitializer
instanceKlass org/springframework/boot/EnvironmentConverter
instanceKlass org/springframework/boot/autoconfigure/BackgroundPreinitializer$ConversionServiceInitializer
instanceKlass org/springframework/boot/autoconfigure/BackgroundPreinitializer$1
instanceKlass ch/qos/logback/classic/pattern/TargetLengthBasedClassNameAbbreviator
instanceKlass ch/qos/logback/core/pattern/ConverterUtil
instanceKlass ch/qos/logback/classic/pattern/NamedConverter$CacheMissCalculator
instanceKlass ch/qos/logback/classic/pattern/Abbreviator
instanceKlass ch/qos/logback/core/pattern/FormatInfo
instanceKlass ch/qos/logback/core/pattern/util/AsIsEscapeUtil
instanceKlass ch/qos/logback/core/pattern/parser/OptionTokenizer
instanceKlass ch/qos/logback/core/pattern/util/RestrictedEscapeUtil
instanceKlass ch/qos/logback/core/pattern/parser/TokenStream
instanceKlass ch/qos/logback/core/pattern/util/RegularEscapeUtil
instanceKlass ch/qos/logback/classic/pattern/EnsureExceptionHandling
instanceKlass ch/qos/logback/core/pattern/parser/Token
instanceKlass ch/qos/logback/core/pattern/parser/Node
instanceKlass ch/qos/logback/core/pattern/util/IEscapeUtil
instanceKlass ch/qos/logback/core/pattern/PostCompileProcessor
instanceKlass jdk/internal/logger/DefaultLoggerFinder$1
instanceKlass java/util/logging/Logger$SystemLoggerHelper$1
instanceKlass java/util/logging/Logger$SystemLoggerHelper
instanceKlass ch/qos/logback/classic/jul/JULHelper
instanceKlass java/util/Vector$Itr
instanceKlass ch/qos/logback/core/subst/NodeToStringTransformer$1
instanceKlass ch/qos/logback/core/CoreConstants
instanceKlass ch/qos/logback/core/subst/Node
instanceKlass ch/qos/logback/core/subst/Parser$1
instanceKlass ch/qos/logback/core/subst/Parser
instanceKlass ch/qos/logback/core/subst/Token
instanceKlass ch/qos/logback/core/subst/Tokenizer
instanceKlass ch/qos/logback/core/subst/NodeToStringTransformer
instanceKlass ch/qos/logback/core/rolling/RollingPolicy
instanceKlass org/springframework/boot/logging/logback/DefaultLogbackConfiguration
instanceKlass java/util/concurrent/Executors$DefaultThreadFactory
instanceKlass ch/qos/logback/core/util/ExecutorServiceUtil$1
instanceKlass java/util/concurrent/ScheduledExecutorService
instanceKlass ch/qos/logback/core/util/ExecutorServiceUtil
instanceKlass ch/qos/logback/core/LifeCycleManager
instanceKlass org/springframework/aot/AotDetector
instanceKlass org/springframework/boot/logging/LoggingInitializationContext
instanceKlass org/springframework/boot/logging/LoggerGroup
instanceKlass org/springframework/boot/logging/LoggerGroups
instanceKlass org/springframework/boot/logging/LogFile
instanceKlass java/util/concurrent/SynchronousQueue$TransferStack$SNode
instanceKlass java/util/concurrent/SynchronousQueue$Transferer
instanceKlass java/lang/ProcessHandleImpl
instanceKlass java/lang/ProcessHandle
instanceKlass org/springframework/boot/system/ApplicationPid
instanceKlass org/springframework/core/convert/support/ConversionUtils
instanceKlass java/util/concurrent/ConcurrentLinkedDeque$AbstractItr
instanceKlass org/springframework/core/convert/support/GenericConversionService$ConverterCacheKey
instanceKlass org/springframework/util/PropertyPlaceholderHelper$PlaceholderResolver
instanceKlass org/springframework/boot/context/properties/source/ConfigurationProperty
instanceKlass org/springframework/boot/origin/PropertySourceOrigin
instanceKlass org/springframework/boot/ansi/AnsiElement
instanceKlass org/springframework/boot/ansi/AnsiOutput
instanceKlass java/util/regex/ASCII
instanceKlass org/springframework/cloud/bootstrap/encrypt/TextEncryptorUtils$FailsafeTextEncryptor
instanceKlass org/springframework/cloud/bootstrap/encrypt/KeyProperties$KeyStore
instanceKlass java/util/concurrent/locks/AbstractQueuedSynchronizer$Node
instanceKlass java/util/concurrent/ForkJoinPool$ManagedBlocker
instanceKlass java/util/concurrent/atomic/Striped64$1
instanceKlass jdk/internal/util/random/RandomSupport
instanceKlass java/net/InetAddress$CachedAddresses
instanceKlass sun/net/InetAddressCachePolicy$2
instanceKlass sun/net/InetAddressCachePolicy$1
instanceKlass sun/net/InetAddressCachePolicy
instanceKlass java/net/InetAddress$NameServiceAddresses
instanceKlass java/net/InetAddress$Addresses
instanceKlass java/util/concurrent/ConcurrentSkipListMap$Iter
instanceKlass java/util/concurrent/FutureTask$WaitNode
instanceKlass java/util/concurrent/FutureTask
instanceKlass java/util/concurrent/RunnableFuture
instanceKlass java/util/concurrent/Future
instanceKlass java/util/concurrent/Callable
instanceKlass org/springframework/cloud/commons/util/InetUtils$HostInfo
instanceKlass java/net/NetworkInterface$1
instanceKlass java/net/DefaultInterface
instanceKlass java/net/Inet6Address$Inet6AddressHolder
instanceKlass java/net/InetAddress$PlatformNameService
instanceKlass java/net/InetAddress$NameService
instanceKlass java/net/Inet6AddressImpl
instanceKlass java/net/InetAddressImpl
instanceKlass java/net/InetAddressImplFactory
instanceKlass java/util/concurrent/ConcurrentSkipListMap$Node
instanceKlass java/util/concurrent/ConcurrentSkipListMap$Index
instanceKlass java/util/concurrent/ConcurrentNavigableMap
instanceKlass java/net/InetAddress$InetAddressHolder
instanceKlass java/net/InetAddress$1
instanceKlass jdk/internal/access/JavaNetInetAddressAccess
instanceKlass java/net/InterfaceAddress
instanceKlass java/net/NetworkInterface
instanceKlass java/util/concurrent/ThreadPoolExecutor$AbortPolicy
instanceKlass java/util/concurrent/RejectedExecutionHandler
instanceKlass java/util/concurrent/AbstractExecutorService
instanceKlass java/util/concurrent/Executors$DelegatedExecutorService
instanceKlass java/util/concurrent/Executors
instanceKlass org/springframework/cloud/commons/util/InetUtils
instanceKlass org/springframework/beans/factory/annotation/Value
instanceKlass java/util/AbstractList$Itr
instanceKlass org/springframework/boot/context/properties/bind/JavaBeanBinder$BeanSupplier
instanceKlass java/beans/Introspector$1
instanceKlass jdk/internal/access/JavaBeansAccess
instanceKlass java/beans/FeatureDescriptor
instanceKlass java/beans/Introspector
instanceKlass org/springframework/boot/context/properties/bind/JavaBeanBinder$BeanProperty
instanceKlass java/lang/invoke/MethodHandleImpl$ArrayAccessor
instanceKlass java/lang/invoke/MethodHandleImpl$2
instanceKlass java/lang/invoke/MethodHandleImpl$LoopClauses
instanceKlass java/lang/invoke/MethodHandleImpl$CasesHolder
instanceKlass java/lang/invoke/MethodHandleImpl$BindCaller
instanceKlass org/springframework/core/BridgeMethodResolver
instanceKlass org/springframework/cloud/commons/util/InetUtilsProperties
instanceKlass org/springframework/boot/context/properties/bind/MapBinder$EntryBinder
instanceKlass org/springframework/core/CollectionFactory
instanceKlass org/springframework/boot/context/config/Profiles
instanceKlass java/util/Spliterators$IteratorSpliterator
instanceKlass org/springframework/boot/context/config/ConfigDataEnvironmentContributors$InactiveSourceChecker
instanceKlass org/springframework/boot/context/properties/bind/DefaultValue
instanceKlass org/springframework/boot/context/properties/bind/DataObjectPropertyName
instanceKlass org/springframework/boot/context/properties/bind/ValueObjectBinder$ConstructorParameter
instanceKlass org/springframework/core/SerializableTypeWrapper$MethodInvokeTypeProvider
instanceKlass org/springframework/core/SerializableTypeWrapper$TypeProxyInvocationHandler
instanceKlass sun/reflect/generics/tree/MethodTypeSignature
instanceKlass sun/reflect/generics/tree/VoidDescriptor
instanceKlass org/springframework/core/SerializableTypeWrapper$MethodParameterTypeProvider
instanceKlass org/springframework/core/MethodParameter
instanceKlass org/springframework/boot/context/properties/bind/Name
instanceKlass org/springframework/boot/context/properties/bind/ConstructorBinding
instanceKlass org/springframework/beans/factory/annotation/Autowired
instanceKlass org/springframework/boot/context/config/ConfigDataProperties$Activate
instanceKlass org/springframework/boot/context/properties/bind/DefaultBindConstructorProvider$Constructors
instanceKlass org/springframework/boot/context/properties/bind/AbstractBindHandler
instanceKlass org/springframework/boot/context/config/ConfigDataEnvironmentContributorPlaceholdersResolver
instanceKlass org/springframework/boot/origin/OriginTrackedValue
instanceKlass org/springframework/boot/origin/TextResourceOrigin
instanceKlass org/springframework/boot/origin/TextResourceOrigin$Location
instanceKlass sun/net/DefaultProgressMeteringPolicy
instanceKlass sun/net/ProgressMeteringPolicy
instanceKlass sun/net/ProgressMonitor
instanceKlass org/springframework/boot/env/OriginTrackedPropertiesLoader$CharacterReader
instanceKlass org/springframework/boot/env/OriginTrackedPropertiesLoader$Document
instanceKlass org/springframework/boot/env/OriginTrackedPropertiesLoader
instanceKlass java/util/Formattable
instanceKlass java/util/Formatter$Flags
instanceKlass java/util/Formatter$FormatSpecifier
instanceKlass java/util/Formatter$Conversion
instanceKlass java/util/Formatter$FixedString
instanceKlass java/util/Formatter$FormatString
instanceKlass java/util/Formatter
instanceKlass org/springframework/boot/origin/OriginTrackedResource
instanceKlass org/springframework/boot/context/config/ConfigData
instanceKlass org/springframework/boot/context/config/ConfigDataResolutionResult
instanceKlass java/util/stream/ReduceOps$AccumulatingSink
instanceKlass java/util/stream/ReduceOps$Box
instanceKlass java/util/stream/ReduceOps$ReduceOp
instanceKlass java/util/stream/ReduceOps
instanceKlass java/util/function/BinaryOperator
instanceKlass java/util/stream/Collectors$CollectorImpl
instanceKlass java/util/stream/Collector
instanceKlass java/util/stream/Collectors
instanceKlass org/springframework/core/io/WritableResource
instanceKlass org/springframework/boot/context/config/StandardConfigDataReference
instanceKlass java/util/regex/IntHashSet
instanceKlass java/util/regex/Matcher
instanceKlass java/util/regex/MatchResult
instanceKlass org/springframework/boot/context/config/ConfigDataEnvironmentContributors$ContributorDataLoaderContext
instanceKlass org/springframework/boot/context/config/ConfigDataEnvironmentContributors$ContributorConfigDataLocationResolverContext
instanceKlass org/springframework/boot/context/config/ConfigDataEnvironmentContributor$ContributorIterator
instanceKlass org/springframework/boot/BootstrapRegistry$InstanceSupplier$1
instanceKlass org/springframework/boot/context/config/ConfigDataActivationContext
instanceKlass org/springframework/boot/context/config/ConfigDataImporter
instanceKlass org/springframework/boot/context/config/ConfigDataLocationResolverContext
instanceKlass org/springframework/boot/context/config/ConfigDataLoaderContext
instanceKlass org/springframework/boot/context/config/ConfigDataEnvironmentContributors
instanceKlass org/springframework/boot/context/config/ConfigDataProperties
instanceKlass org/springframework/boot/context/config/ConfigDataEnvironmentContributor
instanceKlass org/springframework/boot/context/config/ConfigData$Options
instanceKlass org/springframework/boot/context/config/ConfigData$AlwaysPropertySourceOptions
instanceKlass org/springframework/boot/context/config/ConfigData$PropertySourceOptions
instanceKlass org/springframework/boot/context/config/StandardConfigDataLoader
instanceKlass org/springframework/boot/context/config/ConfigDataResource
instanceKlass org/springframework/boot/context/config/ConfigTreeConfigDataLoader
instanceKlass org/springframework/boot/context/config/ConfigDataLoader
instanceKlass org/springframework/boot/context/config/ConfigDataLoaders
instanceKlass org/springframework/boot/context/config/ConfigDataEnvironmentUpdateListener$1
instanceKlass org/springframework/boot/context/config/ConfigDataEnvironmentUpdateListener
instanceKlass java/util/function/BooleanSupplier
instanceKlass java/util/stream/StreamSpliterators
instanceKlass java/util/stream/StreamSpliterators$AbstractWrappingSpliterator
instanceKlass org/springframework/boot/context/properties/source/FilteredConfigurationPropertiesSource
instanceKlass java/lang/invoke/MethodHandle$1
instanceKlass org/springframework/boot/context/properties/bind/AggregateBinder$AggregateSupplier
instanceKlass org/springframework/boot/context/properties/bind/AggregateElementBinder
instanceKlass org/springframework/boot/env/YamlPropertySourceLoader
instanceKlass org/springframework/boot/env/PropertiesPropertySourceLoader
instanceKlass org/springframework/boot/env/PropertySourceLoader
instanceKlass java/util/regex/Pattern$BitClass
instanceKlass org/springframework/boot/context/config/StandardConfigDataLocationResolver
instanceKlass org/springframework/boot/context/config/LocationResourceLoader
instanceKlass org/springframework/boot/context/config/ConfigTreeConfigDataLocationResolver
instanceKlass org/springframework/boot/context/config/ConfigDataLocationResolver
instanceKlass org/springframework/boot/context/config/ConfigDataLocationResolvers
instanceKlass org/springframework/boot/context/properties/bind/BindResult
instanceKlass org/springframework/boot/context/properties/bind/JavaBeanBinder$BeanProperties
instanceKlass org/springframework/boot/context/properties/bind/ValueObjectBinder$ValueObject
instanceKlass org/springframework/core/StandardReflectionParameterNameDiscoverer
instanceKlass org/springframework/core/PrioritizedParameterNameDiscoverer
instanceKlass org/springframework/boot/context/properties/bind/ValueObjectBinder$Discoverer
instanceKlass org/springframework/core/ParameterNameDiscoverer
instanceKlass java/util/AbstractList$RandomAccessSpliterator
instanceKlass org/springframework/boot/context/properties/bind/DataObjectPropertyBinder
instanceKlass org/springframework/boot/context/properties/bind/Binder$Context
instanceKlass org/springframework/boot/context/properties/bind/JavaBeanBinder
instanceKlass org/springframework/boot/context/properties/bind/ValueObjectBinder
instanceKlass org/springframework/boot/context/properties/bind/DataObjectBinder
instanceKlass org/springframework/boot/context/properties/bind/DefaultBindConstructorProvider
instanceKlass org/springframework/boot/context/properties/bind/BindConstructorProvider
instanceKlass org/springframework/boot/context/properties/bind/BindHandler$1
instanceKlass org/springframework/beans/TypeConverterDelegate
instanceKlass org/springframework/beans/PropertyEditorRegistrySupport
instanceKlass org/springframework/beans/PropertyEditorRegistry
instanceKlass org/springframework/beans/TypeConverter
instanceKlass java/beans/PropertyEditorSupport
instanceKlass java/beans/PropertyEditor
instanceKlass org/springframework/boot/context/properties/bind/BindConverter$TypeConverterConverter
instanceKlass org/springframework/boot/context/properties/bind/BindConverter
instanceKlass org/springframework/util/PropertyPlaceholderHelper
instanceKlass org/springframework/boot/context/properties/bind/PropertySourcesPlaceholdersResolver
instanceKlass org/springframework/boot/context/properties/bind/AggregateBinder
instanceKlass org/springframework/boot/context/properties/bind/BindContext
instanceKlass org/springframework/boot/context/properties/bind/Binder
instanceKlass org/springframework/boot/context/config/ConfigDataLocation
instanceKlass org/springframework/boot/context/properties/bind/PlaceholdersResolver
instanceKlass org/springframework/boot/origin/OriginProvider
instanceKlass org/springframework/boot/context/config/ConfigDataEnvironment
instanceKlass org/springframework/core/io/DefaultResourceLoader
instanceKlass org/springframework/boot/env/SpringApplicationJsonEnvironmentPostProcessor$JsonPropertyValue
instanceKlass org/springframework/boot/origin/Origin
instanceKlass org/springframework/boot/logging/DeferredLog$Line
instanceKlass java/util/Random
instanceKlass java/util/random/RandomGenerator
instanceKlass org/springframework/cloud/client/HostInfoEnvironmentPostProcessor
instanceKlass org/springframework/cloud/util/random/CachedRandomPropertySourceEnvironmentPostProcessor
instanceKlass java/util/regex/Pattern$TreeInfo
instanceKlass java/util/regex/Pattern$BmpCharPredicate
instanceKlass java/util/regex/Pattern$CharPredicate
instanceKlass java/util/regex/CharPredicates
instanceKlass java/util/regex/Pattern$Node
instanceKlass org/springframework/cloud/bootstrap/encrypt/AbstractEnvironmentDecrypt
instanceKlass org/springframework/cloud/bootstrap/BootstrapConfigFileApplicationListener
instanceKlass org/springframework/boot/autoconfigure/integration/IntegrationPropertiesEnvironmentPostProcessor
instanceKlass org/springframework/boot/reactor/ReactorEnvironmentPostProcessor
instanceKlass org/springframework/boot/env/SystemEnvironmentPropertySourceEnvironmentPostProcessor
instanceKlass org/springframework/boot/env/SpringApplicationJsonEnvironmentPostProcessor
instanceKlass org/springframework/boot/env/RandomValuePropertySourceEnvironmentPostProcessor
instanceKlass org/springframework/boot/context/config/ConfigDataEnvironmentPostProcessor
instanceKlass org/springframework/boot/logging/DeferredLog
instanceKlass org/springframework/boot/cloud/CloudFoundryVcapEnvironmentPostProcessor
instanceKlass org/springframework/boot/env/EnvironmentPostProcessor
instanceKlass org/springframework/boot/env/SpringFactoriesEnvironmentPostProcessorsFactory
instanceKlass org/springframework/boot/context/properties/source/ConfigurationPropertyName$ElementCharPredicate
instanceKlass java/util/stream/Sink$OfInt
instanceKlass java/util/function/IntConsumer
instanceKlass java/util/stream/MatchOps$BooleanTerminalSink
instanceKlass java/util/stream/MatchOps$MatchOp
instanceKlass java/util/stream/MatchOps
instanceKlass java/util/function/IntPredicate
instanceKlass java/util/stream/IntStream
instanceKlass java/lang/StringLatin1$CharsSpliterator
instanceKlass java/util/function/UnaryOperator
instanceKlass org/springframework/boot/context/properties/source/SpringIterableConfigurationPropertySource$Mappings
instanceKlass org/springframework/boot/context/properties/source/DefaultPropertyMapper$LastMapping
instanceKlass java/time/Clock
instanceKlass java/time/InstantSource
instanceKlass org/springframework/boot/context/properties/source/SoftReferenceConfigurationPropertyCache
instanceKlass org/springframework/boot/context/properties/source/ConfigurationPropertyCaching
instanceKlass org/springframework/boot/context/properties/source/SystemEnvironmentPropertyMapper
instanceKlass java/util/function/BiPredicate
instanceKlass org/springframework/boot/context/properties/source/DefaultPropertyMapper
instanceKlass org/springframework/boot/context/properties/source/PropertyMapper
instanceKlass org/springframework/boot/context/properties/source/CachingConfigurationPropertySource
instanceKlass org/springframework/boot/context/properties/source/IterableConfigurationPropertySource
instanceKlass org/springframework/boot/context/properties/source/SpringConfigurationPropertySource
instanceKlass org/springframework/boot/context/properties/source/SpringConfigurationPropertySources$SourcesIterator
instanceKlass org/springframework/cloud/util/PropertyUtils
instanceKlass org/springframework/boot/context/properties/source/ConfigurationPropertySource
instanceKlass org/springframework/boot/context/properties/source/SpringConfigurationPropertySources
instanceKlass org/springframework/boot/convert/CharSequenceToObjectConverter
instanceKlass org/springframework/boot/convert/LenientObjectToEnumConverterFactory
instanceKlass sun/reflect/generics/tree/ByteSignature
instanceKlass org/springframework/boot/convert/InputStreamSourceToByteArrayConverter
instanceKlass org/springframework/boot/convert/StringToFileConverter
instanceKlass org/springframework/boot/convert/NumberToDataSizeConverter
instanceKlass org/springframework/util/unit/DataSize
instanceKlass org/springframework/boot/convert/StringToDataSizeConverter
instanceKlass org/springframework/boot/convert/NumberToPeriodConverter
instanceKlass org/springframework/boot/convert/PeriodToStringConverter
instanceKlass org/springframework/boot/convert/StringToPeriodConverter
instanceKlass org/springframework/boot/convert/DurationToNumberConverter
instanceKlass org/springframework/boot/convert/NumberToDurationConverter
instanceKlass org/springframework/boot/convert/DurationToStringConverter
instanceKlass org/springframework/boot/convert/StringToDurationConverter
instanceKlass org/springframework/boot/convert/DelimitedStringToCollectionConverter
instanceKlass org/springframework/boot/convert/DelimitedStringToArrayConverter
instanceKlass org/springframework/boot/convert/CollectionToDelimitedStringConverter
instanceKlass org/springframework/boot/convert/ArrayToDelimitedStringConverter
instanceKlass org/springframework/boot/convert/IsoOffsetFormatter
instanceKlass java/net/InetAddress
instanceKlass org/springframework/boot/convert/InetAddressFormatter
instanceKlass sun/reflect/generics/tree/ArrayTypeSignature
instanceKlass sun/reflect/generics/tree/CharSignature
instanceKlass org/springframework/boot/convert/CharArrayFormatter
instanceKlass org/springframework/format/annotation/DateTimeFormat
instanceKlass org/springframework/format/datetime/standard/MonthDayFormatter
instanceKlass java/time/MonthDay
instanceKlass org/springframework/format/datetime/standard/YearMonthFormatter
instanceKlass java/time/YearMonth
instanceKlass org/springframework/format/datetime/standard/MonthFormatter
instanceKlass org/springframework/format/datetime/standard/YearFormatter
instanceKlass java/time/Year
instanceKlass org/springframework/format/datetime/standard/DurationFormatter
instanceKlass org/springframework/format/datetime/standard/PeriodFormatter
instanceKlass org/springframework/format/datetime/standard/InstantFormatter
instanceKlass java/time/OffsetTime
instanceKlass org/springframework/format/support/FormattingConversionService$ParserConverter
instanceKlass org/springframework/format/support/FormattingConversionService$PrinterConverter
instanceKlass org/springframework/format/datetime/standard/TemporalAccessorParser
instanceKlass org/springframework/format/datetime/standard/TemporalAccessorPrinter
instanceKlass java/time/format/DateTimeFormatterBuilder$LocalizedPrinterParser
instanceKlass org/springframework/format/datetime/standard/DateTimeFormatterRegistrar$1
instanceKlass org/springframework/format/datetime/standard/DateTimeConverters$InstantToLongConverter
instanceKlass org/springframework/format/datetime/standard/DateTimeConverters$LongToInstantConverter
instanceKlass org/springframework/format/datetime/standard/DateTimeConverters$CalendarToInstantConverter
instanceKlass org/springframework/format/datetime/standard/DateTimeConverters$CalendarToLocalDateTimeConverter
instanceKlass org/springframework/format/datetime/standard/DateTimeConverters$CalendarToLocalTimeConverter
instanceKlass org/springframework/format/datetime/standard/DateTimeConverters$CalendarToLocalDateConverter
instanceKlass org/springframework/format/datetime/standard/DateTimeConverters$CalendarToOffsetDateTimeConverter
instanceKlass org/springframework/format/datetime/standard/DateTimeConverters$CalendarToZonedDateTimeConverter
instanceKlass org/springframework/format/datetime/standard/DateTimeConverters$OffsetDateTimeToInstantConverter
instanceKlass org/springframework/format/datetime/standard/DateTimeConverters$OffsetDateTimeToZonedDateTimeConverter
instanceKlass org/springframework/format/datetime/standard/DateTimeConverters$OffsetDateTimeToLocalDateTimeConverter
instanceKlass org/springframework/format/datetime/standard/DateTimeConverters$OffsetDateTimeToLocalTimeConverter
instanceKlass org/springframework/format/datetime/standard/DateTimeConverters$OffsetDateTimeToLocalDateConverter
instanceKlass java/time/Instant
instanceKlass org/springframework/format/datetime/standard/DateTimeConverters$ZonedDateTimeToInstantConverter
instanceKlass java/time/OffsetDateTime
instanceKlass org/springframework/format/datetime/standard/DateTimeConverters$ZonedDateTimeToOffsetDateTimeConverter
instanceKlass org/springframework/format/datetime/standard/DateTimeConverters$ZonedDateTimeToLocalDateTimeConverter
instanceKlass org/springframework/format/datetime/standard/DateTimeConverters$ZonedDateTimeToLocalTimeConverter
instanceKlass org/springframework/format/datetime/standard/DateTimeConverters$ZonedDateTimeToLocalDateConverter
instanceKlass org/springframework/format/datetime/standard/DateTimeConverters$LocalDateTimeToLocalTimeConverter
instanceKlass org/springframework/format/datetime/standard/DateTimeConverters$LocalDateTimeToLocalDateConverter
instanceKlass org/springframework/format/datetime/DateFormatterRegistrar$LongToCalendarConverter
instanceKlass org/springframework/format/datetime/DateFormatterRegistrar$LongToDateConverter
instanceKlass org/springframework/format/datetime/DateFormatterRegistrar$CalendarToLongConverter
instanceKlass org/springframework/format/datetime/DateFormatterRegistrar$CalendarToDateConverter
instanceKlass org/springframework/format/datetime/DateFormatterRegistrar$DateToCalendarConverter
instanceKlass java/util/Date
instanceKlass org/springframework/format/datetime/DateFormatterRegistrar$DateToLongConverter
instanceKlass org/springframework/format/datetime/DateFormatterRegistrar
instanceKlass org/springframework/format/datetime/standard/DateTimeConverters
instanceKlass org/springframework/format/datetime/standard/DateTimeFormatterFactory
instanceKlass org/springframework/format/datetime/standard/DateTimeFormatterRegistrar
instanceKlass org/springframework/format/FormatterRegistrar
instanceKlass org/springframework/format/support/FormattingConversionService$AnnotationParserConverter
instanceKlass org/springframework/format/support/FormattingConversionService$AnnotationPrinterConverter
instanceKlass org/springframework/util/NumberUtils
instanceKlass org/springframework/format/annotation/NumberFormat
instanceKlass org/springframework/core/GenericTypeResolver
instanceKlass org/springframework/context/support/EmbeddedValueResolutionSupport
instanceKlass org/springframework/format/AnnotationFormatterFactory
instanceKlass org/springframework/core/convert/support/ObjectToOptionalConverter
instanceKlass org/springframework/core/convert/support/FallbackObjectToStringConverter
instanceKlass org/springframework/core/convert/support/IdToEntityConverter
instanceKlass org/springframework/core/convert/support/ObjectToObjectConverter
instanceKlass java/time/ZonedDateTime
instanceKlass java/time/chrono/ChronoZonedDateTime
instanceKlass java/util/Calendar
instanceKlass org/springframework/core/convert/support/ZonedDateTimeToCalendarConverter
instanceKlass org/springframework/core/convert/support/ZoneIdToTimeZoneConverter
instanceKlass org/springframework/core/convert/support/StringToTimeZoneConverter
instanceKlass org/springframework/core/convert/support/ByteBufferConverter
instanceKlass org/springframework/core/convert/TypeDescriptor$AnnotatedElementAdapter
instanceKlass org/springframework/core/convert/TypeDescriptor
instanceKlass org/springframework/core/convert/support/StreamConverter
instanceKlass org/springframework/core/convert/support/ObjectToCollectionConverter
instanceKlass org/springframework/core/convert/support/CollectionToObjectConverter
instanceKlass org/springframework/core/convert/support/StringToCollectionConverter
instanceKlass org/springframework/core/convert/support/ObjectToArrayConverter
instanceKlass org/springframework/core/convert/support/ArrayToObjectConverter
instanceKlass org/springframework/core/convert/support/StringToArrayConverter
instanceKlass org/springframework/core/convert/support/CollectionToStringConverter
instanceKlass org/springframework/core/convert/support/ArrayToStringConverter
instanceKlass org/springframework/core/convert/support/MapToMapConverter
instanceKlass org/springframework/core/convert/support/CollectionToCollectionConverter
instanceKlass org/springframework/core/convert/support/ArrayToArrayConverter
instanceKlass org/springframework/core/convert/support/CollectionToArrayConverter
instanceKlass org/springframework/core/convert/support/ArrayToCollectionConverter
instanceKlass java/util/regex/Pattern
instanceKlass org/springframework/core/convert/support/StringToPatternConverter
instanceKlass java/util/UUID
instanceKlass org/springframework/core/convert/support/StringToUUIDConverter
instanceKlass org/springframework/core/convert/support/PropertiesToStringConverter
instanceKlass org/springframework/core/convert/support/StringToPropertiesConverter
instanceKlass java/util/Currency
instanceKlass org/springframework/core/convert/support/StringToCurrencyConverter
instanceKlass org/springframework/core/convert/support/StringToCharsetConverter
instanceKlass org/springframework/core/convert/support/StringToLocaleConverter
instanceKlass org/springframework/core/convert/support/IntegerToEnumConverterFactory
instanceKlass sun/reflect/generics/tree/Wildcard
instanceKlass sun/reflect/generics/tree/BottomSignature
instanceKlass org/springframework/core/convert/support/AbstractConditionalEnumConverter
instanceKlass org/springframework/core/convert/support/StringToEnumConverterFactory
instanceKlass org/springframework/core/convert/support/StringToBooleanConverter
instanceKlass org/springframework/core/convert/support/CharacterToNumberFactory
instanceKlass org/springframework/core/convert/support/NumberToCharacterConverter
instanceKlass org/springframework/core/convert/support/StringToCharacterConverter
instanceKlass org/springframework/core/convert/support/GenericConversionService$ConverterAdapter
instanceKlass org/springframework/core/convert/support/ObjectToStringConverter
instanceKlass org/springframework/core/convert/support/StringToNumberConverterFactory
instanceKlass java/lang/invoke/VarHandle$AccessDescriptor
instanceKlass java/util/concurrent/ConcurrentLinkedDeque$Node
instanceKlass org/springframework/core/convert/support/GenericConversionService$ConvertersForPair
instanceKlass org/springframework/core/convert/converter/GenericConverter$ConvertiblePair
instanceKlass org/springframework/core/convert/support/GenericConversionService$ConverterFactoryAdapter
instanceKlass org/springframework/core/convert/converter/ConditionalGenericConverter
instanceKlass org/springframework/core/convert/support/NumberToNumberConverterFactory
instanceKlass org/springframework/core/convert/converter/ConditionalConverter
instanceKlass org/springframework/core/convert/support/GenericConversionService$Converters
instanceKlass org/springframework/core/convert/support/GenericConversionService$NoOpConverter
instanceKlass org/springframework/core/convert/converter/ConverterFactory
instanceKlass org/springframework/core/convert/converter/Converter
instanceKlass org/springframework/format/Formatter
instanceKlass org/springframework/format/Parser
instanceKlass org/springframework/format/Printer
instanceKlass org/springframework/core/convert/converter/GenericConverter
instanceKlass org/springframework/core/convert/support/GenericConversionService
instanceKlass org/springframework/context/EmbeddedValueResolverAware
instanceKlass org/springframework/format/FormatterRegistry
instanceKlass java/lang/ProcessEnvironment$CheckedEntry
instanceKlass java/lang/ProcessEnvironment$CheckedEntrySet$1
instanceKlass java/lang/ProcessEnvironment$EntryComparator
instanceKlass java/lang/ProcessEnvironment$NameComparator
instanceKlass javax/naming/spi/NamingManager
instanceKlass com/sun/naming/internal/VersionHelper$InputStreamEnumeration
instanceKlass javax/naming/NamingEnumeration
instanceKlass com/sun/naming/internal/VersionHelper
instanceKlass com/sun/naming/internal/ResourceManager
instanceKlass org/springframework/core/SpringProperties
instanceKlass org/springframework/jndi/JndiAccessor
instanceKlass org/springframework/core/env/AbstractPropertyResolver
instanceKlass org/springframework/boot/context/properties/source/ConfigurationPropertySources
instanceKlass org/springframework/core/env/MutablePropertySources
instanceKlass javax/naming/InitialContext
instanceKlass javax/naming/Context
instanceKlass org/springframework/core/env/AbstractEnvironment
instanceKlass org/springframework/web/context/ConfigurableWebEnvironment
instanceKlass org/springframework/boot/web/servlet/context/ServletWebServerApplicationContextFactory
instanceKlass org/springframework/boot/web/reactive/context/ReactiveWebServerApplicationContextFactory
instanceKlass org/springframework/core/env/CommandLineArgs
instanceKlass org/springframework/core/env/SimpleCommandLineArgsParser
instanceKlass org/springframework/boot/DefaultApplicationArguments
instanceKlass org/springframework/core/NativeDetector
instanceKlass java/util/logging/LogManager$CloseOnReset
instanceKlass java/util/logging/StreamHandler$1
instanceKlass java/util/logging/Handler$1
instanceKlass java/util/logging/ErrorManager
instanceKlass jdk/internal/logger/SimpleConsoleLogger$Formatting
instanceKlass sun/util/logging/PlatformLogger
instanceKlass sun/util/logging/PlatformLogger$ConfigurableBridge$LoggerConfiguration
instanceKlass java/util/logging/Formatter
instanceKlass java/util/logging/LogManager$4
instanceKlass jdk/internal/logger/BootstrapLogger$BootstrapExecutors
instanceKlass jdk/internal/logger/BootstrapLogger$RedirectedLoggers
instanceKlass java/util/concurrent/CopyOnWriteArrayList$COWIterator
instanceKlass jdk/internal/misc/ScopedMemoryAccess$Scope
instanceKlass jdk/internal/logger/BootstrapLogger$DetectBackend$1
instanceKlass jdk/internal/logger/BootstrapLogger$DetectBackend
instanceKlass jdk/internal/logger/BootstrapLogger
instanceKlass sun/util/logging/PlatformLogger$ConfigurableBridge
instanceKlass sun/util/logging/PlatformLogger$Bridge
instanceKlass java/lang/System$Logger
instanceKlass java/util/stream/Streams
instanceKlass java/util/stream/Stream$Builder
instanceKlass java/util/stream/Streams$AbstractStreamBuilderImpl
instanceKlass java/util/Hashtable$Enumerator
instanceKlass java/util/Collections$SynchronizedCollection
instanceKlass java/util/Properties$EntrySet
instanceKlass java/util/Collections$3
instanceKlass java/util/logging/LogManager$LoggerContext$1
instanceKlass java/util/logging/LogManager$VisitedLoggers
instanceKlass java/util/logging/Logger$ConfigurationData
instanceKlass java/util/logging/Logger$LoggerBundle
instanceKlass java/util/logging/Logger
instanceKlass java/util/logging/LogManager$2
instanceKlass java/lang/System$LoggerFinder
instanceKlass java/util/logging/LogManager$LoggingProviderAccess
instanceKlass sun/util/logging/internal/LoggingProviderImpl$LogManagerAccess
instanceKlass java/lang/Shutdown$Lock
instanceKlass java/lang/Shutdown
instanceKlass java/lang/ApplicationShutdownHooks$1
instanceKlass java/lang/ApplicationShutdownHooks
instanceKlass java/util/logging/LogManager$LogNode
instanceKlass java/util/logging/LogManager$LoggerContext
instanceKlass java/util/logging/LogManager$1
instanceKlass java/util/logging/Level
instanceKlass java/util/logging/Handler
instanceKlass org/springframework/boot/logging/AbstractLoggingSystem$LogLevels
instanceKlass org/springframework/boot/logging/LoggerConfigurationComparator
instanceKlass ch/qos/logback/classic/spi/LoggerContextListener
instanceKlass org/springframework/boot/logging/logback/LogbackConfigurator
instanceKlass org/springframework/boot/logging/LoggingSystemProperties
instanceKlass org/springframework/core/annotation/AnnotationUtils
instanceKlass org/springframework/core/annotation/ValueExtractor
instanceKlass org/springframework/core/annotation/AliasFor
instanceKlass org/springframework/core/annotation/AnnotationTypeMapping$MirrorSets
instanceKlass org/springframework/core/annotation/AnnotationTypeMapping$MirrorSets$MirrorSet
instanceKlass org/springframework/core/annotation/AnnotationTypeMapping
instanceKlass org/springframework/core/annotation/AnnotationTypeMappings$Cache
instanceKlass org/springframework/core/annotation/AnnotationTypeMappings
instanceKlass org/springframework/core/annotation/AttributeMethods
instanceKlass java/util/logging/LogManager
instanceKlass org/springframework/boot/logging/java/JavaLoggingSystem$Factory
instanceKlass org/springframework/boot/logging/log4j2/Log4J2LoggingSystem$Factory
instanceKlass org/springframework/beans/factory/aot/BeanFactoryInitializationAotProcessor
instanceKlass org/springframework/boot/logging/logback/LogbackLoggingSystem$Factory
instanceKlass org/springframework/boot/logging/DelegatingLoggingSystemFactory
instanceKlass org/springframework/boot/logging/LoggingSystemFactory
instanceKlass org/springframework/boot/logging/LoggingSystem
instanceKlass org/springframework/aop/SpringProxy
instanceKlass org/springframework/aop/support/AopUtils
instanceKlass org/springframework/context/event/GenericApplicationListenerAdapter
instanceKlass org/springframework/context/event/AbstractApplicationEventMulticaster$CachedListenerRetriever
instanceKlass org/springframework/context/event/AbstractApplicationEventMulticaster$ListenerCacheKey
instanceKlass org/springframework/core/ResolvableTypeProvider
instanceKlass org/springframework/boot/SpringApplicationRunListeners
instanceKlass java/util/stream/Nodes$ArrayNode
instanceKlass org/springframework/util/ErrorHandler
instanceKlass org/springframework/boot/availability/AvailabilityState
instanceKlass org/springframework/boot/context/event/EventPublishingRunListener
instanceKlass org/springframework/boot/SpringApplicationRunListener
instanceKlass org/springframework/core/io/support/SpringFactoriesLoader$ArgumentResolver$1
instanceKlass org/springframework/core/io/support/SpringFactoriesLoader$ArgumentResolver
instanceKlass org/springframework/boot/context/properties/bind/BindHandler
instanceKlass org/springframework/core/env/PropertySources
instanceKlass org/springframework/cloud/bootstrap/encrypt/TextEncryptorUtils
instanceKlass org/springframework/cloud/bootstrap/encrypt/RsaProperties
instanceKlass org/springframework/boot/BootstrapRegistry$InstanceSupplier
instanceKlass org/springframework/cloud/bootstrap/encrypt/KeyProperties
instanceKlass org/springframework/aop/framework/Advised
instanceKlass org/springframework/aop/TargetClassAware
instanceKlass org/springframework/aop/framework/AopProxyUtils
instanceKlass org/springframework/context/event/AbstractApplicationEventMulticaster$DefaultListenerRetriever
instanceKlass org/springframework/context/event/AbstractApplicationEventMulticaster
instanceKlass org/springframework/beans/factory/BeanFactoryAware
instanceKlass org/springframework/beans/factory/BeanClassLoaderAware
instanceKlass org/springframework/context/event/ApplicationEventMulticaster
instanceKlass org/springframework/boot/DefaultBootstrapContext
instanceKlass org/springframework/boot/SpringApplication$Startup
instanceKlass java/util/stream/FindOps$FindOp
instanceKlass java/util/stream/FindOps$FindSink
instanceKlass java/util/stream/FindOps
instanceKlass java/lang/StackStreamFactory$FrameBuffer
instanceKlass java/lang/StackStreamFactory$1
instanceKlass java/lang/StackStreamFactory
instanceKlass org/springframework/cloud/context/restart/RestartListener
instanceKlass org/springframework/cloud/bootstrap/LoggingSystemShutdownListener
instanceKlass org/springframework/boot/origin/OriginLookup
instanceKlass org/springframework/cloud/bootstrap/BootstrapApplicationListener
instanceKlass java/util/concurrent/CountDownLatch
instanceKlass org/springframework/boot/autoconfigure/BackgroundPreinitializer
instanceKlass org/springframework/boot/logging/DeferredLog$Lines
instanceKlass org/springframework/boot/logging/DeferredLogs
instanceKlass org/springframework/boot/env/EnvironmentPostProcessorsFactory
instanceKlass org/springframework/boot/logging/DeferredLogFactory
instanceKlass org/springframework/boot/env/EnvironmentPostProcessorApplicationListener
instanceKlass org/springframework/util/MultiValueMapAdapter
instanceKlass org/springframework/core/ResolvableType$DefaultVariableResolver
instanceKlass sun/reflect/generics/reflectiveObjects/ParameterizedTypeImpl
instanceKlass sun/reflect/generics/tree/TypeVariableSignature
instanceKlass org/springframework/core/ResolvableType$TypeVariablesVariableResolver
instanceKlass org/springframework/core/ResolvableType$SyntheticParameterizedType
instanceKlass org/springframework/core/SerializableTypeWrapper$SerializableTypeProxy
instanceKlass java/lang/reflect/WildcardType
instanceKlass java/lang/reflect/ParameterizedType
instanceKlass org/springframework/core/SerializableTypeWrapper
instanceKlass sun/reflect/generics/reflectiveObjects/LazyReflectiveObjectGenerator
instanceKlass java/lang/reflect/TypeVariable
instanceKlass sun/reflect/generics/tree/ClassSignature
instanceKlass sun/reflect/generics/tree/Signature
instanceKlass sun/reflect/generics/tree/FormalTypeParameter
instanceKlass sun/reflect/generics/repository/AbstractRepository
instanceKlass org/springframework/core/ResolvableType$EmptyType
instanceKlass org/springframework/core/ResolvableType$VariableResolver
instanceKlass org/springframework/core/SerializableTypeWrapper$TypeProvider
instanceKlass org/springframework/core/ResolvableType
instanceKlass org/springframework/boot/context/properties/bind/Bindable
instanceKlass org/springframework/boot/context/properties/source/ConfigurationPropertyName$ElementsParser
instanceKlass org/springframework/boot/context/properties/source/ConfigurationPropertyName$Elements
instanceKlass org/springframework/boot/context/properties/source/ConfigurationPropertyName
instanceKlass org/springframework/boot/context/logging/LoggingApplicationListener
instanceKlass org/springframework/context/event/GenericApplicationListener
instanceKlass org/springframework/context/event/SmartApplicationListener
instanceKlass org/springframework/boot/context/config/DelegatingApplicationListener
instanceKlass org/springframework/boot/context/config/AnsiOutputApplicationListener
instanceKlass org/springframework/boot/context/FileEncodingApplicationListener
instanceKlass org/springframework/boot/builder/ParentContextCloserApplicationListener
instanceKlass org/springframework/context/ApplicationContextAware
instanceKlass org/springframework/beans/factory/Aware
instanceKlass org/springframework/boot/ClearCachesApplicationListener
instanceKlass org/springframework/boot/logging/LogLevel$LogMethod
instanceKlass org/springframework/boot/autoconfigure/logging/ConditionEvaluationReportLoggingListener
instanceKlass org/springframework/boot/autoconfigure/SharedMetadataReaderFactoryContextInitializer
instanceKlass org/springframework/beans/factory/aot/BeanRegistrationExcludeFilter
instanceKlass org/springframework/boot/web/context/ServerPortInfoApplicationContextInitializer
instanceKlass org/springframework/boot/rsocket/context/RSocketPortInfoApplicationContextInitializer
instanceKlass org/springframework/boot/context/config/DelegatingApplicationContextInitializer
instanceKlass org/springframework/boot/context/ContextIdApplicationContextInitializer
instanceKlass org/springframework/boot/context/ConfigurationWarningsApplicationContextInitializer
instanceKlass org/springframework/context/ApplicationContextInitializer
instanceKlass org/springframework/core/DecoratingProxy
instanceKlass org/springframework/util/ObjectUtils
instanceKlass org/springframework/core/annotation/AbstractMergedAnnotation
instanceKlass java/lang/annotation/Target
instanceKlass java/lang/reflect/Proxy$ProxyBuilder$1
instanceKlass jdk/internal/org/objectweb/asm/Edge
instanceKlass java/lang/reflect/ProxyGenerator$PrimitiveTypeInfo
instanceKlass java/util/StringJoiner
instanceKlass java/lang/reflect/ProxyGenerator$ProxyMethod
instanceKlass java/lang/WeakPairMap$Pair$Lookup
instanceKlass java/lang/WeakPairMap$Pair
instanceKlass java/lang/WeakPairMap
instanceKlass java/lang/Module$ReflectionData
instanceKlass jdk/internal/module/Checks
instanceKlass java/lang/module/ModuleDescriptor$Builder
instanceKlass java/lang/PublicMethods
instanceKlass java/lang/reflect/Proxy$ProxyBuilder
instanceKlass java/lang/reflect/Proxy
instanceKlass sun/reflect/annotation/AnnotationInvocationHandler
instanceKlass java/lang/reflect/InvocationHandler
instanceKlass sun/reflect/annotation/AnnotationParser$1
instanceKlass sun/reflect/annotation/ExceptionProxy
instanceKlass java/lang/annotation/Documented
instanceKlass java/lang/annotation/Inherited
instanceKlass java/lang/annotation/Retention
instanceKlass sun/reflect/annotation/AnnotationType$1
instanceKlass sun/reflect/annotation/AnnotationType
instanceKlass java/lang/reflect/GenericArrayType
instanceKlass java/lang/FunctionalInterface
instanceKlass sun/reflect/generics/visitor/Reifier
instanceKlass sun/reflect/generics/visitor/TypeTreeVisitor
instanceKlass sun/reflect/generics/factory/CoreReflectionFactory
instanceKlass sun/reflect/generics/factory/GenericsFactory
instanceKlass sun/reflect/generics/scope/AbstractScope
instanceKlass sun/reflect/generics/scope/Scope
instanceKlass sun/reflect/generics/tree/ClassTypeSignature
instanceKlass sun/reflect/generics/tree/SimpleClassTypeSignature
instanceKlass sun/reflect/generics/tree/FieldTypeSignature
instanceKlass sun/reflect/generics/tree/BaseType
instanceKlass sun/reflect/generics/tree/TypeSignature
instanceKlass sun/reflect/generics/tree/ReturnType
instanceKlass sun/reflect/generics/tree/TypeArgument
instanceKlass sun/reflect/generics/tree/TypeTree
instanceKlass sun/reflect/generics/tree/Tree
instanceKlass sun/reflect/generics/parser/SignatureParser
instanceKlass java/lang/Class$AnnotationData
instanceKlass org/springframework/core/annotation/AnnotationsScanner$1
instanceKlass org/springframework/core/annotation/MergedAnnotationSelectors$FirstDirectlyDeclared
instanceKlass org/springframework/core/annotation/MergedAnnotationSelectors$Nearest
instanceKlass org/springframework/core/annotation/MergedAnnotationSelector
instanceKlass org/springframework/core/annotation/MergedAnnotationSelectors
instanceKlass org/springframework/core/annotation/MergedAnnotation
instanceKlass org/springframework/core/annotation/TypeMappedAnnotations$MergedAnnotationFinder
instanceKlass org/springframework/core/annotation/Order
instanceKlass org/springframework/core/annotation/OrderUtils
instanceKlass org/springframework/core/annotation/AnnotationsScanner
instanceKlass org/springframework/core/annotation/AnnotationsProcessor
instanceKlass org/springframework/core/annotation/TypeMappedAnnotations
instanceKlass java/util/function/Predicate
instanceKlass org/springframework/core/annotation/MergedAnnotations$Search
instanceKlass org/springframework/core/annotation/AnnotationFilter$2
instanceKlass org/springframework/core/annotation/AnnotationFilter$1
instanceKlass org/springframework/core/annotation/PackagesAnnotationFilter
instanceKlass org/springframework/core/annotation/AnnotationFilter
instanceKlass org/springframework/core/annotation/RepeatableContainers
instanceKlass org/springframework/core/annotation/MergedAnnotations
instanceKlass org/springframework/core/PriorityOrdered
instanceKlass org/springframework/core/Ordered
instanceKlass org/springframework/security/rsa/crypto/RsaSecretEncryptor
instanceKlass org/springframework/security/rsa/crypto/RsaKeyHolder
instanceKlass org/springframework/security/crypto/encrypt/TextEncryptor
instanceKlass org/springframework/security/crypto/encrypt/BytesEncryptor
instanceKlass org/springframework/cloud/bootstrap/TextEncryptorConfigBootstrapper
instanceKlass org/springframework/util/ReflectionUtils$FieldFilter
instanceKlass org/springframework/util/ReflectionUtils$MethodFilter
instanceKlass org/springframework/util/ReflectionUtils
instanceKlass org/springframework/core/KotlinDetector
instanceKlass org/springframework/core/io/support/SpringFactoriesLoader$FactoryInstantiator
instanceKlass org/springframework/cloud/bootstrap/RefreshBootstrapRegistryInitializer
instanceKlass org/springframework/core/log/LogMessage
instanceKlass java/util/stream/AbstractSpinedBuffer
instanceKlass java/util/stream/Node$Builder
instanceKlass java/util/stream/Node$OfDouble
instanceKlass java/util/stream/Node$OfLong
instanceKlass java/util/stream/Node$OfInt
instanceKlass java/util/stream/Node$OfPrimitive
instanceKlass java/util/stream/Nodes$EmptyNode
instanceKlass java/util/stream/Node
instanceKlass java/util/stream/Nodes
instanceKlass java/util/function/IntFunction
instanceKlass java/util/ImmutableCollections$Access$1
instanceKlass jdk/internal/access/JavaUtilCollectionAccess
instanceKlass java/util/ImmutableCollections$Access
instanceKlass java/util/stream/DistinctOps
instanceKlass java/util/ArrayList$ArrayListSpliterator
instanceKlass java/util/stream/Sink$ChainedReference
instanceKlass java/util/stream/ForEachOps$ForEachOp
instanceKlass java/util/stream/TerminalSink
instanceKlass java/util/stream/Sink
instanceKlass java/util/stream/TerminalOp
instanceKlass java/util/stream/ForEachOps
instanceKlass java/util/BitSet
instanceKlass java/net/URLEncoder
instanceKlass java/net/URLDecoder
instanceKlass org/springframework/util/MultiValueMap
instanceKlass org/springframework/util/CollectionUtils
instanceKlass org/springframework/util/ResourceUtils
instanceKlass org/springframework/util/PropertiesPersister
instanceKlass org/springframework/core/io/support/PropertiesLoaderUtils
instanceKlass org/springframework/core/io/AbstractResource
instanceKlass org/springframework/util/ConcurrentReferenceHashMap$Entry
instanceKlass org/springframework/util/ConcurrentReferenceHashMap$Entries
instanceKlass org/springframework/util/StringUtils
instanceKlass java/util/function/BiConsumer
instanceKlass org/springframework/core/io/support/SpringFactoriesLoader$FailureHandler
instanceKlass org/springframework/core/io/Resource
instanceKlass org/springframework/core/io/InputStreamSource
instanceKlass org/springframework/core/io/support/SpringFactoriesLoader
instanceKlass org/springframework/boot/BootstrapRegistryInitializer
instanceKlass org/springframework/web/context/ConfigurableWebApplicationContext
instanceKlass org/springframework/web/context/WebApplicationContext
instanceKlass jakarta/servlet/Servlet
instanceKlass java/util/IdentityHashMap$EntryIterator$Entry
instanceKlass java/util/IdentityHashMap$IdentityHashMapIterator
instanceKlass org/springframework/util/ConcurrentReferenceHashMap$Reference
instanceKlass org/springframework/util/ConcurrentReferenceHashMap$ReferenceManager
instanceKlass org/springframework/util/ConcurrentReferenceHashMap$Task
instanceKlass org/springframework/util/ClassUtils
instanceKlass org/springframework/util/Assert
instanceKlass org/springframework/core/metrics/DefaultApplicationStartup$DefaultStartupStep$DefaultTags
instanceKlass org/springframework/core/metrics/StartupStep$Tags
instanceKlass org/springframework/core/metrics/DefaultApplicationStartup$DefaultStartupStep
instanceKlass org/springframework/core/metrics/StartupStep
instanceKlass org/springframework/core/metrics/DefaultApplicationStartup
instanceKlass org/springframework/core/metrics/ApplicationStartup
instanceKlass org/springframework/context/ConfigurableApplicationContext
instanceKlass org/springframework/context/Lifecycle
instanceKlass org/springframework/boot/DefaultApplicationContextFactory
instanceKlass org/springframework/boot/ApplicationContextFactory
instanceKlass org/springframework/boot/SpringApplicationShutdownHook$ApplicationContextClosedListener
instanceKlass org/springframework/boot/SpringApplicationShutdownHook$Handlers
instanceKlass org/springframework/boot/SpringApplicationShutdownHandlers
instanceKlass org/springframework/boot/SpringApplicationShutdownHook
instanceKlass org/apache/commons/logging/LogAdapter$Slf4jLog
instanceKlass ch/qos/logback/classic/util/LoggerNameUtil
instanceKlass ch/qos/logback/classic/util/LogbackMDCAdapter
instanceKlass ch/qos/logback/core/util/StatusPrinter2
instanceKlass ch/qos/logback/core/util/StatusPrinter
instanceKlass ch/qos/logback/core/status/StatusUtil
instanceKlass ch/qos/logback/core/spi/AppenderAttachableImpl
instanceKlass ch/qos/logback/core/pattern/Converter
instanceKlass java/util/concurrent/atomic/AtomicReference
instanceKlass ch/qos/logback/core/util/CachingDateFormatter$CacheTuple
instanceKlass java/time/Period
instanceKlass java/time/chrono/ChronoPeriod
instanceKlass java/time/format/DateTimeFormatterBuilder$TextPrinterParser
instanceKlass java/time/format/DateTimeTextProvider$1
instanceKlass java/time/format/DateTimeTextProvider
instanceKlass java/util/Collections$1
instanceKlass java/util/AbstractMap$SimpleImmutableEntry
instanceKlass java/time/format/DateTimeTextProvider$LocaleStore
instanceKlass java/time/format/DateTimeFormatterBuilder$InstantPrinterParser
instanceKlass java/time/format/DateTimeFormatterBuilder$StringLiteralPrinterParser
instanceKlass java/time/format/DateTimeFormatterBuilder$ZoneIdPrinterParser
instanceKlass java/time/format/DateTimeFormatterBuilder$OffsetIdPrinterParser
instanceKlass java/time/format/DecimalStyle
instanceKlass java/time/format/DateTimeFormatterBuilder$CompositePrinterParser
instanceKlass java/time/format/DateTimeFormatterBuilder$CharLiteralPrinterParser
instanceKlass java/time/format/DateTimeFormatterBuilder$NumberPrinterParser
instanceKlass java/time/format/DateTimeFormatterBuilder$DateTimePrinterParser
instanceKlass java/time/temporal/JulianFields
instanceKlass java/time/temporal/IsoFields
instanceKlass java/lang/Character$CharacterCache
instanceKlass java/time/temporal/TemporalQuery
instanceKlass java/time/format/DateTimeFormatterBuilder
instanceKlass java/time/format/DateTimeFormatter
instanceKlass java/time/chrono/AbstractChronology
instanceKlass java/time/chrono/Chronology
instanceKlass java/time/LocalTime
instanceKlass java/time/temporal/ValueRange
instanceKlass java/time/Duration
instanceKlass java/time/temporal/TemporalAmount
instanceKlass java/time/temporal/TemporalUnit
instanceKlass java/time/temporal/TemporalField
instanceKlass java/time/LocalDate
instanceKlass java/time/chrono/ChronoLocalDate
instanceKlass java/time/zone/ZoneOffsetTransition
instanceKlass java/time/LocalDateTime
instanceKlass java/time/chrono/ChronoLocalDateTime
instanceKlass java/time/temporal/TemporalAdjuster
instanceKlass java/time/temporal/Temporal
instanceKlass java/time/zone/ZoneOffsetTransitionRule
instanceKlass java/time/zone/ZoneRules
instanceKlass java/time/zone/Ser
instanceKlass java/io/Externalizable
instanceKlass java/time/zone/ZoneRulesProvider$1
instanceKlass java/time/zone/ZoneRulesProvider
instanceKlass sun/util/calendar/ZoneInfoFile$ZoneOffsetTransitionRule
instanceKlass sun/util/calendar/ZoneInfoFile$1
instanceKlass sun/util/calendar/ZoneInfoFile
instanceKlass java/util/TimeZone
instanceKlass java/time/ZoneId
instanceKlass java/time/temporal/TemporalAccessor
instanceKlass ch/qos/logback/core/util/CachingDateFormatter
instanceKlass java/lang/invoke/VarForm
instanceKlass java/lang/invoke/VarHandleGuards
instanceKlass jdk/internal/util/Preconditions$1
instanceKlass java/lang/invoke/VarHandle$1
instanceKlass java/lang/ClassValue$Version
instanceKlass java/lang/ClassValue$Identity
instanceKlass java/lang/ClassValue
instanceKlass java/lang/invoke/VarHandles
instanceKlass java/util/concurrent/atomic/AtomicBoolean
instanceKlass ch/qos/logback/core/util/COWArrayList
instanceKlass ch/qos/logback/core/spi/FilterAttachableImpl
instanceKlass ch/qos/logback/core/Appender
instanceKlass ch/qos/logback/core/spi/FilterAttachable
instanceKlass ch/qos/logback/core/encoder/Encoder
instanceKlass ch/qos/logback/core/Layout
instanceKlass java/lang/invoke/LambdaFormEditor$1
instanceKlass java/lang/invoke/MethodHandles$1
instanceKlass java/lang/Long$LongCache
instanceKlass java/util/TimSort
instanceKlass ch/qos/logback/core/spi/ContextAwareBase
instanceKlass java/util/zip/ZipFile$ZipEntryIterator
instanceKlass ch/qos/logback/classic/util/ClassicEnvUtil
instanceKlass ch/qos/logback/core/status/StatusListener
instanceKlass ch/qos/logback/core/util/StatusListenerConfigHelper
instanceKlass ch/qos/logback/core/status/StatusBase
instanceKlass ch/qos/logback/core/util/EnvUtil
instanceKlass java/security/PermissionsEnumerator
instanceKlass java/io/FilePermissionCollection$1
instanceKlass java/util/PropertyPermissionCollection$1
instanceKlass java/net/SocketPermissionCollection$1
instanceKlass java/util/function/BiFunction
instanceKlass sun/security/provider/PolicyFile$8
instanceKlass sun/security/provider/PolicyFile$6
instanceKlass sun/security/util/PolicyUtil
instanceKlass sun/security/provider/PolicyFile$4
instanceKlass sun/security/util/SecurityProperties
instanceKlass sun/security/util/FilePermCompat
instanceKlass java/io/FilePermission$1
instanceKlass jdk/internal/access/JavaIOFilePermissionAccess
instanceKlass java/util/Collections$UnmodifiableCollection$1
instanceKlass java/util/ComparableTimSort
instanceKlass java/util/Arrays$LegacyMergeSort
instanceKlass java/net/HostPortrange
instanceKlass java/net/URLPermission$Authority
instanceKlass sun/security/util/SecurityConstants
instanceKlass sun/security/provider/PolicyFile$PolicyEntry
instanceKlass java/util/Vector$1
instanceKlass sun/security/util/PropertyExpander
instanceKlass sun/security/provider/PolicyParser$PermissionEntry
instanceKlass sun/security/provider/PolicyParser$GrantEntry
instanceKlass sun/nio/ch/IOStatus
instanceKlass java/nio/DirectByteBuffer$Deallocator
instanceKlass sun/nio/ch/Util$BufferCache
instanceKlass sun/nio/ch/Util
instanceKlass sun/nio/ch/NativeThread
instanceKlass java/io/StreamTokenizer
instanceKlass sun/security/provider/PolicyParser
instanceKlass java/nio/channels/Channels
instanceKlass sun/nio/ch/FileChannelImpl$Closer
instanceKlass sun/nio/ch/NativeDispatcher
instanceKlass sun/nio/ch/NativeThreadSet
instanceKlass sun/nio/ch/IOUtil
instanceKlass java/nio/channels/spi/AbstractInterruptibleChannel
instanceKlass java/nio/channels/InterruptibleChannel
instanceKlass java/nio/channels/ScatteringByteChannel
instanceKlass java/nio/channels/GatheringByteChannel
instanceKlass java/nio/channels/SeekableByteChannel
instanceKlass java/nio/channels/ByteChannel
instanceKlass java/nio/channels/WritableByteChannel
instanceKlass java/nio/channels/ReadableByteChannel
instanceKlass java/nio/channels/Channel
instanceKlass sun/nio/fs/WindowsChannelFactory$Flags
instanceKlass sun/nio/fs/WindowsChannelFactory$1
instanceKlass sun/nio/fs/WindowsChannelFactory
instanceKlass sun/nio/fs/WindowsSecurityDescriptor
instanceKlass java/nio/file/attribute/FileAttribute
instanceKlass sun/security/provider/PolicyFile$2
instanceKlass java/security/ProtectionDomain$JavaSecurityAccessImpl$1
instanceKlass jdk/internal/access/JavaSecurityAccess$ProtectionDomainCache
instanceKlass java/util/Collections$SynchronizedMap
instanceKlass sun/security/provider/PolicyFile$PolicyInfo
instanceKlass sun/security/provider/PolicyFile$1
instanceKlass java/security/Security$2
instanceKlass jdk/internal/access/JavaSecurityPropertiesAccess
instanceKlass java/util/concurrent/ConcurrentHashMap$MapEntry
instanceKlass java/util/Properties$LineReader
instanceKlass java/security/Security$1
instanceKlass java/security/Security
instanceKlass java/security/Policy$1
instanceKlass java/security/Policy$PolicyInfo
instanceKlass java/security/Policy
instanceKlass ch/qos/logback/core/util/Loader$1
instanceKlass ch/qos/logback/core/util/OptionHelper
instanceKlass ch/qos/logback/core/util/Loader
instanceKlass ch/qos/logback/classic/spi/Configurator
instanceKlass ch/qos/logback/core/spi/ContextAwareImpl
instanceKlass ch/qos/logback/classic/util/ContextInitializer$1
instanceKlass ch/qos/logback/core/spi/ContextAware
instanceKlass ch/qos/logback/classic/util/ContextInitializer
instanceKlass ch/qos/logback/classic/Level
instanceKlass ch/qos/logback/classic/spi/ILoggingEvent
instanceKlass ch/qos/logback/core/spi/DeferredProcessingAware
instanceKlass org/slf4j/spi/LoggingEventBuilder
instanceKlass ch/qos/logback/classic/Logger
instanceKlass ch/qos/logback/core/spi/AppenderAttachable
instanceKlass org/slf4j/spi/LoggingEventAware
instanceKlass ch/qos/logback/classic/spi/LoggerContextVO
instanceKlass ch/qos/logback/core/spi/LogbackLock
instanceKlass ch/qos/logback/core/helpers/CyclicBuffer
instanceKlass ch/qos/logback/core/BasicStatusManager
instanceKlass java/util/concurrent/ExecutorService
instanceKlass java/util/concurrent/Executor
instanceKlass ch/qos/logback/core/status/Status
instanceKlass ch/qos/logback/core/status/StatusManager
instanceKlass ch/qos/logback/core/ContextBase
instanceKlass ch/qos/logback/core/spi/LifeCycle
instanceKlass java/util/ServiceLoader$ProviderImpl
instanceKlass java/util/ServiceLoader$Provider
instanceKlass ch/qos/logback/core/Context
instanceKlass ch/qos/logback/core/spi/PropertyContainer
instanceKlass java/util/ServiceLoader$1
instanceKlass ch/qos/logback/classic/spi/LogbackServiceProvider
instanceKlass java/util/LinkedHashMap$LinkedHashIterator
instanceKlass sun/net/www/MessageHeader
instanceKlass sun/net/www/protocol/jar/JarFileFactory
instanceKlass sun/net/www/protocol/jar/URLJarFile$URLJarFileCloseController
instanceKlass java/net/URLConnection
instanceKlass jdk/internal/loader/URLClassPath$1
instanceKlass java/lang/CompoundEnumeration
instanceKlass jdk/internal/loader/BuiltinClassLoader$1
instanceKlass java/util/Collections$EmptyEnumeration
instanceKlass java/util/Collections$EmptyIterator
instanceKlass jdk/internal/jimage/ImageLocation
instanceKlass jdk/internal/jimage/decompressor/Decompressor
instanceKlass jdk/internal/jimage/ImageStringsReader
instanceKlass jdk/internal/jimage/ImageStrings
instanceKlass jdk/internal/jimage/ImageHeader
instanceKlass jdk/internal/jimage/NativeImageBuffer$1
instanceKlass jdk/internal/jimage/NativeImageBuffer
instanceKlass jdk/internal/jimage/BasicImageReader$1
instanceKlass jdk/internal/jimage/BasicImageReader
instanceKlass jdk/internal/jimage/ImageReader
instanceKlass jdk/internal/jimage/ImageReaderFactory$1
instanceKlass java/nio/file/Paths
instanceKlass jdk/internal/jimage/ImageReaderFactory
instanceKlass jdk/internal/module/SystemModuleFinders$SystemImage
instanceKlass jdk/internal/module/SystemModuleFinders$SystemModuleReader
instanceKlass java/lang/module/ModuleReader
instanceKlass jdk/internal/loader/BuiltinClassLoader$5
instanceKlass jdk/internal/loader/BuiltinClassLoader$2
instanceKlass jdk/internal/module/Resources
instanceKlass java/util/ServiceLoader$3
instanceKlass java/util/ServiceLoader$2
instanceKlass java/util/ServiceLoader$LazyClassPathLookupIterator
instanceKlass java/util/Spliterators$1Adapter
instanceKlass java/util/function/Consumer
instanceKlass sun/reflect/annotation/AnnotationParser
instanceKlass java/lang/Class$3
instanceKlass java/util/EnumMap$1
instanceKlass java/util/stream/StreamOpFlag$MaskBuilder
instanceKlass java/util/stream/Stream
instanceKlass java/util/stream/BaseStream
instanceKlass java/util/stream/PipelineHelper
instanceKlass java/util/stream/StreamSupport
instanceKlass java/util/Spliterators$ArraySpliterator
instanceKlass java/util/Spliterator$OfDouble
instanceKlass java/util/Spliterator$OfLong
instanceKlass java/util/Spliterator$OfInt
instanceKlass java/util/Spliterator$OfPrimitive
instanceKlass java/util/Spliterator
instanceKlass java/util/Spliterators$EmptySpliterator
instanceKlass java/util/Spliterators
instanceKlass java/util/ServiceLoader$ModuleServicesLookupIterator
instanceKlass java/util/ServiceLoader
instanceKlass org/slf4j/helpers/Util
instanceKlass org/slf4j/helpers/NOPMDCAdapter
instanceKlass org/slf4j/helpers/NOPLoggerFactory
instanceKlass org/slf4j/helpers/NOP_FallbackServiceProvider
instanceKlass org/slf4j/helpers/ThreadLocalMapOfStacks
instanceKlass org/slf4j/helpers/BasicMDCAdapter
instanceKlass org/slf4j/Marker
instanceKlass org/slf4j/helpers/BasicMarkerFactory
instanceKlass java/util/concurrent/LinkedBlockingQueue$Node
instanceKlass java/util/concurrent/locks/AbstractQueuedSynchronizer$ConditionObject
instanceKlass java/util/concurrent/locks/Condition
instanceKlass java/util/concurrent/BlockingQueue
instanceKlass org/slf4j/helpers/SubstituteLoggerFactory
instanceKlass org/slf4j/ILoggerFactory
instanceKlass org/slf4j/spi/MDCAdapter
instanceKlass org/slf4j/IMarkerFactory
instanceKlass org/slf4j/helpers/SubstituteServiceProvider
instanceKlass org/slf4j/event/LoggingEvent
instanceKlass org/slf4j/spi/SLF4JServiceProvider
instanceKlass org/slf4j/LoggerFactory
instanceKlass jdk/internal/org/objectweb/asm/FieldVisitor
instanceKlass java/lang/invoke/InvokerBytecodeGenerator$ClassData
instanceKlass jdk/internal/org/objectweb/asm/Frame
instanceKlass java/lang/invoke/LambdaFormBuffer
instanceKlass java/lang/invoke/LambdaFormEditor$TransformKey
instanceKlass java/lang/invoke/LambdaFormEditor
instanceKlass sun/invoke/util/Wrapper$1
instanceKlass java/lang/invoke/DelegatingMethodHandle$Holder
instanceKlass java/lang/invoke/DirectMethodHandle$2
instanceKlass sun/invoke/empty/Empty
instanceKlass sun/invoke/util/VerifyType
instanceKlass java/lang/invoke/ClassSpecializer$Factory
instanceKlass java/lang/invoke/ClassSpecializer$SpeciesData
instanceKlass java/lang/invoke/ClassSpecializer$1
instanceKlass java/lang/invoke/ClassSpecializer
instanceKlass java/lang/invoke/InnerClassLambdaMetafactory$1
instanceKlass java/lang/invoke/MethodHandles$Lookup$ClassDefiner
instanceKlass jdk/internal/org/objectweb/asm/ClassReader
instanceKlass java/lang/invoke/MethodHandles$Lookup$ClassFile
instanceKlass jdk/internal/org/objectweb/asm/AnnotationVisitor
instanceKlass jdk/internal/org/objectweb/asm/Attribute
instanceKlass jdk/internal/org/objectweb/asm/Handler
instanceKlass jdk/internal/org/objectweb/asm/Label
instanceKlass jdk/internal/org/objectweb/asm/MethodVisitor
instanceKlass java/lang/invoke/LambdaProxyClassArchive
instanceKlass jdk/internal/org/objectweb/asm/ByteVector
instanceKlass jdk/internal/org/objectweb/asm/Symbol
instanceKlass jdk/internal/org/objectweb/asm/SymbolTable
instanceKlass jdk/internal/org/objectweb/asm/ClassVisitor
instanceKlass java/lang/invoke/InfoFromMemberName
instanceKlass java/lang/invoke/MethodHandleInfo
instanceKlass jdk/internal/org/objectweb/asm/ConstantDynamic
instanceKlass sun/invoke/util/BytecodeDescriptor
instanceKlass jdk/internal/org/objectweb/asm/Handle
instanceKlass sun/security/action/GetBooleanAction
instanceKlass jdk/internal/org/objectweb/asm/Type
instanceKlass java/lang/invoke/AbstractValidatingLambdaMetafactory
instanceKlass java/lang/invoke/MethodHandleImpl$1
instanceKlass jdk/internal/access/JavaLangInvokeAccess
instanceKlass java/lang/invoke/Invokers$Holder
instanceKlass java/lang/invoke/BootstrapMethodInvoker
instanceKlass org/apache/commons/logging/Log
instanceKlass org/apache/commons/logging/LogAdapter$Slf4jAdapter
instanceKlass java/lang/invoke/InvokerBytecodeGenerator$2
instanceKlass java/lang/invoke/InvokerBytecodeGenerator
instanceKlass java/lang/invoke/LambdaForm$Holder
instanceKlass java/lang/invoke/LambdaForm$Name
instanceKlass java/lang/invoke/Invokers
instanceKlass java/lang/invoke/MethodHandleImpl
instanceKlass sun/invoke/util/ValueConversions
instanceKlass java/lang/invoke/DirectMethodHandle$Holder
instanceKlass java/lang/invoke/LambdaForm$NamedFunction
instanceKlass sun/invoke/util/Wrapper$Format
instanceKlass java/lang/invoke/MethodTypeForm
instanceKlass java/lang/invoke/MethodType$ConcurrentWeakInternSet
instanceKlass java/lang/invoke/LambdaMetafactory
instanceKlass org/slf4j/spi/LocationAwareLogger
instanceKlass org/slf4j/Logger
instanceKlass org/apache/logging/log4j/spi/Provider
instanceKlass org/apache/logging/log4j/spi/ExtendedLogger
instanceKlass org/apache/logging/log4j/Logger
instanceKlass org/apache/commons/logging/LogAdapter
instanceKlass org/apache/commons/logging/LogFactory
instanceKlass org/springframework/core/OrderComparator
instanceKlass org/springframework/core/OrderComparator$OrderSourceProvider
instanceKlass org/springframework/beans/factory/config/ConfigurableBeanFactory
instanceKlass org/springframework/beans/factory/config/SingletonBeanRegistry
instanceKlass org/springframework/core/env/PropertySource
instanceKlass org/springframework/core/env/ConfigurableEnvironment
instanceKlass org/springframework/core/env/ConfigurablePropertyResolver
instanceKlass org/springframework/core/convert/support/ConfigurableConversionService
instanceKlass org/springframework/core/convert/converter/ConverterRegistry
instanceKlass org/springframework/core/convert/ConversionService
instanceKlass org/springframework/context/ApplicationContext
instanceKlass org/springframework/core/io/support/ResourcePatternResolver
instanceKlass org/springframework/context/ApplicationEventPublisher
instanceKlass org/springframework/context/MessageSource
instanceKlass org/springframework/beans/factory/HierarchicalBeanFactory
instanceKlass org/springframework/beans/factory/ListableBeanFactory
instanceKlass org/springframework/beans/factory/BeanFactory
instanceKlass org/springframework/core/env/EnvironmentCapable
instanceKlass org/springframework/context/ApplicationListener
instanceKlass java/util/EventListener
instanceKlass org/springframework/beans/factory/config/BeanFactoryPostProcessor
instanceKlass org/springframework/core/env/Environment
instanceKlass org/springframework/core/env/PropertyResolver
instanceKlass org/springframework/core/io/ResourceLoader
instanceKlass java/util/EventObject
instanceKlass java/util/ArrayList$Itr
instanceKlass java/util/TreeMap$PrivateEntryIterator
instanceKlass java/util/TreeMap$Entry
instanceKlass java/util/NavigableMap
instanceKlass java/util/SortedMap
instanceKlass java/util/NavigableSet
instanceKlass java/util/SortedSet
instanceKlass java/util/LinkedList$Node
instanceKlass java/nio/charset/CoderResult
instanceKlass java/io/Reader
instanceKlass java/lang/Readable
instanceKlass org/springframework/boot/ApplicationArguments
instanceKlass org/springframework/boot/ConfigurableBootstrapContext
instanceKlass org/springframework/boot/BootstrapContext
instanceKlass org/springframework/boot/BootstrapRegistry
instanceKlass org/springframework/boot/SpringApplication
instanceKlass java/lang/Void
instanceKlass java/lang/PublicMethods$Key
instanceKlass java/lang/PublicMethods$MethodList
instanceKlass showdomilhao/ShowdomilhaoApplication
instanceKlass org/springframework/boot/CommandLineRunner
instanceKlass org/springframework/boot/Runner
instanceKlass java/util/zip/Checksum$1
instanceKlass java/util/zip/CRC32
instanceKlass java/util/zip/Checksum
instanceKlass java/util/jar/Attributes$Name
instanceKlass java/util/jar/Attributes
instanceKlass sun/security/action/GetIntegerAction
instanceKlass sun/security/util/SignatureFileVerifier
instanceKlass java/util/zip/ZipFile$InflaterCleanupAction
instanceKlass java/util/zip/Inflater$InflaterZStreamRef
instanceKlass java/util/zip/Inflater
instanceKlass java/util/zip/ZipEntry
instanceKlass jdk/internal/util/jar/JarIndex
instanceKlass java/nio/Bits$1
instanceKlass jdk/internal/misc/VM$BufferPool
instanceKlass java/nio/Bits
instanceKlass sun/nio/ch/DirectBuffer
instanceKlass jdk/internal/perf/PerfCounter$CoreCounters
instanceKlass jdk/internal/perf/Perf
instanceKlass jdk/internal/perf/Perf$GetPerfAction
instanceKlass jdk/internal/perf/PerfCounter
instanceKlass java/nio/file/attribute/FileTime
instanceKlass java/util/zip/ZipUtils
instanceKlass java/util/zip/ZipFile$Source$End
instanceKlass java/io/RandomAccessFile$2
instanceKlass jdk/internal/access/JavaIORandomAccessFileAccess
instanceKlass java/io/RandomAccessFile
instanceKlass java/io/DataInput
instanceKlass java/io/DataOutput
instanceKlass sun/nio/fs/WindowsNativeDispatcher$CompletionStatus
instanceKlass sun/nio/fs/WindowsNativeDispatcher$AclInformation
instanceKlass sun/nio/fs/WindowsNativeDispatcher$Account
instanceKlass sun/nio/fs/WindowsNativeDispatcher$DiskFreeSpace
instanceKlass sun/nio/fs/WindowsNativeDispatcher$VolumeInformation
instanceKlass sun/nio/fs/WindowsNativeDispatcher$FirstStream
instanceKlass sun/nio/fs/WindowsNativeDispatcher$FirstFile
instanceKlass java/util/Enumeration
instanceKlass java/util/concurrent/ConcurrentHashMap$Traverser
instanceKlass java/util/concurrent/ConcurrentHashMap$CollectionView
instanceKlass jdk/internal/loader/NativeLibraries$NativeLibraryImpl
instanceKlass jdk/internal/loader/NativeLibrary
instanceKlass java/util/ArrayDeque$DeqIterator
instanceKlass jdk/internal/loader/NativeLibraries$1
instanceKlass jdk/internal/loader/NativeLibraries$LibraryPaths
instanceKlass sun/nio/fs/WindowsNativeDispatcher
instanceKlass sun/nio/fs/NativeBuffer$Deallocator
instanceKlass sun/nio/fs/NativeBuffer
instanceKlass java/lang/ThreadLocal$ThreadLocalMap
instanceKlass sun/nio/fs/NativeBuffers
instanceKlass sun/nio/fs/WindowsFileAttributes
instanceKlass java/nio/file/attribute/DosFileAttributes
instanceKlass sun/nio/fs/AbstractBasicFileAttributeView
instanceKlass sun/nio/fs/DynamicFileAttributeView
instanceKlass sun/nio/fs/WindowsFileAttributeViews
instanceKlass sun/nio/fs/Util
instanceKlass java/nio/file/attribute/BasicFileAttributeView
instanceKlass java/nio/file/attribute/FileAttributeView
instanceKlass java/nio/file/attribute/AttributeView
instanceKlass java/nio/file/Files
instanceKlass java/nio/file/CopyOption
instanceKlass java/nio/file/attribute/BasicFileAttributes
instanceKlass sun/nio/fs/WindowsPath
instanceKlass java/nio/file/Path
instanceKlass java/nio/file/Watchable
instanceKlass java/net/URI$Parser
instanceKlass sun/nio/fs/WindowsPathParser$Result
instanceKlass sun/nio/fs/WindowsPathParser
instanceKlass java/util/Collections$UnmodifiableCollection
instanceKlass java/util/Arrays$ArrayItr
instanceKlass java/nio/file/FileSystem
instanceKlass java/nio/file/OpenOption
instanceKlass java/nio/file/spi/FileSystemProvider
instanceKlass sun/nio/fs/DefaultFileSystemProvider
instanceKlass java/nio/file/FileSystems$DefaultFileSystemHolder$1
instanceKlass java/nio/file/FileSystems$DefaultFileSystemHolder
instanceKlass java/nio/file/FileSystems
instanceKlass java/util/zip/ZipFile$Source$Key
instanceKlass java/util/zip/ZipFile$Source
instanceKlass java/util/zip/ZipCoder
instanceKlass java/util/zip/ZipFile$CleanableResource
instanceKlass java/lang/Runtime$Version
instanceKlass java/util/jar/JavaUtilJarAccessImpl
instanceKlass jdk/internal/access/JavaUtilJarAccess
instanceKlass jdk/internal/loader/FileURLMapper
instanceKlass jdk/internal/loader/URLClassPath$JarLoader$1
instanceKlass java/util/zip/ZipFile$1
instanceKlass jdk/internal/access/JavaUtilZipFileAccess
instanceKlass java/util/zip/ZipFile
instanceKlass java/util/zip/ZipConstants
instanceKlass sun/security/util/Debug
instanceKlass java/security/SecureClassLoader$DebugHolder
instanceKlass java/security/PermissionCollection
instanceKlass java/security/SecureClassLoader$1
instanceKlass java/security/SecureClassLoader$CodeSourceKey
instanceKlass java/io/FileInputStream$1
instanceKlass sun/nio/ByteBuffered
instanceKlass jdk/internal/ref/CleanerImpl
instanceKlass java/lang/ref/Cleaner$1
instanceKlass java/lang/ref/Cleaner
instanceKlass jdk/internal/ref/CleanerFactory$1
instanceKlass java/util/concurrent/ThreadFactory
instanceKlass jdk/internal/ref/CleanerFactory
instanceKlass java/lang/ref/Cleaner$Cleanable
instanceKlass java/lang/Package$VersionInfo
instanceKlass java/lang/NamedPackage
instanceKlass jdk/internal/loader/Resource
instanceKlass jdk/internal/loader/URLClassPath$Loader
instanceKlass jdk/internal/loader/URLClassPath$3
instanceKlass java/security/PrivilegedExceptionAction
instanceKlass sun/net/util/URLUtil
instanceKlass java/lang/StringCoding
instanceKlass sun/nio/cs/MS1252$Holder
instanceKlass sun/nio/cs/ArrayDecoder
instanceKlass java/nio/charset/CharsetDecoder
instanceKlass sun/launcher/LauncherHelper
instanceKlass jdk/internal/vm/PostVMInitHook$1
instanceKlass jdk/internal/util/EnvUtils
instanceKlass jdk/internal/vm/PostVMInitHook$2
instanceKlass sun/util/locale/LocaleObjectCache
instanceKlass sun/util/locale/BaseLocale$Key
instanceKlass sun/util/locale/LocaleUtils
instanceKlass sun/util/locale/BaseLocale
instanceKlass java/util/Locale
instanceKlass jdk/internal/vm/PostVMInitHook
instanceKlass java/lang/reflect/Array
instanceKlass java/lang/invoke/StringConcatFactory$3
instanceKlass java/lang/invoke/StringConcatFactory$2
instanceKlass java/lang/invoke/StringConcatFactory$1
instanceKlass java/lang/invoke/StringConcatFactory
instanceKlass java/lang/ModuleLayer$Controller
instanceKlass java/util/concurrent/CopyOnWriteArrayList
instanceKlass jdk/internal/module/ServicesCatalog$ServiceProvider
instanceKlass jdk/internal/loader/AbstractClassLoaderValue$Memoizer
instanceKlass java/util/ImmutableCollections$ListItr
instanceKlass java/util/ListIterator
instanceKlass java/lang/ModuleLayer
instanceKlass jdk/internal/module/ModuleLoaderMap$Modules
instanceKlass jdk/internal/module/ModuleLoaderMap$Mapper
instanceKlass java/util/function/Function
instanceKlass jdk/internal/module/ModuleLoaderMap
instanceKlass java/util/ImmutableCollections$Set12$1
instanceKlass java/util/AbstractMap$1$1
instanceKlass java/lang/module/ResolvedModule
instanceKlass java/lang/module/Configuration
instanceKlass java/util/ImmutableCollections$SetN$SetNIterator
instanceKlass jdk/internal/loader/BuiltinClassLoader$LoadedModule
instanceKlass jdk/internal/loader/AbstractClassLoaderValue
instanceKlass jdk/internal/module/ServicesCatalog
instanceKlass jdk/internal/util/Preconditions
instanceKlass sun/net/util/IPAddressUtil
instanceKlass java/net/URLStreamHandler
instanceKlass java/util/HexFormat
instanceKlass sun/net/www/ParseUtil
instanceKlass java/net/URL$3
instanceKlass jdk/internal/access/JavaNetURLAccess
instanceKlass java/net/URL$DefaultFactory
instanceKlass java/net/URLStreamHandlerFactory
instanceKlass jdk/internal/loader/URLClassPath
instanceKlass java/security/Principal
instanceKlass java/security/ProtectionDomain$Key
instanceKlass java/security/ProtectionDomain$JavaSecurityAccessImpl
instanceKlass jdk/internal/access/JavaSecurityAccess
instanceKlass java/lang/ClassLoader$ParallelLoaders
instanceKlass java/security/cert/Certificate
instanceKlass jdk/internal/loader/ArchivedClassLoaders
instanceKlass java/util/Deque
instanceKlass java/util/Queue
instanceKlass jdk/internal/loader/ClassLoaderHelper
instanceKlass jdk/internal/loader/NativeLibraries
instanceKlass jdk/internal/loader/BootLoader
instanceKlass java/util/Optional
instanceKlass jdk/internal/module/SystemModuleFinders$SystemModuleFinder
instanceKlass java/lang/module/ModuleFinder
instanceKlass jdk/internal/module/SystemModuleFinders$3
instanceKlass jdk/internal/module/ModuleHashes$HashSupplier
instanceKlass jdk/internal/module/SystemModuleFinders$2
instanceKlass java/util/function/Supplier
instanceKlass java/lang/module/ModuleReference
instanceKlass jdk/internal/module/ModuleResolution
instanceKlass java/util/Collections$UnmodifiableMap
instanceKlass jdk/internal/module/ModuleHashes$Builder
instanceKlass jdk/internal/module/ModuleHashes
instanceKlass jdk/internal/module/ModuleTarget
instanceKlass java/lang/Enum
instanceKlass java/lang/module/ModuleDescriptor$Version
instanceKlass java/lang/module/ModuleDescriptor$Provides
instanceKlass java/lang/module/ModuleDescriptor$Opens
instanceKlass java/lang/module/ModuleDescriptor$Exports
instanceKlass java/lang/module/ModuleDescriptor$Requires
instanceKlass jdk/internal/module/Builder
instanceKlass jdk/internal/module/SystemModules$default
instanceKlass jdk/internal/module/SystemModules
instanceKlass jdk/internal/module/SystemModulesMap
instanceKlass java/net/URI$1
instanceKlass jdk/internal/access/JavaNetUriAccess
instanceKlass java/net/URI
instanceKlass jdk/internal/module/SystemModuleFinders
instanceKlass jdk/internal/module/ArchivedModuleGraph
instanceKlass jdk/internal/module/ArchivedBootLayer
instanceKlass jdk/internal/module/ModuleBootstrap$Counters
instanceKlass jdk/internal/module/ModulePatcher
instanceKlass java/io/FileSystem
instanceKlass java/io/DefaultFileSystem
instanceKlass java/io/File
instanceKlass java/lang/module/ModuleDescriptor$1
instanceKlass jdk/internal/access/JavaLangModuleAccess
instanceKlass sun/invoke/util/VerifyAccess
instanceKlass java/lang/module/ModuleDescriptor
instanceKlass jdk/internal/module/ModuleBootstrap
instanceKlass sun/security/action/GetPropertyAction
instanceKlass java/lang/invoke/MethodHandleStatics
instanceKlass java/util/Collections
instanceKlass sun/io/Win32ErrorMode
instanceKlass jdk/internal/misc/OSEnvironment
instanceKlass jdk/internal/misc/Signal$NativeHandler
instanceKlass java/util/Hashtable$Entry
instanceKlass jdk/internal/misc/Signal
instanceKlass java/lang/Terminator$1
instanceKlass jdk/internal/misc/Signal$Handler
instanceKlass java/lang/Terminator
instanceKlass java/nio/ByteOrder
instanceKlass java/nio/Buffer$1
instanceKlass jdk/internal/access/JavaNioAccess
instanceKlass jdk/internal/misc/ScopedMemoryAccess
instanceKlass java/nio/charset/CodingErrorAction
instanceKlass sun/nio/cs/SingleByte
instanceKlass java/lang/StringUTF16
instanceKlass sun/nio/cs/IBM850$Holder
instanceKlass sun/nio/cs/ArrayEncoder
instanceKlass java/nio/charset/CharsetEncoder
instanceKlass java/io/Writer
instanceKlass java/lang/reflect/Modifier
instanceKlass java/lang/Class$1
instanceKlass java/lang/Class$Atomic
instanceKlass java/lang/Class$ReflectionData
instanceKlass jdk/internal/util/ArraysSupport
instanceKlass java/nio/charset/StandardCharsets
instanceKlass sun/nio/cs/HistoricallyNamedCharset
instanceKlass java/lang/ThreadLocal
instanceKlass java/nio/charset/spi/CharsetProvider
instanceKlass java/nio/charset/Charset
instanceKlass java/io/OutputStream
instanceKlass java/io/Flushable
instanceKlass java/io/FileDescriptor$1
instanceKlass jdk/internal/access/JavaIOFileDescriptorAccess
instanceKlass java/io/FileDescriptor
instanceKlass jdk/internal/util/StaticProperty
instanceKlass java/util/HashMap$HashIterator
instanceKlass java/lang/Integer$IntegerCache
instanceKlass java/lang/CharacterData
instanceKlass java/util/Arrays
instanceKlass java/lang/VersionProps
instanceKlass java/lang/StringConcatHelper
instanceKlass jdk/internal/misc/VM
instanceKlass jdk/internal/util/SystemProps$Raw
instanceKlass jdk/internal/util/SystemProps
instanceKlass java/lang/System$2
instanceKlass jdk/internal/access/JavaLangAccess
instanceKlass java/lang/ref/Reference$1
instanceKlass jdk/internal/access/JavaLangRefAccess
instanceKlass java/lang/ref/ReferenceQueue$Lock
instanceKlass java/lang/ref/ReferenceQueue
instanceKlass jdk/internal/reflect/ReflectionFactory
instanceKlass jdk/internal/reflect/ReflectionFactory$GetReflectionFactoryAction
instanceKlass java/security/PrivilegedAction
instanceKlass java/util/concurrent/locks/LockSupport
instanceKlass java/util/concurrent/ConcurrentHashMap$Node
instanceKlass java/util/concurrent/ConcurrentHashMap$CounterCell
instanceKlass java/util/concurrent/locks/ReentrantLock
instanceKlass java/util/concurrent/locks/Lock
instanceKlass java/lang/Runtime
instanceKlass java/util/HashMap$Node
instanceKlass java/util/KeyValueHolder
instanceKlass java/util/Map$Entry
instanceKlass java/util/ImmutableCollections$MapN$MapNIterator
instanceKlass java/lang/Math
instanceKlass jdk/internal/reflect/Reflection
instanceKlass java/lang/invoke/MethodHandles$Lookup
instanceKlass java/lang/StringLatin1
instanceKlass java/security/Permission
instanceKlass java/security/Guard
instanceKlass java/lang/invoke/MemberName$Factory
instanceKlass java/lang/invoke/MethodHandles
instanceKlass jdk/internal/access/SharedSecrets
instanceKlass java/lang/reflect/ReflectAccess
instanceKlass jdk/internal/access/JavaLangReflectAccess
instanceKlass java/util/ImmutableCollections
instanceKlass java/util/Objects
instanceKlass java/util/Set
instanceKlass jdk/internal/misc/CDS
instanceKlass java/lang/Module$ArchivedData
instanceKlass java/lang/String$CaseInsensitiveComparator
instanceKlass java/util/Comparator
instanceKlass java/io/ObjectStreamField
instanceKlass jdk/internal/vm/vector/VectorSupport$VectorPayload
instanceKlass jdk/internal/vm/vector/VectorSupport
instanceKlass java/lang/reflect/RecordComponent
instanceKlass java/util/Iterator
instanceKlass java/lang/Number
instanceKlass java/lang/Character
instanceKlass java/lang/Boolean
instanceKlass java/util/concurrent/locks/AbstractOwnableSynchronizer
instanceKlass java/lang/LiveStackFrame
instanceKlass java/lang/StackFrameInfo
instanceKlass java/lang/StackWalker$StackFrame
instanceKlass java/lang/StackStreamFactory$AbstractStackWalker
instanceKlass java/lang/StackWalker
instanceKlass java/nio/Buffer
instanceKlass java/lang/StackTraceElement
instanceKlass java/util/RandomAccess
instanceKlass java/util/List
instanceKlass java/util/AbstractCollection
instanceKlass java/util/Collection
instanceKlass java/lang/Iterable
instanceKlass java/util/concurrent/ConcurrentMap
instanceKlass java/util/AbstractMap
instanceKlass java/security/CodeSource
instanceKlass jdk/internal/loader/ClassLoaders
instanceKlass java/util/jar/Manifest
instanceKlass java/net/URL
instanceKlass java/io/InputStream
instanceKlass java/io/Closeable
instanceKlass java/lang/AutoCloseable
instanceKlass jdk/internal/module/Modules
instanceKlass jdk/internal/misc/Unsafe
instanceKlass jdk/internal/misc/UnsafeConstants
instanceKlass java/lang/AbstractStringBuilder
instanceKlass java/lang/Appendable
instanceKlass java/lang/AssertionStatusDirectives
instanceKlass java/lang/invoke/MethodHandleNatives$CallSiteContext
instanceKlass jdk/internal/invoke/NativeEntryPoint
instanceKlass java/lang/invoke/CallSite
instanceKlass java/lang/invoke/MethodType
instanceKlass java/lang/invoke/TypeDescriptor$OfMethod
instanceKlass java/lang/invoke/LambdaForm
instanceKlass java/lang/invoke/MethodHandleNatives
instanceKlass java/lang/invoke/ResolvedMethodName
instanceKlass java/lang/invoke/MemberName
instanceKlass java/lang/invoke/VarHandle
instanceKlass java/lang/invoke/MethodHandle
instanceKlass jdk/internal/reflect/CallerSensitive
instanceKlass java/lang/annotation/Annotation
instanceKlass jdk/internal/reflect/FieldAccessor
instanceKlass jdk/internal/reflect/ConstantPool
instanceKlass jdk/internal/reflect/ConstructorAccessor
instanceKlass jdk/internal/reflect/MethodAccessor
instanceKlass jdk/internal/reflect/MagicAccessorImpl
instanceKlass java/lang/reflect/Parameter
instanceKlass java/lang/reflect/Member
instanceKlass java/lang/reflect/AccessibleObject
instanceKlass java/lang/Module
instanceKlass java/util/Map
instanceKlass java/util/Dictionary
instanceKlass java/lang/ThreadGroup
instanceKlass java/lang/Thread$UncaughtExceptionHandler
instanceKlass java/lang/Thread
instanceKlass java/lang/Runnable
instanceKlass java/lang/ref/Reference
instanceKlass java/lang/Record
instanceKlass java/security/AccessController
instanceKlass java/security/AccessControlContext
instanceKlass java/security/ProtectionDomain
instanceKlass java/lang/SecurityManager
instanceKlass java/lang/Throwable
instanceKlass java/lang/System
instanceKlass java/lang/ClassLoader
instanceKlass java/lang/Cloneable
instanceKlass java/lang/Class
instanceKlass java/lang/invoke/TypeDescriptor$OfField
instanceKlass java/lang/invoke/TypeDescriptor
instanceKlass java/lang/reflect/Type
instanceKlass java/lang/reflect/GenericDeclaration
instanceKlass java/lang/reflect/AnnotatedElement
instanceKlass java/lang/String
instanceKlass java/lang/constant/ConstantDesc
instanceKlass java/lang/constant/Constable
instanceKlass java/lang/CharSequence
instanceKlass java/lang/Comparable
instanceKlass java/io/Serializable
ciInstanceKlass java/lang/Object 1 1 92 7 1 10 12 1 1 10 7 12 1 1 1 10 7 12 1 1 1 10 12 1 1 8 1 10 12 1 1 10 7 12 1 1 1 10 12 1 10 12 1 1 100 1 8 1 10 12 1 3 8 1 100 1 5 0 1 1 1 1 1 1 1 1 1 1 1 1 1 1 1 1 7 1 1 1 7 1 1 1 1 1 1 1 7 1 1 1 1 1 1 1
ciInstanceKlass java/lang/Class 1 1 1611 10 7 12 1 1 1 9 7 12 1 1 1 9 12 1 1 7 1 10 10 12 1 1 8 1 10 12 1 8 1 8 1 10 12 1 1 10 12 1 1 10 12 1 10 10 12 1 10 12 1 1 10 12 1 1 10 7 12 1 1 10 12 1 10 12 1 10 12 1 8 1 10 12 1 8 1 10 12 1 8 1 8 1 10 12 1 1 10 7 12 1 1 1 18 12 1 1 11 7 12 1 1 1 8 1 8 1 8 1 10 7 12 1 1 1 11 12 1 1 7 1 8 1 10 12 1 11 7 12 1 1 1 10 12 1 1 11 8 1 18 8 1 10 12 1 10 7 12 1 1 10 7 12 1 1 1 10 12 1 1 10 7 12 1 1 1 9 100 12 1 1 1 10 100 12 1 1 1 10 7 12 1 1 1 10 12 1 1 18 12 1 1 10 7 12 1 1 1 10 7 12 1 1 10 12 1 1 10 7 1 100 1 10 12 1 1 9 12 1 1 7 1 8 1 10 12 1 10 12 1 1 10 12 1 1 10 7 12 1 1 1 7 1 10 12 1 7 1 7 1 10 10 12 1 1 10 12 1 1 100 1 10 100 12 1 1 1 10 12 1 1 10 12 1 1 9 12 1 1 10 12 1 10 12 1 10 12 1 1 9 12 1 1 9 12 1 1 10 12 1 1 10 7 1 10 12 1 10 12 1 10 12 1 1 10 9 12 1 10 12 1 8 1 10 12 1 1 10 12 1 1 10 12 1 10 12 1 1 10 12 1 1 10 12 1 1 9 7 12 1 1 1 10 7 12 1 1 10 12 10 12 1 10 12 1 1 10 100 12 1 1 10 12 1 10 12 1 1 10 100 12 1 1 1 10 12 1 10 12 1 1 10 12 1 10 12 1 10 12 1 1 10 7 1 10 10 10 12 1 1 10 12 1 1 10 12 10 12 1 1 100 1 8 1 10 10 12 1 1 10 12 1 100 1 11 12 1 10 7 12 1 1 10 12 1 10 12 1 10 100 12 1 1 10 10 12 1 1 8 1 10 12 1 10 12 1 1 8 1 9 12 1 10 12 1 10 12 1 10 12 1 10 12 100 1 9 12 1 10 12 1 9 12 1 10 12 1 10 12 1 10 12 1 10 10 12 1 10 12 1 10 12 1 10 12 1 10 12 1 10 12 1 100 1 10 12 1 10 12 1 1 10 12 1 1 10 12 1 1 10 12 1 1 10 12 1 1 10 12 1 1 7 1 10 10 12 1 1 10 12 1 1 10 12 1 1 10 10 12 1 10 12 1 1 10 12 1 1 10 12 1 1 10 12 1 1 7 1 10 10 12 11 100 12 1 1 10 12 1 1 10 12 1 10 7 12 1 1 1 10 12 1 1 10 10 12 1 1 100 1 10 10 12 1 1 10 100 12 1 1 1 100 1 7 1 10 12 1 1 10 12 1 10 10 12 1 1 10 12 1 10 12 1 10 12 1 10 100 12 1 1 1 11 7 12 1 1 10 12 1 10 12 1 9 12 1 10 12 1 1 10 12 1 9 12 1 1 7 1 10 9 12 1 1 10 12 7 1 10 12 1 9 12 1 10 100 12 1 1 1 10 12 1 10 12 1 10 100 12 1 1 1 10 12 1 10 12 10 12 1 1 100 1 10 8 1 10 12 1 11 11 12 1 1 11 7 12 1 1 11 12 1 8 1 10 12 1 10 12 1 1 9 12 1 9 12 1 1 10 7 12 1 1 9 12 1 10 12 1 1 10 10 12 1 10 7 12 1 1 1 10 7 12 1 1 10 7 12 1 1 9 12 1 1 10 12 1 9 12 1 10 12 1 10 12 1 1 9 12 1 1 9 12 1 10 12 1 10 12 1 1 9 12 1 7 1 10 10 12 1 1 7 1 10 12 1 1 7 11 7 1 9 12 1 1 9 12 1 7 1 10 12 1 9 12 1 1 9 12 1 10 12 1 10 12 1 1 9 12 1 7 1 10 10 12 1 1 10 10 12 1 1 10 12 10 10 12 1 9 12 1 10 12 1 1 10 7 12 1 1 1 10 12 1 1 10 12 1 8 10 7 8 1 18 8 1 8 1 10 12 1 9 12 1 9 12 1 1 10 12 1 7 1 7 1 10 12 1 9 12 1 1 7 1 10 10 12 1 10 7 1 9 12 1 8 1 10 12 1 7 1 10 12 1 10 12 1 1 9 12 1 100 1 8 1 10 7 1 4 10 10 12 11 7 12 1 1 1 10 12 1 100 1 10 12 1 1 10 8 1 8 1 10 12 1 1 9 7 12 1 1 11 12 7 1 11 7 12 1 1 9 12 1 10 100 12 1 1 1 10 7 12 1 1 10 12 1 1 9 12 1 9 10 12 1 1 10 12 1 1 10 12 1 1 10 12 1 1 10 12 1 1 11 12 1 7 1 11 12 1 10 7 12 1 1 1 10 12 1 7 1 11 12 1 10 100 12 1 1 1 10 12 1 10 11 12 1 11 12 1 1 10 12 1 10 12 1 1 9 12 1 1 9 100 12 1 1 10 12 1 10 100 12 1 1 1 10 12 1 1 10 12 1 10 12 1 10 12 1 10 7 12 1 1 1 10 12 1 8 1 10 12 1 10 12 1 10 12 1 10 100 12 1 1 1 11 100 12 1 1 1 10 12 1 1 10 12 1 18 12 1 1 11 12 1 1 18 11 12 1 18 12 1 11 12 1 10 12 1 1 10 12 1 10 12 1 10 12 10 12 1 8 1 10 12 1 7 1 9 12 1 1 100 1 100 1 100 1 100 1 100 1 1 1 3 1 3 1 3 1 1 1 1 1 1 1 5 0 1 1 1 1 1 1 1 1 1 1 1 1 1 1 1 1 1 1 1 1 1 1 1 100 1 1 1 1 1 1 1 100 1 1 1 1 1 1 7 1 1 1 1 1 1 1 1 1 1 1 1 1 1 1 1 1 1 1 1 1 1 1 1 1 1 1 1 1 1 1 1 1 1 1 1 1 1 100 1 1 1 1 1 1 1 1 1 1 1 1 1 1 1 1 1 1 1 1 1 1 1 1 1 1 1 1 100 1 1 1 1 1 1 1 1 1 1 1 1 1 1 1 1 1 1 1 1 1 1 1 1 1 1 1 1 1 1 1 1 1 1 1 1 1 1 1 1 1 1 1 1 1 1 1 1 1 1 1 1 1 100 1 100 1 1 1 1 1 1 1 1 1 1 1 1 1 1 1 1 1 1 1 1 1 1 1 1 1 1 1 1 1 1 1 1 1 1 1 1 1 1 1 1 1 1 1 1 1 1 1 1 1 1 1 1 1 1 1 1 1 1 1 1 1 1 1 100 1 1 1 1 1 1 1 1 1 1 1 1 1 1 1 1 1 1 1 1 1 1 1 1 1 1 1 1 1 1 1 1 1 1 1 1 1 1 1 1 1 1 1 1 1 1 1 1 1 1 1 1 1 1 1 1 1 1 1 1 1 1 1 1 1 1 1 1 15 10 7 12 1 1 1 16 15 10 12 16 15 11 12 16 1 16 15 16 15 10 12 16 16 15 10 12 16 15 16 1 15 10 12 16 1 1 1 1 1 1 1 1 100 1 1 100 1 100 1 1 100 1 100 1 1
staticfield java/lang/Class EMPTY_CLASS_ARRAY [Ljava/lang/Class; 0 [Ljava/lang/Class;
staticfield java/lang/Class serialPersistentFields [Ljava/io/ObjectStreamField; 0 [Ljava/io/ObjectStreamField;
ciInstanceKlass java/io/Serializable 1 0 7 100 1 100 1 1 1
instanceKlass jdk/internal/vm/vector/VectorSupport$VectorShuffle
instanceKlass jdk/internal/vm/vector/VectorSupport$VectorMask
instanceKlass jdk/internal/vm/vector/VectorSupport$Vector
ciInstanceKlass jdk/internal/vm/vector/VectorSupport$VectorPayload 0 0 32 10 100 12 1 1 1 9 100 12 1 1 1 10 100 12 1 1 1 1 1 1 1 1 1 1 1 1 1 1 1 1
ciInstanceKlass jdk/internal/vm/vector/VectorSupport$VectorShuffle 0 0 28 10 100 12 1 1 1 100 1 1 1 1 1 1 1 1 1 1 1 1 1 1 1 100 1 1 1 1
ciInstanceKlass jdk/internal/vm/vector/VectorSupport$VectorMask 0 0 28 10 100 12 1 1 1 100 1 1 1 1 1 1 1 1 1 1 1 1 1 1 1 100 1 1 1 1
ciInstanceKlass jdk/internal/vm/vector/VectorSupport$Vector 0 0 28 10 100 12 1 1 1 100 1 1 1 1 1 1 1 1 1 1 1 1 1 1 1 100 1 1 1 1
ciInstanceKlass jdk/internal/vm/vector/VectorSupport 0 0 487 100 1 10 100 12 1 1 1 9 12 1 1 10 12 1 1 100 1 10 12 1 11 100 12 1 1 1 11 100 12 1 1 1 11 100 12 1 1 11 100 12 1 1 1 11 100 1 100 1 10 12 1 1 11 100 12 1 1 11 100 12 1 1 100 1 11 100 12 1 1 11 100 12 1 1 11 100 12 1 1 1 11 100 12 1 1 1 11 100 12 1 1 1 11 100 12 1 1 1 100 1 10 12 1 1 11 100 12 1 1 100 1 11 100 12 1 1 11 100 12 1 1 11 100 12 1 1 11 100 1 100 1 9 12 1 1 10 100 12 1 1 11 100 12 1 1 10 12 1 1 10 100 12 1 1 1 10 12 1 10 12 1 1 10 12 1 1 1 1 1 3 1 3 1 3 1 3 1 3 1 3 1 3 1 3 1 3 1 3 1 3 1 3 1 3 1 3 1 3 1 3 1 3 1 3 1 3 1 3 1 3 1 3 1 3 1 3 1 3 1 3 1 3 1 3 1 3 1 3 1 3 1 3 1 3 1 3 1 3 1 3 1 3 1 3 1 3 1 1 1 1 1 3 1 1 1 1 1 1 3 1 1 1 1 1 1 1 1 1 1 1 1 1 1 1 1 1 1 1 1 1 1 1 1 1 1 1 1 1 1 1 1 1 1 1 1 1 1 1 1 1 1 1 1 1 1 1 1 1 1 1 1 1 1 1 1 1 1 1 1 1 1 1 1 1 1 1 1 1 1 1 1 1 1 1 1 1 1 1 1 1 1 1 1 1 1 1 1 1 1 1 1 1 1 1 1 1 1 1 1 1 1 1 1 1 1 1 1 1 1 1 1 1 1 1 1 1 1 1 1 1 1 1 1 1 1 1 1 1 1 1 1 1 1 1 1 1 1 1 1 1 1 1 1 1 1 1 1 1 1 1 1 1 1 1 1 1 1 1 1 1 1 1 1 1 1 1 1 1 1 1 1 1 1 1 1 1 1 1 1 1 1 1 1 1 1 1 1 1 1 1 1 1 1 1 1 1 1 1 100 1 100 1 1 1 1 1 1 1 1 1 1 1 1 1 1 1 1 1 1 1 1 1 1 1 1
ciInstanceKlass java/lang/reflect/RecordComponent 1 1 196 10 100 12 1 1 1 9 100 12 1 1 1 9 12 1 1 9 12 1 10 12 1 1 10 12 1 1 10 100 12 1 1 1 10 12 1 1 9 12 1 1 10 12 1 1 10 12 1 1 10 12 1 10 100 12 1 1 10 100 12 1 1 9 12 1 1 10 100 12 1 1 1 11 100 12 1 1 1 10 9 100 12 1 1 1 10 100 12 1 1 1 9 12 1 1 10 100 12 1 1 1 10 12 1 1 11 100 12 1 1 10 100 12 1 1 100 1 9 12 1 9 12 1 1 9 12 1 10 100 12 1 1 1 10 12 1 1 10 12 1 1 100 1 10 10 12 1 10 12 1 1 8 1 10 12 1 10 12 1 9 12 1 100 1 1 1 1 1 1 1 1 1 1 1 1 1 1 1 1 1 1 1 1 1 1 100 1 1 1 1 1 1 100 1 1
ciInstanceKlass java/util/Iterator 1 1 53 100 1 8 1 10 12 1 1 10 7 12 1 1 1 11 7 12 1 1 1 11 12 1 1 11 7 12 1 1 1 100 1 1 1 1 1 1 1 1 1 1 1 1 1 1 1 1 1 1 1 1 1
ciInstanceKlass java/lang/System 1 1 803 10 100 12 1 1 1 9 7 12 1 1 1 10 12 1 10 12 1 1 10 12 1 1 10 12 1 9 12 1 1 10 7 12 1 1 1 11 7 12 1 1 1 10 100 12 1 1 1 10 12 1 1 10 12 1 1 100 1 8 1 10 12 1 10 100 12 1 1 1 10 7 12 1 1 1 18 12 1 1 10 100 12 1 1 1 100 1 10 12 1 1 10 100 12 1 1 1 10 12 1 10 7 12 1 1 1 9 100 12 1 1 1 10 100 12 1 1 1 11 7 12 1 1 1 10 12 1 1 10 7 12 1 1 1 100 1 10 10 12 1 1 8 1 10 12 1 8 1 10 12 1 9 12 1 1 8 1 10 7 12 1 1 1 10 12 1 1 100 1 8 1 10 9 12 1 1 8 1 10 12 1 1 10 100 12 1 1 1 8 1 10 12 1 100 1 10 12 1 8 1 10 12 1 10 12 1 1 100 1 10 12 10 12 1 9 12 1 1 9 12 1 1 10 7 12 1 1 1 10 7 12 1 1 1 10 12 1 1 10 12 1 10 12 1 10 7 12 1 1 1 10 12 1 100 1 100 1 8 1 10 12 1 10 12 1 1 7 1 10 12 1 100 1 8 1 10 10 12 1 100 1 8 1 10 8 1 10 7 12 1 1 8 1 10 12 100 1 8 1 10 10 12 1 1 10 7 12 1 1 1 100 1 18 12 1 100 1 9 100 12 1 1 1 10 12 1 100 1 10 12 1 1 10 12 1 1 10 7 12 1 1 1 10 12 1 1 10 12 1 10 12 1 10 12 1 1 10 12 1 7 1 10 12 1 10 12 1 100 1 10 12 1 10 7 12 1 1 1 100 1 8 1 10 9 12 1 9 12 1 10 12 1 10 100 12 1 1 10 12 1 10 12 1 1 8 1 10 12 1 1 8 1 11 12 1 10 12 11 12 1 1 11 7 12 1 1 1 11 7 12 1 1 11 12 1 1 7 1 11 12 1 10 12 1 8 1 10 12 1 1 8 1 8 1 8 1 8 1 11 12 1 10 12 1 10 12 1 10 12 1 10 7 12 1 1 8 1 7 1 9 7 12 1 1 1 10 12 1 7 1 9 12 10 9 12 7 1 10 12 8 1 10 12 1 1 8 1 10 7 12 1 1 10 12 1 10 7 12 1 1 1 10 12 1 1 10 7 12 1 1 1 10 12 10 7 12 1 1 1 9 12 1 1 100 1 8 1 10 12 1 1 10 7 12 1 1 1 7 1 10 12 1 1 8 1 10 8 1 8 1 8 1 8 1 10 10 7 12 1 1 10 12 1 1 10 12 1 1 10 12 1 1 10 12 1 10 100 12 1 1 1 10 100 1 8 1 10 10 10 12 1 1 10 12 1 1 8 1 10 12 1 8 1 10 12 1 10 12 1 1 7 1 10 10 12 1 10 12 1 9 12 1 1 1 3 1 3 1 1 1 1 1 1 1 1 1 1 1 1 100 1 1 100 1 1 1 1 1 1 1 1 1 1 1 100 1 100 1 1 1 1 1 1 1 1 1 1 1 1 1 1 1 1 1 1 1 1 1 1 1 1 1 1 1 1 1 1 1 1 1 1 1 1 1 1 1 1 1 1 1 1 1 1 1 1 1 1 1 1 1 1 1 1 1 1 100 1 1 1 1 1 1 1 1 1 1 1 1 1 1 1 1 1 1 1 1 1 1 1 1 1 1 1 1 1 1 1 1 1 100 1 1 15 10 100 12 1 1 1 16 15 10 12 1 1 16 15 10 12 16 1 1 1 1 1 1 1 100 1 100 1 1
staticfield java/lang/System in Ljava/io/InputStream; java/io/BufferedInputStream
staticfield java/lang/System out Ljava/io/PrintStream; java/io/PrintStream
staticfield java/lang/System err Ljava/io/PrintStream; java/io/PrintStream
instanceKlass org/springframework/core/DecoratingClassLoader
instanceKlass jdk/internal/reflect/DelegatingClassLoader
instanceKlass java/security/SecureClassLoader
ciInstanceKlass java/lang/ClassLoader 1 1 1098 9 7 12 1 1 1 10 7 12 1 1 1 9 12 1 1 10 7 12 1 1 1 7 1 10 12 1 1 10 12 1 1 9 12 1 1 10 12 1 1 100 1 10 12 1 10 12 1 1 10 7 12 1 1 1 100 1 8 1 10 12 1 10 7 12 1 1 1 10 100 12 1 10 7 1 10 7 1 7 1 7 1 10 12 1 10 12 1 9 12 1 1 10 10 7 12 1 1 1 9 12 1 1 9 12 1 9 12 1 1 9 12 1 9 12 1 1 9 12 1 1 7 1 10 12 1 9 12 1 1 10 12 1 1 10 7 12 1 1 1 9 12 1 9 12 1 1 9 12 1 10 12 1 1 9 12 10 12 1 1 7 1 10 8 1 10 12 1 1 10 12 1 10 7 1 7 1 10 12 1 1 10 7 12 1 1 1 8 1 10 12 1 10 12 1 10 12 1 1 10 12 1 1 10 12 1 1 10 12 1 1 10 12 1 1 10 12 1 7 1 10 12 1 10 100 12 1 1 1 10 12 1 1 10 12 1 10 12 1 10 12 1 10 12 1 10 12 1 1 10 10 12 1 10 12 1 10 100 12 1 1 10 12 1 1 10 12 1 1 10 12 1 100 1 10 12 1 100 1 10 12 1 10 100 12 1 1 1 10 10 12 1 1 10 12 1 1 100 1 8 1 10 8 1 10 12 1 10 12 1 100 1 8 1 10 12 1 1 10 12 1 1 10 10 12 1 1 10 12 1 1 10 12 1 1 10 7 1 10 12 1 1 10 12 1 1 10 12 1 1 10 12 1 1 10 12 1 1 10 12 1 1 10 12 1 10 7 12 1 1 1 10 12 1 10 12 1 10 12 1 1 10 12 1 10 12 1 10 12 1 10 12 1 1 10 12 1 10 12 1 1 8 1 9 12 1 10 12 1 1 8 1 8 1 10 7 12 1 1 100 1 10 10 12 10 12 1 10 12 1 10 12 1 10 12 1 1 10 7 12 1 1 10 12 1 10 7 1 7 1 10 12 1 1 10 12 1 10 7 1 10 12 1 100 1 18 12 1 10 100 12 1 1 1 10 100 12 1 1 1 10 7 12 1 1 10 12 1 1 10 12 1 10 12 1 1 7 1 10 12 1 10 12 1 1 10 7 12 1 1 10 12 1 8 1 100 1 10 10 12 1 9 12 1 10 7 12 1 1 10 12 1 100 1 8 1 10 12 1 10 8 1 8 1 10 12 1 1 10 12 1 1 10 12 1 1 10 100 12 1 1 1 100 1 100 1 10 12 1 1 100 1 100 1 10 100 12 1 1 10 12 1 10 12 1 1 10 12 1 10 12 1 1 10 12 1 1 9 100 12 1 1 1 10 12 1 1 10 12 1 10 12 1 10 12 1 1 10 12 1 8 1 10 12 1 7 1 18 12 1 1 10 12 1 1 10 12 1 10 12 1 10 12 1 8 1 10 12 1 10 12 1 18 12 1 11 100 12 1 1 1 100 1 10 12 1 1 10 12 1 10 11 12 1 1 10 18 10 12 1 1 11 100 12 1 18 12 1 11 12 1 1 10 12 10 12 1 1 10 12 1 1 7 1 8 1 10 10 12 1 8 1 8 1 10 7 12 1 1 10 12 1 100 1 10 10 12 1 8 1 8 1 8 1 10 12 1 10 12 1 1 10 12 1 10 100 12 1 1 1 11 100 12 1 1 100 1 10 11 10 12 1 10 12 1 10 12 1 1 9 100 12 1 1 9 12 1 1 9 12 9 12 1 9 12 1 9 12 1 8 10 12 1 1 10 7 12 1 1 1 10 12 1 1 10 12 1 1 10 12 1 10 10 12 1 11 12 1 1 10 100 12 1 1 1 100 1 10 12 1 10 12 1 10 12 1 1 1 1 1 1 1 1 1 1 1 1 1 1 1 1 1 1 1 1 1 1 1 1 1 1 1 1 100 1 1 1 1 1 1 1 1 1 1 1 1 1 1 1 1 1 1 1 1 1 100 1 1 1 1 1 1 1 1 1 1 7 1 1 1 1 1 1 1 1 1 1 1 1 1 1 1 1 1 1 1 1 1 1 1 1 1 1 1 1 1 1 1 1 1 1 1 1 1 1 1 1 1 100 1 1 1 1 1 1 1 1 1 1 1 1 1 1 1 1 1 1 100 1 1 1 1 1 1 1 1 1 1 1 1 1 1 1 1 1 1 1 1 1 1 1 1 1 1 1 1 1 1 1 1 1 1 1 1 1 1 1 1 1 1 1 1 1 1 1 1 1 1 1 100 1 1 1 1 1 1 1 1 1 1 1 1 1 1 1 1 1 1 1 1 1 1 1 1 1 1 1 1 1 1 1 1 1 1 1 1 1 1 1 1 1 1 1 1 1 1 15 10 100 12 1 1 1 16 1 15 10 12 16 1 16 15 10 12 16 1 16 1 15 10 12 16 15 10 12 16 15 10 12 16 1 1 100 1 100 1 1
staticfield java/lang/ClassLoader nocerts [Ljava/security/cert/Certificate; 0 [Ljava/security/cert/Certificate;
staticfield java/lang/ClassLoader $assertionsDisabled Z 1
ciInstanceKlass jdk/internal/reflect/DelegatingClassLoader 1 1 18 10 7 12 1 1 1 100 1 1 1 1 1 1 1 1 1 1
instanceKlass java/net/URLClassLoader
instanceKlass jdk/internal/loader/BuiltinClassLoader
ciInstanceKlass java/security/SecureClassLoader 1 1 102 10 7 12 1 1 1 7 1 10 12 1 9 7 12 1 1 1 10 12 1 10 12 1 10 12 1 1 10 12 1 1 10 12 1 7 1 10 7 1 10 12 1 7 1 10 12 1 11 7 12 1 1 1 7 1 11 12 1 10 12 1 1 1 1 1 1 1 1 1 1 1 1 1 1 1 1 1 1 1 1 1 1 1 1 1 1 1 1 1 1 1 1 1 1 1 1 100 1 1 1 1
instanceKlass jdk/internal/loader/ClassLoaders$BootClassLoader
instanceKlass jdk/internal/loader/ClassLoaders$PlatformClassLoader
instanceKlass jdk/internal/loader/ClassLoaders$AppClassLoader
ciInstanceKlass jdk/internal/loader/BuiltinClassLoader 1 1 737 9 7 12 1 1 1 10 7 12 1 1 1 10 7 12 1 1 1 9 12 1 1 9 12 1 1 7 1 10 12 1 9 12 1 10 12 1 9 12 1 10 7 12 1 1 1 10 7 12 1 1 1 10 7 12 1 1 1 11 7 12 1 1 1 100 1 100 1 10 10 12 1 1 8 1 10 12 1 10 12 7 1 10 12 1 10 12 1 1 11 7 12 1 1 1 11 7 12 1 1 1 11 12 1 1 7 1 8 1 8 1 10 9 12 1 1 10 7 12 1 1 11 12 1 1 10 12 1 1 10 12 1 1 10 12 1 1 10 7 12 1 1 1 10 12 1 10 100 12 1 1 1 10 12 1 1 11 7 12 1 1 1 10 7 12 1 1 7 1 10 7 12 1 1 1 10 12 1 7 1 8 1 10 12 1 1 10 8 1 10 12 1 1 10 12 1 1 10 12 1 1 11 7 12 1 1 11 12 1 7 1 10 11 12 1 1 11 10 12 1 1 7 1 10 12 1 10 7 12 1 10 12 1 7 1 10 12 1 10 7 12 1 1 1 100 1 10 12 1 1 11 12 1 7 1 100 1 10 12 1 10 12 1 1 100 1 100 1 10 12 1 10 12 1 18 12 1 1 10 12 1 10 12 1 1 18 100 1 10 7 12 1 1 1 7 1 10 10 12 1 1 10 12 1 1 10 12 1 1 10 12 1 9 12 1 1 100 1 10 10 12 1 1 10 12 1 1 10 12 1 10 12 10 12 1 1 10 12 1 1 10 12 1 1 10 12 1 10 12 1 1 18 12 1 7 1 10 12 1 1 10 12 1 10 12 1 1 10 12 1 100 1 10 12 1 7 1 10 12 1 10 7 12 1 1 1 10 12 1 11 12 1 7 1 10 12 1 7 1 100 1 10 12 1 10 12 1 11 12 1 1 10 12 1 1 10 12 1 1 10 12 1 1 10 12 1 1 10 12 1 10 12 1 10 12 1 10 12 1 8 1 10 12 1 1 10 7 12 1 1 10 12 1 100 1 8 1 8 1 10 10 12 1 8 1 8 1 10 7 12 1 1 1 11 7 12 1 1 1 9 7 12 1 1 1 10 7 12 1 1 1 9 12 1 9 12 1 9 12 1 9 12 1 9 12 1 9 12 1 10 7 12 1 1 1 8 1 10 12 1 7 1 10 12 1 1 10 12 1 7 1 10 11 12 1 1 10 12 10 12 1 10 12 1 100 1 10 12 1 10 12 1 10 10 12 1 10 7 12 1 1 8 1 10 7 12 1 1 10 12 1 1 1 1 1 1 1 1 1 1 1 1 1 1 1 1 1 1 1 1 1 1 1 1 1 1 1 1 1 1 1 1 1 1 1 1 1 1 1 1 1 1 1 1 1 1 1 1 1 1 1 1 1 1 1 1 100 1 1 1 1 1 1 1 1 1 1 1 1 1 1 1 1 1 1 100 1 100 1 1 1 1 1 1 1 1 1 1 1 1 1 1 1 1 1 1 1 1 1 1 1 1 1 1 1 1 1 1 1 1 1 1 1 1 1 1 1 1 1 1 1 1 1 1 1 1 1 1 1 100 1 1 15 10 100 12 1 1 1 16 15 10 12 16 15 10 12 16 15 10 12 16 1 1 1 100 1 1 1 1 1 100 1 100 1 1
staticfield jdk/internal/loader/BuiltinClassLoader packageToModule Ljava/util/Map; java/util/concurrent/ConcurrentHashMap
staticfield jdk/internal/loader/BuiltinClassLoader $assertionsDisabled Z 1
ciInstanceKlass java/security/AccessController 1 1 295 10 100 12 1 1 1 10 7 12 1 1 1 10 7 12 1 1 1 10 12 1 1 10 12 1 1 10 7 12 1 1 1 10 12 1 1 10 12 1 10 12 1 1 10 12 1 100 1 8 1 10 12 1 10 12 1 10 12 1 1 10 12 1 100 1 100 1 10 12 1 1 10 12 1 10 12 1 10 12 1 1 10 7 12 1 1 1 10 12 1 1 9 100 12 1 1 1 10 100 12 1 1 1 10 12 1 10 12 1 9 100 12 1 1 1 10 12 1 10 12 1 1 9 12 1 1 10 100 1 10 11 7 12 1 1 1 10 7 12 1 1 11 7 1 100 1 10 12 1 10 12 1 10 12 1 8 1 10 12 1 1 8 1 10 100 12 1 1 1 8 1 100 1 10 10 12 1 1 10 12 1 10 7 12 1 1 1 10 12 1 8 1 10 100 12 1 1 8 1 8 1 10 12 1 8 1 10 12 1 10 12 1 1 10 12 1 1 1 1 1 1 1 1 1 1 1 1 1 1 1 1 1 1 1 1 1 1 1 1 1 1 1 1 100 1 1 1 1 1 1 1 1 1 1 1 1 1 1 1 1 1 1 1 1 1 1 1 1 1 1 1 1 1 1 1 1 1 1 100 1 100 1 1 1 1 1 1 1 1 1 3 1 1 1
staticfield java/security/AccessController $assertionsDisabled Z 1
instanceKlass jdk/internal/reflect/GeneratedConstructorAccessor35
instanceKlass jdk/internal/reflect/GeneratedConstructorAccessor34
instanceKlass jdk/internal/reflect/GeneratedConstructorAccessor33
instanceKlass jdk/internal/reflect/GeneratedConstructorAccessor32
instanceKlass jdk/internal/reflect/GeneratedConstructorAccessor31
instanceKlass jdk/internal/reflect/GeneratedConstructorAccessor30
instanceKlass jdk/internal/reflect/GeneratedConstructorAccessor29
instanceKlass jdk/internal/reflect/GeneratedConstructorAccessor28
instanceKlass jdk/internal/reflect/GeneratedConstructorAccessor27
instanceKlass jdk/internal/reflect/GeneratedConstructorAccessor26
instanceKlass jdk/internal/reflect/GeneratedConstructorAccessor25
instanceKlass jdk/internal/reflect/GeneratedConstructorAccessor24
instanceKlass jdk/internal/reflect/GeneratedConstructorAccessor23
instanceKlass jdk/internal/reflect/GeneratedConstructorAccessor22
instanceKlass jdk/internal/reflect/GeneratedConstructorAccessor21
instanceKlass jdk/internal/reflect/GeneratedConstructorAccessor20
instanceKlass jdk/internal/reflect/GeneratedConstructorAccessor19
instanceKlass jdk/internal/reflect/GeneratedConstructorAccessor18
instanceKlass jdk/internal/reflect/GeneratedConstructorAccessor17
instanceKlass jdk/internal/reflect/GeneratedConstructorAccessor16
instanceKlass jdk/internal/reflect/GeneratedConstructorAccessor15
instanceKlass jdk/internal/reflect/GeneratedConstructorAccessor14
instanceKlass jdk/internal/reflect/GeneratedConstructorAccessor13
instanceKlass jdk/internal/reflect/GeneratedConstructorAccessor12
instanceKlass jdk/internal/reflect/GeneratedConstructorAccessor11
instanceKlass jdk/internal/reflect/GeneratedConstructorAccessor10
instanceKlass jdk/internal/reflect/GeneratedConstructorAccessor9
instanceKlass jdk/internal/reflect/GeneratedConstructorAccessor8
instanceKlass jdk/internal/reflect/GeneratedConstructorAccessor7
instanceKlass jdk/internal/reflect/GeneratedConstructorAccessor6
instanceKlass jdk/internal/reflect/GeneratedConstructorAccessor5
instanceKlass jdk/internal/reflect/GeneratedConstructorAccessor4
instanceKlass jdk/internal/reflect/GeneratedConstructorAccessor3
instanceKlass jdk/internal/reflect/GeneratedConstructorAccessor2
instanceKlass jdk/internal/reflect/BootstrapConstructorAccessorImpl
instanceKlass jdk/internal/reflect/GeneratedConstructorAccessor1
instanceKlass jdk/internal/reflect/DelegatingConstructorAccessorImpl
instanceKlass jdk/internal/reflect/NativeConstructorAccessorImpl
ciInstanceKlass jdk/internal/reflect/ConstructorAccessorImpl 1 1 27 10 7 12 1 1 1 100 1 100 1 1 1 1 1 1 1 1 1 100 1 100 1 100 1 1 1
instanceKlass jdk/internal/reflect/FieldAccessorImpl
instanceKlass jdk/internal/reflect/ConstructorAccessorImpl
instanceKlass jdk/internal/reflect/MethodAccessorImpl
ciInstanceKlass jdk/internal/reflect/MagicAccessorImpl 1 1 16 10 7 12 1 1 1 100 1 1 1 1 1 1 1 1
instanceKlass jdk/internal/reflect/GeneratedMethodAccessor12
instanceKlass jdk/internal/reflect/GeneratedMethodAccessor11
instanceKlass jdk/internal/reflect/GeneratedMethodAccessor10
instanceKlass jdk/internal/reflect/GeneratedMethodAccessor9
instanceKlass jdk/internal/reflect/GeneratedMethodAccessor8
instanceKlass jdk/internal/reflect/GeneratedMethodAccessor7
instanceKlass jdk/internal/reflect/GeneratedMethodAccessor6
instanceKlass jdk/internal/reflect/GeneratedMethodAccessor5
instanceKlass jdk/internal/reflect/GeneratedMethodAccessor4
instanceKlass jdk/internal/reflect/GeneratedMethodAccessor3
instanceKlass jdk/internal/reflect/GeneratedMethodAccessor2
instanceKlass jdk/internal/reflect/GeneratedMethodAccessor1
instanceKlass jdk/internal/reflect/DelegatingMethodAccessorImpl
instanceKlass jdk/internal/reflect/NativeMethodAccessorImpl
ciInstanceKlass jdk/internal/reflect/MethodAccessorImpl 1 1 25 10 7 12 1 1 1 100 1 100 1 1 1 1 1 1 1 1 1 100 1 100 1 1 1
ciInstanceKlass java/lang/Module 1 1 959 10 7 12 1 1 1 9 7 12 1 1 1 10 7 12 1 1 1 9 12 1 9 12 1 1 9 12 1 1 10 12 1 1 10 12 1 10 12 1 1 10 7 12 1 1 1 7 1 10 7 12 1 1 1 10 12 1 1 11 7 12 1 1 1 10 12 1 1 10 7 12 1 1 1 10 12 1 1 10 7 12 1 1 1 9 100 12 1 1 1 10 100 12 1 1 1 10 12 1 8 1 10 7 12 1 1 1 10 7 12 1 1 1 9 12 1 1 9 12 1 1 10 12 1 9 12 1 1 11 12 1 9 7 12 1 1 10 7 12 1 1 1 10 100 12 1 1 1 10 12 1 1 100 1 100 1 10 10 12 1 1 8 1 10 12 1 10 12 10 12 1 10 12 1 1 10 12 1 1 10 12 1 1 9 7 12 1 1 1 10 12 1 1 10 12 1 1 9 12 1 10 12 1 10 12 1 9 12 1 1 11 7 12 1 1 10 12 1 1 9 12 1 9 12 1 10 12 1 10 12 1 100 1 8 1 10 10 12 1 1 10 12 1 8 1 10 12 1 1 8 1 8 1 10 12 1 1 10 12 1 10 12 1 1 18 12 1 1 10 12 1 1 11 12 1 9 12 1 11 12 10 100 12 1 1 100 1 8 1 10 7 1 11 12 1 1 10 12 1 10 12 1 10 12 1 1 11 12 1 1 11 7 12 1 1 11 12 1 1 9 12 1 11 12 1 10 12 1 1 10 12 1 1 9 12 1 10 12 10 7 12 1 1 10 7 12 1 1 10 7 1 18 12 1 1 11 100 12 1 1 1 18 12 1 11 12 1 1 10 100 12 1 1 1 11 12 1 1 10 7 12 1 1 4 7 1 11 12 1 7 1 7 1 10 10 7 12 1 1 1 10 11 7 12 1 8 1 10 10 12 1 1 10 7 12 1 1 10 12 1 10 12 1 7 1 10 12 1 10 11 12 1 1 10 12 10 12 1 1 9 12 1 100 1 10 10 12 1 1 11 100 1 10 12 1 1 11 12 1 10 10 12 1 11 10 12 1 1 10 12 1 1 10 12 1 1 10 7 12 1 1 10 12 1 10 12 1 1 10 10 12 1 1 10 12 1 18 12 1 11 12 1 18 12 1 10 12 1 10 12 1 10 12 7 1 10 12 1 10 12 1 10 12 1 9 12 1 7 1 10 10 10 10 12 1 10 12 1 10 12 1 10 12 1 1 10 12 1 1 10 12 1 9 12 1 18 12 1 1 10 100 12 1 1 1 100 1 8 1 10 12 1 1 10 12 1 1 10 100 12 1 1 100 1 10 12 1 1 100 1 8 1 100 1 10 100 1 100 1 3 10 12 1 100 1 10 12 1 10 12 1 1 10 12 1 1 100 1 10 12 1 10 12 1 1 100 1 100 1 10 12 8 1 10 12 1 1 10 12 1 1 10 100 12 1 1 10 12 1 1 10 12 1 10 12 10 12 1 1 100 1 10 10 12 1 1 10 100 12 1 1 1 100 1 8 1 10 12 1 1 10 100 12 1 1 8 1 10 12 1 8 1 10 12 1 10 12 10 12 1 8 1 10 10 100 12 1 1 7 1 10 10 12 1 10 7 12 1 1 9 12 1 9 12 1 9 12 1 9 12 1 10 12 11 12 1 10 12 1 100 1 1 1 1 1 1 1 1 1 1 1 1 1 1 1 1 100 1 1 1 1 1 1 1 1 1 1 1 1 1 1 1 1 1 1 1 1 1 1 1 1 1 1 1 1 1 1 1 1 1 1 1 1 1 1 1 1 1 1 1 1 1 1 1 1 1 1 1 1 1 1 1 1 1 1 1 1 1 1 1 1 1 1 1 1 1 1 1 1 1 1 1 1 1 1 1 1 1 1 1 100 100 1 1 1 1 1 1 1 1 1 1 1 1 1 1 1 1 1 1 1 1 1 1 1 1 1 1 1 1 1 1 1 1 1 1 100 1 100 1 7 1 1 1 1 1 1 1 1 1 1 1 1 1 1 1 1 1 1 1 1 1 1 1 1 1 1 1 1 15 10 7 12 1 1 1 16 15 10 12 16 16 15 10 12 16 16 15 10 16 1 15 10 12 16 1 15 10 12 16 1 16 15 10 12 16 1 1 1 1 1 1 1 100 1 100 1 1
staticfield java/lang/Module ALL_UNNAMED_MODULE Ljava/lang/Module; java/lang/Module
staticfield java/lang/Module ALL_UNNAMED_MODULE_SET Ljava/util/Set; java/util/ImmutableCollections$Set12
staticfield java/lang/Module EVERYONE_MODULE Ljava/lang/Module; java/lang/Module
staticfield java/lang/Module EVERYONE_SET Ljava/util/Set; java/util/ImmutableCollections$Set12
staticfield java/lang/Module $assertionsDisabled Z 1
instanceKlass org/apache/tomcat/util/digester/ArrayStack
instanceKlass org/springframework/beans/factory/support/ManagedList
ciInstanceKlass java/util/ArrayList 1 1 492 10 7 12 1 1 1 7 1 9 7 12 1 1 1 9 12 1 100 1 100 1 10 8 1 10 12 1 1 10 12 1 10 12 1 1 10 12 1 9 12 1 11 7 12 1 1 1 9 12 1 1 10 12 1 1 7 10 7 12 1 1 1 9 12 1 10 12 1 10 12 1 1 10 7 12 1 1 1 10 7 12 1 1 1 10 12 1 1 10 12 1 1 10 12 1 1 10 12 1 10 12 1 1 100 1 100 1 10 12 1 10 7 12 1 1 1 10 7 12 1 1 10 12 1 10 12 10 12 1 1 10 12 1 1 10 12 1 1 7 1 10 12 1 1 10 12 1 1 10 12 1 100 1 10 11 12 1 1 11 7 12 1 1 1 11 12 1 10 12 1 10 12 1 10 12 1 1 100 1 10 12 1 1 10 10 12 1 1 10 12 1 8 1 8 1 8 1 8 1 10 12 1 1 10 12 1 1 11 12 1 100 1 10 100 12 1 1 10 12 1 10 12 1 1 10 100 12 1 1 10 12 1 10 100 12 1 1 1 11 100 12 1 1 1 10 12 1 100 1 8 1 10 7 1 10 12 1 7 1 10 12 1 10 12 1 1 7 1 10 12 1 10 12 1 1 11 7 12 1 1 7 1 10 12 1 10 12 1 1 11 7 12 1 1 10 12 1 1 10 12 1 1 10 12 1 1 10 12 1 1 11 100 12 1 1 10 12 1 1 100 1 100 1 100 1 1 1 1 5 0 1 3 1 1 1 1 1 1 1 1 1 1 1 1 1 1 1 1 1 1 1 1 1 1 1 1 1 1 1 1 1 1 1 1 1 1 1 1 1 1 1 1 1 1 1 1 1 1 1 1 1 1 1 1 1 1 1 1 1 1 1 1 1 1 1 1 1 1 1 1 1 1 1 1 1 1 1 1 1 1 1 1 1 1 1 1 1 1 1 1 1 1 1 1 1 1 1 1 100 1 1 1 1 100 1 1 1 1 1 1 1 1 1 1 1 1 1 1 1 1 1 1 1 1 1 1 1 1 1 1 1 1 1 100 1 1 1 1 1 1 1 1 1 1 1 1 1 1 1 1 1 1 100 1 100 1 1 1 1 1 1
staticfield java/util/ArrayList EMPTY_ELEMENTDATA [Ljava/lang/Object; 0 [Ljava/lang/Object;
staticfield java/util/ArrayList DEFAULTCAPACITY_EMPTY_ELEMENTDATA [Ljava/lang/Object; 0 [Ljava/lang/Object;
ciInstanceKlass java/util/concurrent/ConcurrentHashMap 1 1 1210 7 1 7 1 3 10 12 1 1 3 100 1 10 7 12 1 1 1 100 1 10 100 12 1 1 1 100 1 11 12 1 1 11 12 1 11 12 1 1 9 12 1 1 9 12 1 1 9 12 1 10 7 12 1 1 1 7 1 10 12 1 1 10 12 1 1 10 7 12 1 1 1 4 10 12 1 9 12 1 10 12 1 1 100 1 10 5 0 10 12 1 10 12 1 1 5 0 10 12 1 1 10 12 1 9 12 1 1 10 12 1 1 9 12 1 9 12 1 1 10 12 1 1 9 12 1 10 12 1 1 9 12 1 1 10 12 1 1 100 1 10 7 1 10 12 1 10 12 1 1 10 12 1 1 10 12 1 1 10 12 1 10 12 1 1 10 12 1 1 100 1 10 12 1 1 7 1 100 1 8 1 10 12 1 10 12 1 1 10 12 1 1 11 7 12 1 1 10 12 1 1 11 12 1 1 11 7 12 1 1 1 11 7 12 1 1 1 11 12 1 7 1 11 12 1 11 12 1 10 12 1 1 10 12 1 1 9 12 1 1 10 100 12 1 1 1 9 10 12 1 1 9 12 1 10 12 1 1 5 0 9 12 1 1 7 1 10 12 1 9 12 1 1 7 1 10 12 1 9 12 1 7 1 10 100 1 10 10 12 1 1 8 1 10 12 1 10 12 1 1 11 100 1 10 12 1 10 100 12 1 1 1 8 1 10 100 12 1 1 1 8 1 10 12 1 8 1 10 12 1 10 12 1 1 10 100 12 1 1 10 12 1 10 12 1 10 12 1 9 12 1 9 10 12 1 9 12 1 1 11 7 12 1 1 1 11 100 12 1 1 1 100 1 10 12 11 100 12 1 1 10 11 7 12 1 10 12 1 100 1 10 12 1 7 1 10 10 9 7 12 1 1 1 10 12 3 10 100 12 1 1 9 12 1 10 12 1 1 9 12 1 1 9 12 1 10 12 1 1 10 7 12 1 1 9 12 1 9 7 12 1 1 10 12 1 1 10 12 1 3 9 12 1 9 12 1 10 12 1 1 7 1 9 3 9 12 1 100 1 10 12 1 9 12 1 10 12 1 9 12 1 10 12 1 9 12 1 10 100 12 1 1 1 100 10 12 1 100 1 5 0 10 100 12 1 1 100 1 10 12 1 1 10 12 1 10 12 1 100 1 10 12 1 10 100 1 100 1 10 10 12 1 10 100 1 10 12 1 10 100 1 10 12 1 10 100 1 10 12 1 1 100 1 10 12 1 10 10 12 1 100 1 10 12 1 10 10 12 1 100 1 10 12 1 10 100 1 10 12 1 10 100 1 10 12 1 10 100 1 10 12 1 10 100 1 10 12 1 10 100 1 10 12 1 10 100 1 10 12 1 10 100 1 10 12 1 10 100 1 10 10 100 1 10 10 100 1 10 10 100 1 10 12 1 10 100 1 10 12 1 10 100 1 10 12 1 10 100 1 10 12 1 10 100 1 10 12 1 10 100 1 10 10 100 1 10 10 100 1 10 10 100 1 10 12 1 10 100 1 10 12 1 10 100 1 10 12 1 10 100 1 10 12 1 10 100 1 10 12 1 10 10 12 1 10 7 12 1 1 1 10 12 1 7 1 7 1 10 12 1 9 12 1 1 9 12 1 1 10 12 1 1 8 10 12 1 1 8 8 8 8 7 10 12 1 1 10 12 1 100 1 8 1 10 7 1 100 1 100 1 1 1 5 0 1 1 3 1 3 1 1 1 1 3 1 3 1 3 1 1 1 1 1 3 1 3 1 3 1 1 1 1 1 1 1 1 1 1 1 1 1 1 1 1 1 1 1 1 1 1 1 1 1 100 1 1 1 1 1 1 1 1 1 1 1 1 1 1 1 1 1 1 1 1 1 1 1 1 1 1 1 1 1 1 1 1 1 1 1 1 1 1 1 1 1 1 1 1 1 1 1 1 1 1 1 1 1 1 1 1 1 1 1 1 1 1 1 1 1 1 1 1 1 1 1 1 1 1 1 1 1 1 1 1 1 1 1 1 100 1 1 1 1 1 1 1 1 1 1 1 100 1 1 1 1 1 1 1 1 1 1 1 1 1 1 1 1 1 1 1 1 1 1 1 1 1 1 1 1 1 1 1 1 1 1 1 1 1 1 1 1 1 1 1 1 1 1 1 1 1 1 1 1 1 1 1 1 1 1 1 1 1 1 1 1 1 1 1 1 1 1 1 1 1 1 1 1 1 1 1 1 1 1 1 1 1 1 1 1 1 1 1 1 1 1 1 1 1 1 1 1 1 1 1 1 1 1 1 1 1 1 1 1 1 1 1 1 1 1 1 1 1 1 1 1 1 1 1 1 1 1 1 1 1 1 1 1 1 1 1 1 1 1 1 1 1 1 1 1 1 1 1 1 1 1 1 1 1 1 1 1 1 1 1 1 1 1 1 1 1 1 1 1 1 1 1 1 1 1 1 1 1 1 1 1 1 1 1 1 1 1 1 1 1 1 1 1 1 1 1 1 1 1 1 1 1 1 1 1 1 1 1 1 1 1 1 1 1 1 1 1 1 1 1 100 1 100 1 100 1 100 1 100 1 100 1 100 1 100 1 100 1 1 1 1 1 1 1 1 1 1 1 1 1 1 1 1 1 1 1 1 1 1 1 1 1 1 1 1 1 1 1 1 1 1 1 1 1 1 1 1 1 1 1 1 1 1 1 1 1 1 1 1 1 1 1 1 1 1
staticfield java/util/concurrent/ConcurrentHashMap NCPU I 6
staticfield java/util/concurrent/ConcurrentHashMap serialPersistentFields [Ljava/io/ObjectStreamField; 3 [Ljava/io/ObjectStreamField;
staticfield java/util/concurrent/ConcurrentHashMap U Ljdk/internal/misc/Unsafe; jdk/internal/misc/Unsafe
staticfield java/util/concurrent/ConcurrentHashMap SIZECTL J 20
staticfield java/util/concurrent/ConcurrentHashMap TRANSFERINDEX J 32
staticfield java/util/concurrent/ConcurrentHashMap BASECOUNT J 24
staticfield java/util/concurrent/ConcurrentHashMap CELLSBUSY J 36
staticfield java/util/concurrent/ConcurrentHashMap CELLVALUE J 144
staticfield java/util/concurrent/ConcurrentHashMap ABASE I 16
staticfield java/util/concurrent/ConcurrentHashMap ASHIFT I 2
ciInstanceKlass java/lang/String 1 1 1396 10 7 12 1 1 1 8 1 9 7 12 1 1 1 9 12 1 1 9 12 1 1 10 12 1 10 12 1 1 10 12 1 1 9 12 1 1 10 7 12 1 1 1 10 7 1 10 7 12 1 1 1 10 12 1 1 10 12 1 1 10 12 1 10 12 1 1 10 12 1 10 7 12 1 1 1 9 7 12 1 1 1 10 7 12 1 1 1 10 12 1 1 10 12 1 1 10 12 1 1 10 12 1 1 10 12 1 1 9 7 12 1 1 10 12 9 7 12 1 1 3 10 7 12 1 1 1 7 1 11 12 1 1 11 12 1 11 12 1 1 10 100 12 1 1 1 10 12 1 1 9 100 12 1 1 1 10 12 1 1 10 12 1 11 12 1 1 10 12 1 1 10 12 10 12 1 1 10 100 12 1 1 1 10 7 12 1 1 1 10 12 1 1 7 1 100 1 10 12 1 10 12 1 10 12 1 1 100 1 10 12 1 1 100 1 10 12 1 1 10 12 1 1 10 10 12 1 100 1 100 1 7 1 10 12 1 10 12 1 1 10 12 1 1 10 12 1 10 12 1 1 10 12 1 1 10 7 12 1 1 7 1 11 11 12 1 11 12 1 10 12 1 1 10 12 1 10 12 10 12 1 1 10 10 100 12 1 1 1 10 100 12 1 1 10 12 1 1 10 100 12 1 1 10 12 1 10 12 1 1 10 12 1 1 10 12 1 10 12 1 10 12 1 1 100 1 10 12 1 1 10 12 10 12 1 10 12 1 1 10 100 12 1 1 1 10 12 1 10 12 1 1 10 12 1 10 12 1 3 3 10 12 1 10 12 1 1 10 12 1 1 10 12 1 1 10 12 1 10 12 1 1 10 12 1 1 10 12 1 10 12 1 10 12 1 10 12 1 1 10 12 1 10 12 1 10 12 1 10 12 1 10 12 1 10 12 1 10 100 1 10 8 1 10 12 1 1 10 12 1 8 1 10 12 1 1 10 12 10 12 1 8 1 10 10 12 1 1 10 12 1 1 10 12 1 10 12 1 1 10 12 10 100 1 10 10 12 1 10 12 1 10 12 1 10 10 12 1 10 12 1 1 10 12 1 100 1 10 10 12 1 100 1 10 10 12 1 10 12 1 1 10 12 1 10 12 1 1 10 10 12 1 1 10 100 1 10 10 12 1 10 12 1 1 10 12 1 1 10 100 1 10 12 1 10 12 1 10 12 1 10 12 1 1 10 12 1 11 7 1 11 12 10 12 1 10 12 1 1 10 12 1 1 10 10 12 1 10 12 1 9 12 1 1 11 7 12 1 1 1 10 10 12 1 10 12 1 1 10 10 12 1 10 12 1 10 12 1 1 9 12 1 10 12 1 1 10 10 12 1 1 10 12 10 10 12 1 10 12 10 10 12 10 10 12 1 10 12 1 10 12 10 10 12 10 12 1 10 12 10 12 10 10 12 1 10 12 1 1 10 12 1 10 10 12 1 10 7 12 1 1 1 10 12 1 1 10 10 7 12 1 1 1 11 10 12 1 10 12 1 1 10 12 1 1 10 7 12 1 1 1 10 12 1 10 10 12 1 10 12 1 10 12 1 10 100 12 1 1 10 12 1 100 1 100 1 8 1 10 10 10 12 1 8 1 10 12 1 3 3 7 1 10 10 12 1 10 12 1 10 12 1 1 10 12 1 1 11 7 12 1 1 1 7 1 10 12 1 1 10 12 1 10 12 1 1 10 12 1 1 8 1 10 12 1 1 10 12 1 11 7 12 1 1 1 11 7 12 1 1 11 12 1 1 10 12 1 10 12 1 1 10 10 7 12 1 1 1 10 12 1 10 12 1 10 10 12 10 12 1 1 10 10 12 1 10 10 12 1 10 10 12 1 10 10 12 1 10 12 1 1 10 10 12 1 8 1 10 12 1 1 18 12 1 1 11 100 12 1 1 1 7 1 3 18 12 1 18 12 1 8 1 10 100 12 1 1 1 11 12 1 1 10 12 10 10 12 1 10 11 12 1 1 10 12 1 1 11 12 1 18 3 11 10 12 1 11 11 10 12 1 10 12 1 1 8 1 10 12 1 10 12 1 10 12 1 1 10 10 12 1 11 100 12 1 7 1 100 1 10 12 1 7 1 10 10 7 12 1 1 1 100 1 10 7 1 10 10 12 1 10 10 12 1 8 1 10 10 12 1 8 1 8 1 10 12 1 10 12 1 10 10 12 10 100 12 1 1 10 100 12 1 1 10 7 12 1 1 8 1 10 12 1 10 12 1 1 10 10 12 8 1 8 1 10 8 1 8 1 8 1 8 1 10 12 1 10 12 1 8 1 10 100 12 1 1 1 10 12 10 12 1 1 10 12 10 10 12 10 12 7 1 9 12 1 1 7 1 10 100 1 100 1 100 1 100 1 1 1 1 1 1 5 0 1 1 1 1 1 3 1 3 1 1 1 1 1 1 1 1 1 1 1 1 1 1 1 100 1 1 1 100 1 1 1 1 1 1 1 1 1 1 1 1 1 1 1 1 1 1 1 1 1 1 1 1 1 1 1 100 1 1 1 1 1 1 1 1 1 100 1 1 1 1 1 1 1 1 1 1 1 1 1 1 1 1 1 1 1 1 1 1 1 1 1 1 1 1 1 1 1 1 1 1 1 1 1 1 1 1 1 1 1 1 1 1 1 1 1 1 1 1 1 1 1 1 1 1 1 1 1 1 1 1 1 1 1 1 1 1 1 1 1 1 1 1 1 1 1 1 1 1 1 1 1 1 1 1 1 1 1 1 1 1 1 1 1 1 1 1 1 1 1 1 1 1 1 1 1 1 1 1 1 1 1 1 1 1 1 1 1 1 1 1 1 1 1 1 1 1 1 1 1 1 1 1 1 1 1 1 1 1 1 1 1 1 1 1 1 1 1 1 1 1 1 1 1 1 1 1 1 1 1 1 1 1 1 1 1 100 1 1 1 1 1 1 1 1 1 1 1 1 1 1 1 1 1 1 1 1 1 1 1 1 100 1 1 1 1 1 1 1 1 1 1 1 1 1 7 1 1 1 1 1 1 1 1 1 1 1 1 1 1 1 15 10 100 12 1 1 1 16 15 10 12 16 15 10 12 15 10 12 15 10 12 1 1 1 1 100 1 100 1 1 1
staticfield java/lang/String COMPACT_STRINGS Z 1
staticfield java/lang/String serialPersistentFields [Ljava/io/ObjectStreamField; 0 [Ljava/io/ObjectStreamField;
staticfield java/lang/String CASE_INSENSITIVE_ORDER Ljava/util/Comparator; java/lang/String$CaseInsensitiveComparator
ciInstanceKlass java/security/ProtectionDomain 1 1 324 10 7 12 1 1 1 9 7 12 1 1 1 7 1 10 9 12 1 1 9 12 1 1 9 12 1 1 10 7 12 1 1 7 1 9 12 1 9 12 1 1 7 1 9 12 1 1 9 12 1 10 7 12 1 1 10 7 12 1 1 1 10 12 1 1 10 12 1 9 12 1 9 100 12 1 1 10 12 1 1 10 100 1 10 12 1 1 8 1 100 1 8 1 10 12 1 10 10 100 12 1 1 1 10 12 1 1 8 1 11 8 1 10 12 1 8 1 8 1 10 12 1 1 10 12 1 10 12 1 1 10 12 1 8 1 10 12 1 8 1 8 1 10 100 12 1 1 1 9 100 12 1 1 1 10 12 1 1 9 100 12 1 1 1 10 100 12 1 1 1 100 1 100 1 10 12 1 10 100 12 1 1 1 10 100 1 10 12 1 10 12 1 1 11 100 12 1 1 11 12 1 100 1 11 100 12 1 1 1 10 12 1 10 11 12 1 1 11 12 1 1 10 12 1 10 7 12 1 1 10 100 12 1 1 11 12 1 10 12 8 1 8 1 10 7 12 1 1 1 7 1 10 10 7 12 1 1 1 1 1 1 1 1 1 1 100 1 1 100 1 1 1 1 1 1 1 1 1 1 1 1 1 1 1 1 1 1 1 1 1 1 1 1 1 1 1 1 1 1 1 1 1 1 1 1 1 1 1 1 1 1 100 1 1 1 1 1 100 1 1 1 1 1
staticfield java/security/ProtectionDomain filePermCompatInPD Z 0
ciInstanceKlass java/security/CodeSource 1 1 395 10 7 12 1 1 1 9 7 12 1 1 1 9 12 1 1 9 12 1 1 9 12 1 1 10 7 12 1 1 1 9 12 1 1 10 7 12 1 1 10 7 10 7 12 1 1 1 10 100 12 1 1 1 10 12 1 1 7 1 10 10 7 12 1 1 1 10 7 12 1 1 1 10 12 1 1 10 12 1 7 1 10 12 1 1 10 12 1 1 10 12 1 1 10 12 1 10 10 10 12 1 1 10 7 12 1 1 1 10 12 1 10 12 1 10 12 1 8 1 10 12 1 10 12 1 10 12 1 1 10 12 1 8 1 10 12 1 1 10 100 1 10 10 12 1 1 8 1 10 12 1 10 12 1 10 12 1 8 1 8 1 9 12 1 1 100 1 8 1 10 12 1 10 12 1 1 8 1 10 12 1 8 1 8 1 8 1 10 100 12 1 1 10 12 1 1 10 12 1 10 12 1 1 10 12 1 1 10 12 1 1 100 1 100 1 10 12 1 10 12 10 12 1 1 10 100 12 1 1 10 12 1 100 1 10 12 10 8 1 10 12 1 10 12 1 10 12 1 1 100 1 10 12 1 1 100 1 100 1 8 1 8 1 10 10 12 1 1 10 100 12 1 1 1 100 1 10 12 10 12 1 1 11 100 12 1 1 10 10 12 1 11 10 12 1 8 1 100 1 10 12 1 10 12 1 1 10 12 1 11 12 1 1 11 100 1 1 1 1 5 0 1 1 1 1 1 1 1 1 1 1 1 1 1 1 1 1 1 1 1 1 1 1 1 1 1 1 1 1 1 1 1 1 1 1 1 1 1 1 1 1 1 1 1 1 1 1 1 1 1 1 1 1 1 1 1 1 1 1 1 1 1 1 1 1 1 100 1 1 1 1 1 1 1
ciInstanceKlass java/lang/StringBuilder 1 1 409 10 7 12 1 1 1 10 12 1 10 12 1 10 12 1 1 10 7 12 1 1 1 10 7 12 1 1 1 10 12 1 10 12 1 10 12 1 10 12 1 10 12 1 10 12 1 10 12 1 10 12 1 10 12 1 10 12 1 10 12 1 10 12 1 10 12 1 10 12 1 1 10 12 1 10 12 1 1 10 12 1 1 10 12 1 10 12 1 10 12 1 10 12 1 10 12 1 10 12 1 10 12 1 10 12 10 12 1 10 12 1 10 12 1 10 12 1 1 10 12 1 10 12 1 10 12 10 12 1 1 10 12 1 1 9 12 1 1 9 12 1 1 10 7 12 1 1 1 10 7 1 10 100 12 1 1 1 10 12 1 10 12 1 1 10 12 1 1 10 10 12 1 1 10 100 12 1 1 10 12 1 10 12 1 1 100 1 100 1 8 1 10 10 12 1 1 10 12 1 1 10 12 1 10 12 1 10 12 1 10 12 1 10 12 1 10 12 1 10 12 1 10 12 1 10 12 1 10 12 1 10 12 1 10 12 1 10 12 1 10 12 1 10 12 1 1 10 12 1 1 10 12 1 10 12 1 10 12 1 10 12 10 12 10 12 1 10 12 1 10 12 1 10 12 10 12 1 10 12 1 10 12 1 10 12 1 10 12 1 10 12 1 10 12 1 10 12 1 10 12 1 1 10 12 1 10 12 1 1 10 12 1 10 12 1 1 10 12 1 10 12 1 1 10 12 1 10 12 1 10 12 1 10 10 12 1 10 12 1 100 1 100 1 100 1 1 1 1 5 0 1 1 1 1 1 1 1 1 1 1 1 1 1 1 1 1 1 1 1 1 1 1 1 1 1 1 1 1 1 1 1 1 1 1 1 1 1 1 1 1 1 1 1 100 1 1 1 100 1 1 1 1 1 1 1 1 1 1
ciInstanceKlass jdk/internal/loader/ClassLoaders 1 1 183 10 100 12 1 1 1 10 7 12 1 1 1 10 12 1 1 10 100 12 1 1 1 9 7 12 1 1 1 9 12 1 1 9 12 1 1 7 1 11 100 12 1 1 1 100 1 11 12 1 1 11 12 1 1 10 100 12 1 1 1 10 100 12 1 1 1 100 1 100 1 10 7 12 1 1 1 9 12 1 1 10 12 1 1 7 1 10 12 1 1 10 12 1 7 1 8 1 10 7 12 1 1 1 10 12 1 1 7 1 10 12 1 10 12 1 10 12 1 8 1 10 7 12 1 1 8 1 8 1 10 12 1 7 1 10 12 1 10 12 1 10 12 1 1 1 1 1 1 1 1 1 1 1 1 1 1 1 1 1 1 1 1 100 1 1 1 1 1 1 1 1 1 1 1 1 1 1 1 1 1 1 1
staticfield jdk/internal/loader/ClassLoaders JLA Ljdk/internal/access/JavaLangAccess; java/lang/System$2
staticfield jdk/internal/loader/ClassLoaders BOOT_LOADER Ljdk/internal/loader/ClassLoaders$BootClassLoader; jdk/internal/loader/ClassLoaders$BootClassLoader
staticfield jdk/internal/loader/ClassLoaders PLATFORM_LOADER Ljdk/internal/loader/ClassLoaders$PlatformClassLoader; jdk/internal/loader/ClassLoaders$PlatformClassLoader
staticfield jdk/internal/loader/ClassLoaders APP_LOADER Ljdk/internal/loader/ClassLoaders$AppClassLoader; jdk/internal/loader/ClassLoaders$AppClassLoader
ciInstanceKlass jdk/internal/misc/Unsafe 1 1 1285 10 7 12 1 1 1 9 7 12 1 1 1 9 12 1 1 10 12 1 1 10 7 12 1 1 1 10 12 1 1 10 12 1 1 10 12 1 1 10 12 1 1 10 12 1 1 10 12 1 1 10 12 1 1 10 12 1 1 10 12 1 1 10 12 1 1 10 12 1 1 10 12 1 1 10 12 1 1 10 12 1 10 12 1 100 1 10 10 12 1 1 10 12 1 1 5 0 10 12 1 1 10 12 1 1 10 7 12 1 1 1 10 12 1 1 10 12 1 10 12 1 10 12 1 1 10 12 1 1 10 12 1 10 12 1 100 1 100 1 10 8 1 10 12 1 1 10 12 1 8 1 10 12 1 1 10 12 1 10 12 1 10 12 1 1 10 12 1 10 12 1 1 10 12 1 1 10 12 1 10 12 1 10 12 1 10 12 1 1 10 12 1 10 12 1 10 12 1 1 10 12 1 5 0 5 0 5 0 10 12 1 10 12 1 10 12 1 10 12 1 10 12 1 10 12 1 10 12 1 10 12 1 10 12 1 1 10 12 1 10 12 1 100 1 8 1 10 100 1 10 10 12 1 1 10 12 1 1 10 12 1 10 12 1 1 10 12 1 1 10 12 1 10 12 1 1 10 12 1 9 7 12 1 1 9 12 1 100 1 10 10 12 1 1 8 1 10 8 1 8 1 10 12 1 1 9 7 12 1 1 1 9 100 1 9 7 1 9 7 1 9 9 100 1 9 7 1 9 100 1 10 12 1 1 10 12 1 1 10 12 1 1 10 12 1 1 5 0 5 0 9 12 1 1 10 12 1 10 12 1 10 12 1 1 10 12 1 1 10 12 1 8 1 3 10 12 1 1 10 12 1 1 10 12 1 10 12 1 1 10 12 1 1 10 12 1 10 12 1 10 12 1 10 12 1 10 12 1 10 12 1 1 10 12 1 1 10 12 1 10 12 1 10 12 1 10 12 1 10 12 1 10 12 1 1 10 12 1 1 10 12 1 10 12 1 10 12 1 10 12 1 10 12 1 10 12 1 1 10 12 1 1 10 12 1 1 10 12 1 1 10 12 1 10 12 1 10 12 1 10 12 1 10 12 1 10 12 1 10 12 1 1 10 12 1 1 10 12 1 10 12 1 10 12 1 10 12 1 10 12 1 10 12 1 10 12 1 1 10 12 1 1 10 12 1 10 12 1 10 12 1 10 12 1 10 12 1 10 12 1 10 12 1 10 12 1 1 10 12 1 10 12 1 10 12 1 10 12 1 10 12 1 1 10 12 1 10 12 1 10 12 1 10 12 1 10 12 1 10 12 1 10 12 1 10 12 1 1 10 12 1 10 12 1 10 12 1 10 12 1 10 12 1 10 12 1 1 10 12 1 10 12 1 10 12 1 1 10 12 1 10 12 1 10 12 1 10 12 1 10 12 1 10 12 1 10 12 1 10 12 1 10 12 1 10 12 1 10 12 1 10 12 1 10 12 1 10 12 1 10 12 1 10 12 1 10 12 1 10 12 1 10 12 1 10 12 1 10 12 1 10 12 1 100 1 10 100 1 10 9 12 1 5 0 10 12 1 1 5 0 10 12 1 5 0 10 12 1 10 12 1 10 12 1 1 10 12 1 1 10 12 1 10 12 1 10 12 1 10 12 1 1 10 12 1 10 12 1 10 12 1 10 12 1 10 12 1 1 10 12 1 10 12 1 10 12 1 10 12 1 1 10 12 1 10 12 1 10 12 1 1 10 12 1 10 12 1 10 12 1 10 12 1 1 10 12 1 10 10 12 1 1 10 12 1 10 12 1 1 10 12 1 10 12 5 0 5 0 5 0 10 12 1 1 10 12 1 10 12 1 10 12 10 100 12 1 1 8 1 100 1 11 12 1 1 8 1 11 12 1 1 10 100 12 1 1 10 12 1 10 12 1 10 12 1 10 12 1 10 12 1 1 10 12 1 10 12 1 10 12 1 10 12 1 10 12 1 10 12 1 10 7 1 10 12 1 9 12 1 7 1 9 12 1 7 1 9 12 1 7 1 9 12 1 7 1 9 12 1 7 1 9 12 1 7 1 9 12 1 7 1 9 12 1 7 1 9 12 1 10 12 1 9 12 1 9 12 1 9 12 1 9 12 1 9 12 1 9 12 1 9 12 1 9 12 1 9 12 1 9 12 1 1 1 3 1 1 1 1 1 1 1 1 1 1 1 1 1 1 1 1 1 1 1 1 1 1 1 1 1 1 1 1 1 1 1 1 1 1 1 1 1 1 1 1 1 1 1 1 1 1 1 1 1 1 1 1 1 1 1 1 1 1 1 1 1 1 1 1 1 1 1 1 1 1 1 1 1 1 1 1 1 1 1 1 1 1 1 1 1 1 1 1 1 100 1 1 1 1 1 1 1 1 1 1 1 1 1 1 1 1 1 1 1 1 1 1 1 1 1 1 1 1 1 1 1 1 1 1 1 1 1 1 1 1 1 1 1 1 1 1 1 1 1 1 1 1 1 1 1 1 1 1 1 1 1 1 1 1 1 1 1 1 1 1 1 1 1 1 1 1 1 1 1 1 1 1 1 1 1 1 1 1 1 1 1 1 1 1 1 1 1 1 1 1 1 1 1 1 1 1 1 1 1 1 1 1 1 1 1 1 1 1 1 1 1 1 1 1 1 1 1 1 1 1 1 1 1 1 1 1 1 1 1 1 1 1 1 1 1 1 1 1 1 1 1 1 1 1 1 1 1 1 1 1 1 1 1 1 1 1 1 1 1 1 1 1 1 1 1 1 1 1 1 1 1 1 1 1 1 1 1 1 1 1 1 1 1 1 1 1 1 1 1 1 1 1 1 1 1 1 1 3 1 1 1 1 1 1 1 1 1 1 1 1 1 1 1 1 1 1 1 1 1
staticfield jdk/internal/misc/Unsafe theUnsafe Ljdk/internal/misc/Unsafe; jdk/internal/misc/Unsafe
staticfield jdk/internal/misc/Unsafe ARRAY_BOOLEAN_BASE_OFFSET I 16
staticfield jdk/internal/misc/Unsafe ARRAY_BYTE_BASE_OFFSET I 16
staticfield jdk/internal/misc/Unsafe ARRAY_SHORT_BASE_OFFSET I 16
staticfield jdk/internal/misc/Unsafe ARRAY_CHAR_BASE_OFFSET I 16
staticfield jdk/internal/misc/Unsafe ARRAY_INT_BASE_OFFSET I 16
staticfield jdk/internal/misc/Unsafe ARRAY_LONG_BASE_OFFSET I 16
staticfield jdk/internal/misc/Unsafe ARRAY_FLOAT_BASE_OFFSET I 16
staticfield jdk/internal/misc/Unsafe ARRAY_DOUBLE_BASE_OFFSET I 16
staticfield jdk/internal/misc/Unsafe ARRAY_OBJECT_BASE_OFFSET I 16
staticfield jdk/internal/misc/Unsafe ARRAY_BOOLEAN_INDEX_SCALE I 1
staticfield jdk/internal/misc/Unsafe ARRAY_BYTE_INDEX_SCALE I 1
staticfield jdk/internal/misc/Unsafe ARRAY_SHORT_INDEX_SCALE I 2
staticfield jdk/internal/misc/Unsafe ARRAY_CHAR_INDEX_SCALE I 2
staticfield jdk/internal/misc/Unsafe ARRAY_INT_INDEX_SCALE I 4
staticfield jdk/internal/misc/Unsafe ARRAY_LONG_INDEX_SCALE I 8
staticfield jdk/internal/misc/Unsafe ARRAY_FLOAT_INDEX_SCALE I 4
staticfield jdk/internal/misc/Unsafe ARRAY_DOUBLE_INDEX_SCALE I 8
staticfield jdk/internal/misc/Unsafe ARRAY_OBJECT_INDEX_SCALE I 4
staticfield jdk/internal/misc/Unsafe ADDRESS_SIZE I 8
ciInstanceKlass java/lang/ThreadGroup 1 1 293 10 7 12 1 1 1 9 7 12 1 1 1 8 1 9 12 1 1 7 1 9 12 1 9 12 1 1 10 12 1 1 10 12 1 1 10 12 1 10 12 1 1 10 12 1 9 12 1 1 10 12 1 1 10 12 1 9 12 1 10 100 12 1 1 1 9 12 1 9 12 1 1 10 7 12 1 1 1 100 10 12 1 1 10 7 12 1 1 1 10 100 12 1 9 12 1 10 12 1 1 10 12 1 1 9 12 1 1 10 12 1 1 10 12 1 10 12 1 10 12 1 1 10 12 1 1 10 12 1 10 12 1 10 10 12 1 10 12 1 10 100 1 10 10 12 1 10 12 1 10 12 1 7 10 12 1 9 12 1 1 10 12 1 1 8 1 10 100 12 1 1 1 10 12 1 1 10 12 1 1 10 12 1 1 11 100 1 100 1 9 12 1 100 1 10 8 1 10 12 1 1 10 12 1 1 8 1 10 12 1 10 100 12 1 1 1 10 12 1 1 10 100 1 8 1 10 8 1 10 12 1 8 1 1 1 1 1 1 1 1 1 1 1 1 1 1 1 1 1 3 1 1 1 1 1 1 1 1 1 1 1 1 1 1 1 1 1 1 1 1 1 1 1 1 1 1 1 1 1 1 1 1 1 1 1 1 1 1 1 1 1 1
instanceKlass org/eclipse/jdt/internal/compiler/util/Messages$MessagesProperties
instanceKlass org/springframework/beans/factory/support/ManagedProperties
instanceKlass java/security/Provider
instanceKlass org/springframework/core/SortedProperties
ciInstanceKlass java/util/Properties 1 1 651 10 7 12 1 1 1 100 1 10 7 12 1 1 7 1 10 12 1 9 12 1 1 9 12 1 1 9 12 1 1 10 7 12 1 1 1 10 12 1 1 8 1 10 7 12 1 1 1 7 1 10 12 1 10 12 1 1 8 1 10 12 1 7 1 10 12 10 12 1 1 9 12 1 1 10 12 1 1 7 1 10 12 1 10 12 1 10 12 1 1 100 1 8 1 10 12 1 10 12 1 10 12 1 1 10 12 1 100 1 3 10 10 100 12 1 1 1 10 12 1 10 12 1 1 8 1 10 12 1 10 12 1 1 8 1 10 100 12 1 1 10 12 1 1 10 12 1 10 12 1 1 100 1 10 12 1 10 12 1 1 100 1 9 100 12 1 1 1 10 12 1 10 12 1 1 100 1 10 10 10 12 1 1 11 7 12 1 1 1 11 7 12 1 1 1 11 12 1 1 7 1 11 12 1 11 12 1 10 12 1 1 8 1 10 12 1 10 12 1 100 1 10 10 12 1 1 10 100 12 1 1 9 100 12 1 1 10 12 1 1 10 100 12 1 1 1 100 1 100 1 100 1 10 8 1 8 1 10 12 1 10 12 1 10 12 1 1 10 10 12 1 1 10 12 1 1 7 1 10 10 12 1 11 7 12 1 1 10 7 12 1 1 1 8 1 10 100 12 1 1 11 8 1 10 100 1 11 10 12 1 10 12 1 10 12 1 10 12 1 1 10 12 1 1 10 12 1 1 10 12 1 10 12 1 10 10 12 1 10 12 1 10 12 1 10 10 12 1 1 10 12 1 1 7 1 10 10 12 1 10 12 1 10 12 1 10 12 1 10 12 1 1 10 12 1 1 10 12 1 10 12 1 10 12 1 1 10 12 10 12 1 1 10 12 1 1 10 12 1 10 12 1 1 10 12 1 1 10 12 100 1 10 11 100 12 1 1 4 11 10 12 1 1 10 100 12 1 1 11 12 1 10 12 1 1 10 100 12 1 1 10 12 1 100 1 8 1 10 12 1 10 10 100 12 1 1 1 100 1 6 0 10 12 1 1 11 100 12 1 1 1 10 12 1 10 12 1 1 1 1 1 5 0 1 1 1 1 1 1 1 1 1 1 1 1 1 1 1 1 1 1 1 1 1 1 1 1 1 1 1 1 1 1 1 1 1 1 1 1 1 1 1 1 100 1 1 1 1 1 1 1 1 1 1 1 1 1 1 1 1 1 1 1 1 100 1 1 1 1 1 1 1 100 1 100 1 1 1 1 100 1 1 1 1 1 1 1 1 1 1 1 1 1 1 1 1 1 1 1 1 1 1 1 1 1 1 1 1 1 1 1 1 1 1 1 1 1 1 1 1 1 1 1 1 1 1 1 1 1 1 1 1 1 1 1 1 1 1 1 1 1 1 1 1 1 1 1 1 1 1 1 1 1 1 1 1 100 1 1 1 1 1 1 1 1 1 100 1 1 1
staticfield java/util/Properties UNSAFE Ljdk/internal/misc/Unsafe; jdk/internal/misc/Unsafe
instanceKlass java/util/Hashtable
ciInstanceKlass java/util/Dictionary 1 1 36 10 7 12 1 1 1 100 1 1 1 1 1 1 1 1 1 1 1 1 1 1 1 1 1 1 1 1 1 1 1 1 1 1 1 1
instanceKlass java/util/Properties
ciInstanceKlass java/util/Hashtable 1 1 512 100 1 10 7 12 1 1 1 9 7 12 1 1 1 100 1 100 1 10 8 1 10 12 1 1 10 12 1 10 12 1 1 10 12 1 10 7 12 1 1 1 8 1 10 12 1 9 12 1 1 7 1 9 12 1 1 4 10 7 12 1 1 1 9 12 1 4 10 12 1 11 100 12 1 1 1 10 12 1 1 10 12 1 1 9 12 1 10 12 1 1 100 1 10 9 12 1 1 10 7 12 1 1 1 9 12 1 1 10 12 1 10 12 1 3 9 12 1 9 12 1 3 10 12 1 10 12 1 10 12 1 1 11 12 1 1 11 100 12 1 1 1 11 100 12 1 1 1 11 12 1 100 1 11 12 1 11 12 1 10 12 1 1 10 12 1 1 10 12 1 9 12 1 1 9 12 9 12 1 1 10 100 1 100 1 10 12 1 10 8 1 10 10 12 1 8 1 10 8 1 10 7 12 1 1 1 7 1 10 12 1 10 12 1 7 1 10 12 1 10 12 1 1 100 1 10 7 1 10 10 12 1 1 11 12 1 1 11 12 1 100 1 10 10 10 100 12 1 1 11 100 12 1 1 1 100 1 10 11 100 12 1 1 11 100 12 1 10 12 1 10 12 1 1 10 100 12 1 1 10 12 1 1 10 12 1 1 10 12 1 1 10 100 12 1 1 1 8 10 100 12 1 1 100 1 8 1 10 4 10 12 4 10 12 1 8 1 10 12 10 100 12 1 1 1 100 1 11 100 12 1 1 1 10 100 12 1 1 1 10 12 1 10 12 1 1 10 100 1 100 1 1 1 1 1 1 5 0 1 1 1 1 1 3 1 3 1 3 1 1 1 1 1 1 1 1 1 1 1 1 1 1 1 1 1 1 1 1 1 1 1 1 1 100 1 1 1 1 1 1 1 1 1 1 1 1 1 1 1 1 1 1 1 1 1 1 1 1 1 1 1 1 1 100 1 1 1 1 1 1 1 1 1 1 1 1 1 1 1 1 1 1 1 1 1 1 1 1 1 1 1 1 1 1 1 1 1 1 1 1 1 1 1 1 1 1 1 1 1 1 1 1 1 1 1 1 1 1 1 1 1 1 100 1 1 1 100 1 1 1 1 1 100 1 1 1 1 1 1 1 1 1 1 1 1 1 1 1 1 1 1
instanceKlass sun/security/ssl/SSLSocketImpl$AppInputStream
instanceKlass java/util/jar/JarVerifier$VerifierStream
instanceKlass org/apache/catalina/webresources/TrackedInputStream
instanceKlass com/mongodb/client/gridfs/GridFSDownloadStream
instanceKlass jakarta/servlet/ServletInputStream
instanceKlass sun/nio/ch/NioSocketImpl$1
instanceKlass java/net/Socket$SocketInputStream
instanceKlass com/sun/org/apache/xerces/internal/impl/XMLEntityManager$RewindableInputStream
instanceKlass java/io/ObjectInputStream
instanceKlass sun/nio/ch/ChannelInputStream
instanceKlass java/util/zip/ZipFile$ZipFileInputStream
instanceKlass java/io/FilterInputStream
instanceKlass java/io/FileInputStream
instanceKlass java/io/ByteArrayInputStream
ciInstanceKlass java/io/InputStream 1 1 184 100 1 10 7 12 1 1 1 100 1 10 10 7 12 1 1 1 10 7 12 1 1 1 10 12 1 100 1 3 10 12 1 1 100 1 8 1 10 12 1 10 7 12 1 1 1 3 100 1 8 1 10 10 7 12 1 1 1 7 1 10 11 7 12 1 1 1 10 12 1 1 11 12 1 1 11 7 12 1 1 1 11 12 1 1 7 1 10 7 12 1 1 1 5 0 10 12 1 10 12 1 1 100 1 10 8 1 10 8 1 8 1 10 12 1 1 10 100 12 1 1 1 100 1 1 1 1 3 1 3 1 1 1 1 1 1 1 1 1 1 1 1 1 1 1 1 1 1 1 1 1 1 1 1 1 1 1 1 1 1 1 1 1 1 1 1 1 1 1 1 1 1 1 1 1 1 1 1 1 1 1 1 1
ciInstanceKlass java/io/ByteArrayInputStream 1 1 96 10 7 12 1 1 1 9 7 12 1 1 1 9 12 1 1 9 12 1 9 12 1 10 100 12 1 1 1 10 7 12 1 1 1 10 7 12 1 1 1 10 100 12 1 1 1 10 12 1 1 10 7 12 1 1 1 1 1 1 1 1 1 1 1 1 1 1 1 1 1 1 1 1 1 1 1 1 1 1 1 100 1 1 1 1 1 1 1 1 1 1 1 1 1 1
instanceKlass jdk/internal/net/http/HttpClientImpl$SelectorManager
instanceKlass java/util/concurrent/ForkJoinWorkerThread
instanceKlass org/apache/tomcat/util/threads/TaskThread
instanceKlass org/springframework/boot/web/embedded/tomcat/TomcatWebServer$1
instanceKlass org/springframework/boot/autoconfigure/ssl/FileWatcher$WatcherThread
instanceKlass org/springframework/context/support/AbstractApplicationContext$1
instanceKlass java/util/logging/LogManager$Cleaner
instanceKlass jdk/internal/misc/InnocuousThread
instanceKlass java/lang/ref/Finalizer$FinalizerThread
instanceKlass java/lang/ref/Reference$ReferenceHandler
ciInstanceKlass java/lang/Thread 1 1 612 9 7 12 1 1 1 9 12 1 1 10 12 1 1 9 12 1 1 9 12 1 1 100 1 8 1 10 12 1 1 3 8 1 100 1 5 0 10 12 1 1 10 7 12 1 1 9 12 1 1 9 12 1 9 12 1 1 9 12 1 100 1 8 1 10 9 12 1 1 10 7 12 1 1 1 10 100 12 1 1 1 10 10 7 12 1 1 10 12 1 1 10 12 1 1 9 100 12 1 1 1 10 12 1 1 10 12 1 9 12 1 1 10 12 1 1 10 12 1 1 9 12 1 10 12 1 1 9 12 1 1 10 7 12 1 1 1 9 12 1 1 9 12 1 1 10 12 1 1 10 7 12 1 1 1 9 12 1 10 12 1 1 9 12 1 100 1 10 7 1 10 8 1 10 12 1 1 10 12 1 10 12 1 10 12 1 1 10 12 1 10 12 1 9 12 1 100 1 10 10 12 1 1 10 12 1 10 12 1 100 1 11 7 12 1 1 9 7 12 1 1 1 10 12 1 10 12 1 10 12 9 12 1 1 10 9 12 1 10 12 1 100 1 10 10 12 1 1 9 12 1 10 12 1 11 100 12 1 1 10 12 1 9 12 1 10 12 1 10 12 1 10 10 12 1 10 12 1 10 12 1 10 12 1 10 12 1 1 100 1 10 10 12 1 10 12 1 10 12 1 9 100 12 1 1 1 10 12 1 1 10 12 1 7 1 8 1 10 10 12 1 10 12 8 1 10 12 1 8 1 10 8 1 8 1 10 100 12 1 1 10 100 12 1 1 1 100 1 8 1 10 9 12 1 9 12 1 1 10 12 1 1 10 10 12 1 1 9 12 1 10 12 1 1 100 1 10 12 11 100 12 1 1 1 9 100 12 1 1 1 9 12 1 1 10 12 1 1 100 1 10 12 1 11 100 12 1 1 1 100 1 10 12 1 10 12 1 1 11 12 1 10 12 1 100 1 10 12 1 10 12 1 1 10 7 12 1 1 1 8 1 9 12 1 10 12 1 1 11 100 12 1 1 1 10 100 12 1 1 1 11 12 1 10 12 1 7 1 1 1 1 3 1 3 1 3 1 1 1 1 1 1 1 1 1 1 1 1 1 1 1 1 1 1 1 100 1 1 1 1 1 1 1 1 1 1 1 1 100 1 100 1 1 1 1 1 1 1 1 1 1 1 1 1 1 1 1 1 1 1 1 1 1 1 1 1 1 1 1 1 1 1 1 1 1 1 1 1 1 1 1 1 1 1 100 100 1 1 1 1 1 1 1 1 1 100 1 1 1 1 1 1 1 1 1 1 1 1 1 1 1 1 1 1 1 1 1 1 1 1 1 1 1 1 100 1 1 1 1 1 1 100 1 1 100 1 1 1 1 1 1
staticfield java/lang/Thread EMPTY_STACK_TRACE [Ljava/lang/StackTraceElement; 0 [Ljava/lang/StackTraceElement;
ciMethod java/lang/Thread interrupt ()V 0 0 4 0 -1
ciMethod java/lang/System nanoTime ()J 768 0 384 0 -1
instanceKlass java/lang/Exception
instanceKlass java/lang/Error
ciInstanceKlass java/lang/Throwable 1 1 393 10 7 12 1 1 1 9 7 12 1 1 1 9 12 1 1 9 12 1 9 12 1 1 9 12 1 10 12 1 1 9 12 1 1 10 12 1 1 10 12 1 100 1 100 1 10 8 1 10 12 1 1 8 1 10 100 12 1 1 10 10 12 1 100 1 8 1 10 10 12 1 1 10 7 12 1 1 10 12 1 8 1 9 100 12 1 1 1 10 12 1 1 100 1 10 12 10 12 1 100 1 10 10 7 12 1 1 1 11 100 12 1 1 1 10 100 12 1 1 1 10 12 1 1 10 12 1 1 8 1 10 12 1 10 12 1 1 8 1 8 1 10 12 1 1 10 12 1 8 1 8 1 9 12 1 1 10 100 12 1 1 100 1 10 11 12 1 8 1 8 1 10 7 12 1 1 8 1 10 12 1 8 1 100 1 10 12 1 9 12 1 1 10 12 1 10 7 12 1 9 12 1 1 10 12 1 1 100 1 8 1 10 12 1 10 100 12 1 1 10 12 1 1 100 1 10 100 12 1 1 1 10 12 1 11 100 12 1 1 1 11 100 12 1 1 1 11 12 1 8 1 10 12 1 1 8 1 10 10 9 100 12 1 1 1 8 1 10 12 1 1 10 100 1 8 1 10 11 12 1 1 8 1 9 12 1 10 100 12 1 1 11 9 12 1 1 11 12 1 1 100 10 12 1 10 12 1 1 100 1 1 1 1 5 0 1 1 1 1 1 1 1 1 1 1 1 1 1 100 1 1 1 1 1 1 1 1 1 1 1 1 1 1 1 1 1 1 1 1 1 1 1 1 1 1 1 1 1 1 1 1 1 1 1 1 1 1 1 1 1 1 100 1 100 1 1 1 1 1 1 1 1 1 1 1 1 1 1 1 1 1 1
staticfield java/lang/Throwable UNASSIGNED_STACK [Ljava/lang/StackTraceElement; 0 [Ljava/lang/StackTraceElement;
staticfield java/lang/Throwable SUPPRESSED_SENTINEL Ljava/util/List; java/util/Collections$EmptyList
staticfield java/lang/Throwable EMPTY_THROWABLE_ARRAY [Ljava/lang/Throwable; 0 [Ljava/lang/Throwable;
staticfield java/lang/Throwable $assertionsDisabled Z 1
instanceKlass org/apache/el/parser/ParseException
instanceKlass sun/security/ec/ECOperations$IntermediateValueException
instanceKlass jakarta/servlet/jsp/JspException
instanceKlass org/eclipse/jdt/internal/compiler/lookup/InferenceFailureException
instanceKlass org/eclipse/jdt/core/compiler/InvalidInputException
instanceKlass org/eclipse/jdt/internal/compiler/classfmt/ClassFormatException
instanceKlass javax/xml/stream/XMLStreamException
instanceKlass jakarta/websocket/EncodeException
instanceKlass org/apache/tomcat/websocket/AuthenticationException
instanceKlass org/apache/catalina/connector/CoyoteAdapter$RecycleRequiredException
instanceKlass jakarta/websocket/DeploymentException
instanceKlass java/lang/instrument/IllegalClassFormatException
instanceKlass org/ietf/jgss/GSSException
instanceKlass javax/management/JMException
instanceKlass org/springframework/validation/BindException
instanceKlass java/security/PrivilegedActionException
instanceKlass sun/security/pkcs11/wrapper/PKCS11Exception
instanceKlass org/apache/catalina/LifecycleException
instanceKlass java/beans/IntrospectionException
instanceKlass java/util/concurrent/ExecutionException
instanceKlass org/springframework/expression/AccessException
instanceKlass javax/xml/parsers/ParserConfigurationException
instanceKlass org/xml/sax/SAXException
instanceKlass java/lang/CloneNotSupportedException
instanceKlass jakarta/servlet/ServletException
instanceKlass ch/qos/logback/core/spi/ScanException
instanceKlass java/text/ParseException
instanceKlass sun/nio/fs/WindowsException
instanceKlass javax/naming/NamingException
instanceKlass java/net/URISyntaxException
instanceKlass java/util/concurrent/TimeoutException
instanceKlass java/lang/InterruptedException
instanceKlass ch/qos/logback/core/boolex/EvaluationException
instanceKlass java/security/GeneralSecurityException
instanceKlass ch/qos/logback/core/util/DynamicClassLoadingException
instanceKlass ch/qos/logback/core/util/IncompatibleClassException
instanceKlass ch/qos/logback/core/joran/spi/JoranException
instanceKlass java/io/IOException
instanceKlass java/lang/ReflectiveOperationException
instanceKlass java/lang/RuntimeException
ciInstanceKlass java/lang/Exception 1 1 40 10 7 12 1 1 1 10 12 1 10 12 1 10 12 1 10 12 1 100 1 1 1 1 5 0 1 1 1 1 1 1 1 1 1 1 1 1 1 1
instanceKlass java/lang/reflect/InvocationTargetException
instanceKlass java/lang/IllegalAccessException
instanceKlass java/lang/InstantiationException
instanceKlass java/lang/NoSuchFieldException
instanceKlass java/lang/NoSuchMethodException
instanceKlass java/lang/ClassNotFoundException
ciInstanceKlass java/lang/ReflectiveOperationException 1 1 34 10 7 12 1 1 1 10 12 1 10 12 1 10 12 1 100 1 1 1 1 5 0 1 1 1 1 1 1 1 1 1 1 1
instanceKlass org/springframework/data/mapping/model/MappingInstantiationException
instanceKlass com/mongodb/internal/operation/OperationHelper$ResourceSupplierInternalException
instanceKlass org/springframework/data/mapping/PropertyReferenceException
instanceKlass org/eclipse/jdt/internal/compiler/flow/UnconditionalFlowInfo$AssertionFailedException
instanceKlass org/eclipse/jdt/internal/compiler/lookup/Scope$MethodClashException
instanceKlass java/lang/NegativeArraySizeException
instanceKlass org/eclipse/jdt/internal/compiler/problem/ShouldNotImplement
instanceKlass org/eclipse/jdt/internal/compiler/problem/AbortCompilation
instanceKlass org/eclipse/jdt/internal/compiler/lookup/SourceTypeCollisionException
instanceKlass jakarta/el/ELException
instanceKlass java/nio/BufferOverflowException
instanceKlass org/springframework/cloud/configuration/CompatibilityNotMetException
instanceKlass com/google/gson/JsonParseException
instanceKlass org/springframework/validation/method/MethodValidationException
instanceKlass feign/FeignException
instanceKlass org/bson/json/JsonParseException
instanceKlass org/springframework/data/mapping/MappingException
instanceKlass com/mongodb/internal/connection/DefaultConnectionPool$MongoOpenConnectionInternalException
instanceKlass com/mongodb/MongoException
instanceKlass org/bson/codecs/configuration/CodecConfigurationException
instanceKlass org/bson/BSONException
instanceKlass org/apache/tomcat/util/threads/StopPooledThreadException
instanceKlass java/util/EmptyStackException
instanceKlass java/nio/BufferUnderflowException
instanceKlass org/apache/coyote/ProtocolException
instanceKlass javax/management/JMRuntimeException
instanceKlass org/springframework/boot/autoconfigure/ssl/BundleContentNotWatchableException
instanceKlass org/springframework/boot/ssl/NoSuchSslBundleException
instanceKlass org/springframework/boot/web/server/WebServerException
instanceKlass org/springframework/context/NoSuchMessageException
instanceKlass org/springframework/cglib/core/ClassNameReader$EarlyExitException
instanceKlass java/lang/reflect/InaccessibleObjectException
instanceKlass org/springframework/objenesis/ObjenesisException
instanceKlass org/springframework/cglib/core/CodeGenerationException
instanceKlass org/springframework/boot/autoconfigure/condition/OnBeanCondition$BeanTypeDeductionException
instanceKlass java/security/ProviderException
instanceKlass org/apache/juli/logging/LogConfigurationException
instanceKlass java/lang/reflect/MalformedParametersException
instanceKlass org/springframework/expression/ExpressionException
instanceKlass java/nio/file/FileSystemNotFoundException
instanceKlass org/springframework/boot/context/properties/bind/UnboundConfigurationPropertiesException
instanceKlass org/springframework/boot/context/config/ConfigDataException
instanceKlass org/springframework/boot/context/properties/bind/BindException
instanceKlass java/util/ConcurrentModificationException
instanceKlass java/time/DateTimeException
instanceKlass java/util/MissingResourceException
instanceKlass java/util/concurrent/RejectedExecutionException
instanceKlass java/lang/TypeNotPresentException
instanceKlass org/springframework/boot/context/properties/source/InvalidConfigurationPropertyNameException
instanceKlass org/springframework/core/NestedRuntimeException
instanceKlass java/util/NoSuchElementException
instanceKlass java/lang/reflect/UndeclaredThrowableException
instanceKlass java/io/UncheckedIOException
instanceKlass ch/qos/logback/core/LogbackException
instanceKlass java/lang/IndexOutOfBoundsException
instanceKlass java/lang/SecurityException
instanceKlass java/lang/UnsupportedOperationException
instanceKlass org/springframework/boot/SpringApplication$AbandonedRunException
instanceKlass java/lang/IllegalStateException
instanceKlass org/springframework/boot/AotInitializerNotFoundException
instanceKlass java/lang/IllegalArgumentException
instanceKlass java/lang/ArithmeticException
instanceKlass java/lang/NullPointerException
instanceKlass java/lang/IllegalMonitorStateException
instanceKlass java/lang/ArrayStoreException
instanceKlass java/lang/ClassCastException
ciInstanceKlass java/lang/RuntimeException 1 1 40 10 7 12 1 1 1 10 12 1 10 12 1 10 12 1 10 12 1 100 1 1 1 1 5 0 1 1 1 1 1 1 1 1 1 1 1 1 1 1
instanceKlass org/apache/el/parser/TokenMgrError
instanceKlass org/apache/el/parser/ELParser$LookaheadSuccess
instanceKlass java/lang/AssertionError
instanceKlass java/util/ServiceConfigurationError
instanceKlass java/lang/VirtualMachineError
instanceKlass java/lang/LinkageError
instanceKlass java/lang/ThreadDeath
ciInstanceKlass java/lang/Error 1 1 40 10 7 12 1 1 1 10 12 1 10 12 1 10 12 1 10 12 1 100 1 1 1 1 5 0 1 1 1 1 1 1 1 1 1 1 1 1 1 1
instanceKlass java/lang/StackOverflowError
instanceKlass java/lang/OutOfMemoryError
instanceKlass java/lang/InternalError
ciInstanceKlass java/lang/VirtualMachineError 1 1 34 10 100 12 1 1 1 10 12 1 10 12 1 10 12 1 100 1 1 1 1 5 0 1 1 1 1 1 1 1 1 1 1 1
ciInstanceKlass java/lang/StackOverflowError 1 1 26 10 100 12 1 1 1 10 12 1 100 1 1 1 1 5 0 1 1 1 1 1 1 1 1 1
instanceKlass java/lang/ExceptionInInitializerError
instanceKlass java/lang/UnsatisfiedLinkError
instanceKlass java/lang/ClassFormatError
instanceKlass java/lang/IncompatibleClassChangeError
instanceKlass java/lang/BootstrapMethodError
instanceKlass java/lang/NoClassDefFoundError
ciInstanceKlass java/lang/LinkageError 1 1 31 10 7 12 1 1 1 10 12 1 10 12 1 100 1 1 1 1 5 0 1 1 1 1 1 1 1 1 1 1 1
ciInstanceKlass java/lang/ArrayStoreException 1 1 26 10 100 12 1 1 1 10 12 1 100 1 1 1 1 5 0 1 1 1 1 1 1 1 1 1
ciInstanceKlass java/lang/ThreadDeath 0 0 21 10 100 12 1 1 1 100 1 1 1 1 5 0 1 1 1 1 1 1 1
ciInstanceKlass java/lang/StackTraceElement 1 1 224 10 7 12 1 1 1 10 7 12 1 1 9 12 1 1 9 12 1 1 9 12 1 9 12 1 8 1 10 100 12 1 1 1 100 1 9 12 1 8 1 9 12 1 9 12 1 9 12 1 1 8 1 10 12 1 1 10 12 1 100 1 10 10 12 1 1 8 1 10 12 1 1 10 12 1 8 1 8 1 8 1 10 12 1 8 1 8 1 10 12 1 8 1 8 1 10 12 1 1 10 12 1 10 12 1 1 10 12 1 9 12 1 1 10 7 12 1 1 1 10 12 1 1 7 1 10 12 1 1 10 7 12 1 1 10 7 12 1 1 1 10 7 12 1 1 10 7 12 1 1 10 10 12 1 1 10 12 1 10 12 1 1 100 1 1 1 1 1 3 1 3 1 1 5 0 1 1 1 1 1 1 1 1 1 1 1 1 1 1 1 1 1 1 1 1 1 1 1 1 1 1 100 1 100 1 1 1 1 1 1 1 1 1 1 100 1 1 1 1 1 1 1 1
instanceKlass java/util/Hashtable$ValueCollection
instanceKlass org/springframework/boot/web/servlet/ServletContextInitializerBeans
instanceKlass java/util/TreeMap$Values
instanceKlass com/fasterxml/jackson/databind/util/internal/LinkedDeque
instanceKlass java/util/concurrent/ConcurrentLinkedDeque
instanceKlass java/util/LinkedHashMap$LinkedValues
instanceKlass java/util/IdentityHashMap$Values
instanceKlass java/util/HashMap$Values
instanceKlass java/util/AbstractQueue
instanceKlass java/util/ArrayDeque
instanceKlass java/util/AbstractSet
instanceKlass java/util/ImmutableCollections$AbstractImmutableCollection
instanceKlass java/util/AbstractList
ciInstanceKlass java/util/AbstractCollection 1 1 160 10 7 12 1 1 1 10 7 12 1 1 1 10 12 1 1 11 7 12 1 1 1 11 12 1 1 10 12 1 1 10 100 12 1 1 1 10 12 1 1 10 12 1 1 10 7 12 1 1 10 7 12 1 1 1 7 1 10 100 12 1 1 1 10 100 12 1 1 1 100 1 10 11 12 1 11 7 1 10 12 1 10 12 1 10 7 12 1 1 1 11 8 1 7 1 10 10 12 1 1 8 1 10 12 1 10 12 1 1 1 1 1 1 1 1 1 1 1 1 1 1 1 1 1 1 1 1 1 1 1 1 1 1 1 1 1 1 1 1 1 1 1 1 1 1 1 1 1 1 1 1 1 1 1 1 1 1 1 1
ciInstanceKlass java/lang/Boolean 1 1 151 10 7 12 1 1 1 9 7 12 1 1 1 10 12 1 1 10 12 1 8 1 10 7 12 1 1 9 12 1 1 9 12 1 8 1 10 12 1 1 10 12 1 1 10 7 12 1 1 1 100 1 100 1 10 12 1 1 9 100 12 1 1 9 12 10 100 12 1 1 1 10 12 1 1 8 1 10 7 12 1 1 1 9 12 1 1 100 1 100 1 100 1 1 1 1 1 1 5 0 1 1 1 1 1 1 1 1 1 1 3 1 1 1 1 1 1 1 1 1 1 1 1 1 1 1 1 1 1 1 1 100 1 1 1 1 1 1 1 1 1 1 100 1 1 1 1 1 1 1 1
staticfield java/lang/Boolean TRUE Ljava/lang/Boolean; java/lang/Boolean
staticfield java/lang/Boolean FALSE Ljava/lang/Boolean; java/lang/Boolean
staticfield java/lang/Boolean TYPE Ljava/lang/Class; java/lang/Class
instanceKlass java/util/concurrent/locks/AbstractQueuedSynchronizer
ciInstanceKlass java/util/concurrent/locks/AbstractOwnableSynchronizer 1 1 32 10 7 12 1 1 1 9 7 12 1 1 1 100 1 1 1 1 5 0 1 1 1 1 1 1 1 1 1 1 1 1
instanceKlass java/util/concurrent/Semaphore$Sync
instanceKlass org/apache/tomcat/util/threads/ThreadPoolExecutor$Worker
instanceKlass org/apache/tomcat/util/threads/LimitLatch$Sync
instanceKlass java/util/concurrent/locks/ReentrantReadWriteLock$Sync
instanceKlass java/util/concurrent/ThreadPoolExecutor$Worker
instanceKlass java/util/concurrent/CountDownLatch$Sync
instanceKlass java/util/concurrent/locks/ReentrantLock$Sync
ciInstanceKlass java/util/concurrent/locks/AbstractQueuedSynchronizer 1 1 349 10 7 12 1 1 1 9 7 12 1 1 1 9 12 1 1 9 12 1 1 10 7 12 1 1 1 9 12 1 10 12 1 1 7 1 10 9 12 1 9 12 1 1 10 7 12 1 1 1 10 12 1 10 12 1 1 9 12 1 9 12 1 9 12 1 1 10 7 12 1 1 1 9 12 1 10 12 1 1 100 1 10 7 12 1 1 1 9 12 1 10 12 1 10 12 1 10 12 1 10 12 1 1 100 1 10 12 1 1 10 12 1 10 12 1 10 10 12 1 1 10 100 12 1 1 1 10 12 1 1 10 12 1 10 12 1 1 10 12 1 10 12 1 10 12 1 3 100 1 10 10 12 1 1 100 1 10 10 12 1 10 12 1 100 1 10 10 12 1 100 1 10 10 12 1 1 100 1 10 10 100 12 1 1 1 10 12 1 1 8 1 10 12 1 1 10 12 1 8 1 10 12 1 8 1 8 1 8 1 10 10 100 12 1 1 1 10 12 1 1 100 1 8 1 10 12 1 10 12 1 10 12 1 10 12 1 1 10 12 1 1 8 10 12 1 1 8 8 100 1 1 1 5 0 1 3 1 1 3 1 1 1 1 1 1 1 1 1 1 1 1 1 1 1 1 1 1 1 1 1 1 1 1 1 1 1 1 1 1 1 1 1 1 1 1 1 1 1 1 1 1 1 1 1 1 1 1 1 1 1 1 1 1 1 1 1 1 1 1 1 1 1 1 1 1 1 1 1 1 100 1 1 1 1 1 1 1 1 1 1 100 1 1 1 1 1 1 1
staticfield java/util/concurrent/locks/AbstractQueuedSynchronizer U Ljdk/internal/misc/Unsafe; jdk/internal/misc/Unsafe
staticfield java/util/concurrent/locks/AbstractQueuedSynchronizer STATE J 16
staticfield java/util/concurrent/locks/AbstractQueuedSynchronizer HEAD J 20
staticfield java/util/concurrent/locks/AbstractQueuedSynchronizer TAIL J 24
instanceKlass java/util/concurrent/locks/ReentrantLock$FairSync
instanceKlass java/util/concurrent/locks/ReentrantLock$NonfairSync
ciInstanceKlass java/util/concurrent/locks/ReentrantLock$Sync 1 1 127 10 7 12 1 1 1 10 7 12 1 1 1 10 7 12 1 1 1 10 12 1 1 10 12 1 1 10 12 1 100 1 8 1 10 12 1 10 12 1 1 10 12 1 1 10 12 1 10 12 1 100 1 10 10 12 1 10 12 1 1 100 1 10 7 1 10 12 1 10 12 1 10 100 12 1 1 1 1 1 5 0 1 1 1 1 1 1 1 1 1 1 1 1 1 1 1 1 1 1 1 1 1 1 1 1 1 1 1 1 1 1 1 1 1 100 1 100 1 1 1 1 100 1 1 1 1
ciInstanceKlass java/util/concurrent/locks/ReentrantLock$NonfairSync 1 1 69 10 7 12 1 1 1 10 7 12 1 1 1 10 7 12 1 1 1 10 12 1 1 10 12 1 10 12 1 1 100 1 8 1 10 12 1 10 12 1 1 1 1 1 5 0 1 1 1 1 1 1 1 1 1 1 1 1 1 1 1 1 1 1 100 1 1 1 1
ciMethod java/util/concurrent/locks/AbstractQueuedSynchronizer tryAcquireShared (I)I 0 0 1 0 -1
ciMethod java/util/concurrent/locks/AbstractQueuedSynchronizer tryAcquire (I)Z 0 0 1 0 -1
ciMethod java/util/concurrent/locks/AbstractQueuedSynchronizer getState ()I 262 0 131 0 0
ciMethod java/util/concurrent/locks/AbstractQueuedSynchronizer acquire (Ljava/util/concurrent/locks/AbstractQueuedSynchronizer$Node;IZZZJ)I 12 2 5126 0 -1
ciMethod java/util/concurrent/locks/AbstractQueuedSynchronizer tryInitializeHead ()V 6 0 4 0 0
ciMethod java/util/concurrent/locks/AbstractQueuedSynchronizer casTail (Ljava/util/concurrent/locks/AbstractQueuedSynchronizer$Node;Ljava/util/concurrent/locks/AbstractQueuedSynchronizer$Node;)Z 296 0 1172 0 320
ciMethod java/util/concurrent/locks/AbstractQueuedSynchronizer cleanQueue ()V 0 0 1 0 0
ciMethod java/util/concurrent/locks/AbstractQueuedSynchronizer cancelAcquire (Ljava/util/concurrent/locks/AbstractQueuedSynchronizer$Node;ZZ)I 0 0 1 0 -1
ciMethod java/util/concurrent/locks/AbstractQueuedSynchronizer signalNextIfShared (Ljava/util/concurrent/locks/AbstractQueuedSynchronizer$Node;)V 0 0 1 0 -1
ciMethod java/util/concurrent/locks/AbstractQueuedSynchronizer signalNext (Ljava/util/concurrent/locks/AbstractQueuedSynchronizer$Node;)V 4100 0 7678 0 -1
ciMethod java/util/concurrent/locks/AbstractQueuedSynchronizer compareAndSetState (II)Z 770 0 1486 0 96
instanceKlass java/lang/LiveStackFrameInfo
ciInstanceKlass java/lang/StackFrameInfo 1 1 132 10 7 12 1 1 1 9 7 12 1 1 1 9 7 1 9 12 1 1 11 7 12 1 1 1 9 12 1 1 11 12 1 1 10 12 1 1 10 100 12 1 1 1 10 12 1 11 12 1 11 12 1 1 11 12 1 10 12 1 1 9 12 1 1 10 12 1 1 10 100 12 1 1 10 12 1 1 11 12 1 1 10 12 1 9 12 1 1 10 12 1 1 100 1 8 1 10 12 1 10 7 12 1 1 1 100 1 1 1 1 1 1 1 1 1 1 1 1 1 1 1 1 1 1 100 1 1 1 1 1 1
staticfield java/lang/StackFrameInfo JLIA Ljdk/internal/access/JavaLangInvokeAccess; java/lang/invoke/MethodHandleImpl$1
ciInstanceKlass java/lang/LiveStackFrameInfo 0 0 97 10 100 12 1 1 1 9 100 12 1 1 1 9 12 1 9 12 1 9 12 1 9 12 1 1 100 1 10 12 1 1 10 12 1 8 1 10 12 1 1 8 1 8 1 8 1 10 100 1 10 12 1 100 1 10 12 1 100 1 100 1 1 1 3 1 3 1 1 1 1 1 1 1 1 1 1 1 1 1 1 1 1 1 1 1 1 1 1 1 1 1 1 1 100 1 1
ciMethod java/util/concurrent/locks/AbstractOwnableSynchronizer setExclusiveOwnerThread (Ljava/lang/Thread;)V 256 0 128 0 0
ciInstanceKlass java/lang/Character 1 1 576 7 1 100 1 100 1 9 12 1 1 8 1 9 12 1 1 100 1 9 12 1 1 10 100 12 1 1 1 10 100 12 1 1 1 10 100 12 1 1 1 10 7 12 1 1 1 9 7 12 1 1 1 10 12 1 10 12 1 1 10 12 1 1 10 100 12 1 1 10 12 1 1 3 3 3 3 3 10 12 1 1 10 12 1 3 11 7 12 1 1 1 11 12 1 1 10 12 1 1 10 12 1 1 100 1 10 10 12 1 3 10 12 1 1 10 12 1 10 12 1 1 100 1 8 1 10 12 1 1 10 12 1 10 12 1 10 12 1 10 12 1 10 12 1 1 10 12 1 10 7 12 1 1 10 10 12 1 10 10 12 1 10 12 1 1 10 12 1 10 10 12 1 10 12 1 10 12 1 10 12 1 10 12 1 10 12 1 10 12 1 10 12 10 10 12 10 10 12 1 10 10 12 1 10 10 12 1 10 10 12 1 10 10 12 1 10 10 12 1 10 10 12 1 1 10 10 12 1 10 5 0 10 12 1 10 12 1 10 10 12 1 10 10 12 1 1 10 10 12 1 10 10 12 1 9 12 1 1 100 1 10 10 12 1 10 12 1 1 3 10 100 12 1 1 1 10 12 1 10 100 12 1 1 100 1 10 10 12 1 1 10 12 1 1 10 12 1 1 8 1 10 12 1 9 100 12 1 1 1 10 12 1 10 10 12 1 10 12 1 1 10 12 1 10 10 12 1 1 10 10 12 1 1 100 1 8 1 10 12 1 1 10 7 12 1 1 1 8 1 10 12 1 1 9 12 1 1 100 1 100 1 100 1 1 1 1 3 1 3 1 3 1 3 1 1 1 1 1 3 1 1 3 1 3 1 3 1 3 1 3 1 3 1 3 1 3 1 3 1 3 1 3 1 3 1 3 1 3 1 3 1 3 1 3 1 3 1 3 1 3 1 3 1 3 1 3 1 3 1 3 1 3 1 3 1 3 1 1 1 1 1 1 1 1 1 1 1 1 1 1 1 1 1 1 1 3 1 1 1 1 1 1 1 3 1 1 3 1 1 1 1 1 3 1 1 5 0 1 1 1 1 1 1 1 1 1 1 1 1 1 1 1 1 1 1 1 1 1 1 1 1 1 1 1 1 1 1 1 1 1 1 1 1 1 1 1 1 1 1 1 1 1 1 1 1 1 1 1 1 1 1 1 1 1 1 1 1 1 1 1 1 1 1 1 1 1 1 1 1 1 1 1 1 1 1 1 1 1 1 1 1 1 1 1 1 1 100 1 100 1 1 1 1 1 1
staticfield java/lang/Character TYPE Ljava/lang/Class; java/lang/Class
staticfield java/lang/Character $assertionsDisabled Z 1
ciInstanceKlass java/lang/Float 1 1 223 7 1 100 1 10 100 12 1 1 1 10 100 12 1 1 1 4 100 1 10 12 1 1 10 12 1 1 8 1 8 1 10 100 12 1 1 1 10 12 1 1 10 12 1 1 10 4 4 4 10 7 12 1 1 9 12 1 1 10 12 1 1 10 12 1 10 12 1 10 12 1 1 10 12 1 10 12 1 3 10 12 1 1 10 12 1 1 10 12 1 10 100 12 1 1 1 10 12 1 1 10 12 1 1 8 1 10 7 12 1 1 1 9 12 1 1 100 1 100 1 100 1 1 1 1 1 4 1 1 1 4 1 1 3 1 3 1 3 1 3 1 1 1 1 5 0 1 1 1 1 1 1 1 1 1 1 100 1 1 1 1 1 1 1 1 1 1 1 1 1 3 1 1 1 1 1 1 1 1 1 1 1 1 1 1 1 1 1 1 1 1 1 1 1 1 1 1 1 1 1 1 1 1 1 1 1 1 1 1 100 1 1 1 1 1 1 1 100 1 100 1 1
staticfield java/lang/Float TYPE Ljava/lang/Class; java/lang/Class
instanceKlass com/google/gson/internal/LazilyParsedNumber
instanceKlass org/bson/types/Decimal128
instanceKlass java/util/concurrent/atomic/Striped64
instanceKlass java/math/BigDecimal
instanceKlass java/math/BigInteger
instanceKlass java/util/concurrent/atomic/AtomicLong
instanceKlass java/util/concurrent/atomic/AtomicInteger
instanceKlass java/lang/Long
instanceKlass java/lang/Integer
instanceKlass java/lang/Short
instanceKlass java/lang/Byte
instanceKlass java/lang/Double
instanceKlass java/lang/Float
ciInstanceKlass java/lang/Number 1 1 37 10 7 12 1 1 1 10 100 12 1 1 1 100 1 1 1 1 5 0 1 1 1 1 1 1 1 1 1 1 1 1 1 1 1 1 1
ciInstanceKlass java/lang/Double 1 1 285 7 1 100 1 10 7 12 1 1 1 10 12 1 1 10 12 1 100 1 10 12 1 1 10 100 12 1 1 1 6 0 8 1 10 12 1 1 8 1 10 12 1 1 8 1 6 0 10 12 1 1 100 1 5 0 5 0 8 1 8 1 10 100 12 1 1 1 10 100 12 1 1 1 8 1 10 12 1 1 8 1 8 1 8 1 10 12 1 1 10 12 1 10 12 1 1 10 12 1 10 12 1 10 12 1 1 10 12 1 10 6 0 6 0 6 0 10 7 12 1 1 9 12 1 1 10 12 1 10 12 1 10 12 1 10 12 1 5 0 10 12 1 1 10 12 1 10 12 1 10 100 12 1 1 1 10 12 1 1 10 12 1 1 8 1 10 7 12 1 1 1 9 12 1 1 100 1 100 1 100 1 1 1 1 1 6 0 1 1 1 6 0 1 1 3 1 3 1 3 1 3 1 1 1 1 5 0 1 1 1 1 1 1 1 1 1 1 1 1 1 1 1 1 100 1 1 1 1 1 1 1 1 1 1 1 1 3 1 1 1 1 1 1 1 1 1 1 1 1 1 1 1 1 1 1 1 1 1 1 1 1 1 1 1 1 1 1 1 1 1 1 100 1 1 1 1 1 1 1 100 1 100 1 1
staticfield java/lang/Double TYPE Ljava/lang/Class; java/lang/Class
ciInstanceKlass java/lang/Byte 1 1 215 7 1 100 1 10 100 12 1 1 1 9 12 1 1 8 1 9 12 1 1 100 1 10 12 1 1 10 12 1 1 10 100 12 1 1 1 10 100 12 1 1 1 9 7 12 1 1 1 10 12 1 1 100 1 100 1 10 12 1 1 8 1 10 12 1 1 8 1 10 12 1 10 12 1 10 12 1 10 12 1 1 10 12 1 10 12 1 10 12 1 1 10 8 1 8 1 10 7 1 9 12 1 1 10 12 1 10 12 1 1 10 12 1 1 10 12 1 1 10 12 1 5 0 10 12 1 1 8 1 10 7 12 1 1 1 9 12 1 1 100 1 100 1 1 1 3 1 3 1 1 1 1 3 1 3 1 1 5 0 1 1 1 1 1 1 1 1 1 1 1 1 1 1 1 1 1 1 1 1 1 1 1 1 1 1 1 1 1 1 1 1 1 1 1 1 1 1 1 1 1 1 1 1 1 1 1 1 1 1 1 1 1 1 1
staticfield java/lang/Byte TYPE Ljava/lang/Class; java/lang/Class
ciInstanceKlass java/lang/Short 1 1 224 7 1 100 1 100 1 10 100 12 1 1 1 10 12 1 1 100 1 100 1 10 12 1 1 8 1 10 12 1 1 8 1 10 12 1 10 12 1 10 12 1 10 12 1 1 10 12 1 1 10 12 1 9 12 1 1 8 1 9 12 1 1 100 1 10 12 1 1 10 12 1 10 100 12 1 1 1 10 100 12 1 1 1 9 7 12 1 1 1 10 12 1 10 12 1 1 10 8 1 8 1 10 7 1 9 12 1 1 10 12 1 10 12 1 1 10 12 1 1 10 12 1 1 10 12 1 3 3 5 0 10 12 1 1 8 1 10 7 12 1 1 1 9 12 1 1 100 1 100 1 1 1 3 1 3 1 1 1 1 3 1 3 1 1 5 0 1 1 1 1 1 1 1 1 1 1 1 1 1 1 1 1 1 1 1 1 1 1 1 1 1 1 1 3 1 1 1 1 1 1 1 1 1 1 1 1 1 1 1 1 1 1 1 1 1 1 1 1 1 1 1 1 1
staticfield java/lang/Short TYPE Ljava/lang/Class; java/lang/Class
ciInstanceKlass java/lang/Integer 1 1 445 7 1 100 1 7 1 7 1 10 12 1 1 9 12 1 1 9 12 1 1 10 7 12 1 1 1 10 12 1 1 10 100 12 1 1 1 10 10 12 1 1 10 100 12 1 1 1 10 12 1 10 12 1 1 10 7 12 1 1 1 10 12 1 1 10 12 1 1 10 12 1 10 12 1 10 12 1 1 10 10 12 1 9 12 1 1 9 12 1 100 1 8 1 10 12 1 100 1 10 12 1 8 1 10 12 1 1 10 12 1 8 1 10 12 1 8 1 10 12 1 1 3 10 12 1 1 3 10 12 1 1 10 12 1 1 10 7 12 1 1 1 11 7 1 100 1 10 11 10 12 1 1 8 1 10 12 1 1 8 1 100 1 10 12 1 1 10 12 1 1 5 0 8 1 10 12 1 10 12 1 10 12 1 10 12 1 1 7 1 9 12 1 1 9 12 1 1 10 12 1 10 7 1 9 12 1 10 12 1 10 12 1 10 12 1 1 10 7 12 1 1 1 100 1 100 1 10 12 1 1 10 12 1 1 8 1 8 1 10 12 1 1 8 1 8 1 8 1 8 1 8 1 8 1 10 12 1 10 12 1 10 12 1 5 0 3 3 3 3 10 12 1 3 10 12 1 10 100 12 1 1 1 10 12 1 1 10 12 1 1 8 1 10 7 12 1 1 1 9 12 1 1 3 3 3 3 3 3 9 12 1 1 100 1 100 1 100 1 1 1 1 1 1 1 3 1 3 1 1 5 0 1 1 1 1 1 1 1 1 1 100 1 1 1 1 1 1 1 1 1 1 1 1 1 1 1 1 1 1 1 1 1 1 1 1 1 1 1 1 1 1 1 1 1 1 1 1 1 1 1 3 1 1 1 1 1 1 1 1 1 1 1 1 1 1 1 1 100 1 1 1 1 1 1 1 1 1 1 1 1 1 1 1 1 1 1 1 1 1 1 1 1 1 1 1 1 1 1 1 100 1 1 1 1 1 1 1 1 1 100 1 100 1 1
staticfield java/lang/Integer TYPE Ljava/lang/Class; java/lang/Class
staticfield java/lang/Integer digits [C 36
staticfield java/lang/Integer DigitTens [B 100
staticfield java/lang/Integer DigitOnes [B 100
staticfield java/lang/Integer sizeTable [I 10
ciInstanceKlass java/lang/Long 1 1 506 7 1 100 1 7 1 7 1 10 12 1 1 9 12 1 1 9 7 12 1 1 1 10 100 12 1 1 1 10 12 1 1 10 100 12 1 1 1 10 10 12 10 12 1 10 12 1 10 12 1 5 0 5 0 7 1 10 12 1 1 10 12 1 1 10 12 1 10 12 1 10 12 1 10 12 1 1 10 100 12 1 1 10 12 1 10 12 1 1 10 12 1 1 10 12 1 1 10 12 1 1 10 7 12 1 1 1 10 12 1 1 10 12 1 10 12 1 10 12 1 10 12 1 1 10 10 12 1 5 0 5 0 9 12 1 1 9 12 1 5 0 7 1 8 1 10 12 1 8 1 10 12 1 8 1 8 1 10 12 1 1 5 0 10 12 1 1 5 0 10 12 1 1 10 12 1 1 10 100 12 1 1 1 11 100 1 100 1 10 11 10 12 1 1 8 1 10 12 1 1 8 1 100 1 10 12 1 1 10 12 1 8 1 8 1 11 12 1 1 10 12 1 10 12 1 10 12 1 5 0 5 0 9 7 12 1 1 1 10 12 1 10 12 1 1 8 1 8 1 10 12 1 1 8 1 8 1 8 1 8 1 8 1 8 1 10 12 1 10 12 1 10 12 1 1 10 7 1 9 12 1 1 10 12 1 10 12 1 1 10 100 12 1 1 1 100 1 100 1 10 12 1 1 10 12 1 1 5 0 10 12 1 10 12 1 5 0 5 0 5 0 10 12 1 1 5 0 5 0 10 12 1 10 12 1 10 100 12 1 1 1 10 12 1 1 10 12 1 1 8 1 10 7 12 1 1 1 9 12 1 1 100 1 100 1 100 1 1 1 1 5 0 1 1 1 1 3 1 3 1 5 0 1 1 1 1 1 1 1 1 1 100 1 1 1 1 1 1 1 1 1 1 1 1 1 1 1 1 1 1 1 1 1 1 1 1 1 1 1 1 1 1 1 1 1 1 1 1 1 1 1 1 1 1 1 1 1 1 1 1 1 1 1 1 1 1 3 1 1 1 1 1 1 1 1 1 1 1 1 1 1 1 100 1 1 1 1 1 1 1 1 1 1 1 1 1 1 1 1 1 1 1 1 1 1 1 1 1 1 1 7 1 1 1 1 1 1 1 1 1 100 1 100 1 1
staticfield java/lang/Long TYPE Ljava/lang/Class; java/lang/Class
instanceKlass java/lang/ref/PhantomReference
instanceKlass java/lang/ref/FinalReference
instanceKlass java/lang/ref/WeakReference
instanceKlass java/lang/ref/SoftReference
ciInstanceKlass java/lang/ref/Reference 1 1 195 9 7 12 1 1 1 9 7 12 1 1 10 12 1 1 10 12 1 1 9 12 1 1 10 12 1 1 9 12 1 1 9 12 1 1 7 1 10 12 1 10 7 12 1 1 10 12 1 10 12 1 1 10 12 1 9 12 1 10 12 1 1 10 12 1 10 12 1 9 12 1 100 1 100 1 10 12 1 9 12 1 9 12 1 100 1 10 10 12 1 10 10 7 12 1 1 10 7 12 1 1 1 10 12 1 1 10 7 12 1 1 7 1 8 1 10 12 1 10 12 1 1 10 12 1 1 10 12 1 7 1 10 10 7 12 1 1 1 1 1 1 1 1 1 1 1 1 1 1 1 1 1 1 1 100 1 1 1 100 1 1 1 1 1 1 1 1 1 1 1 1 1 1 1 1 1 1 1 1 1 1 1 1 1 1 1 1 1 1 1 1 1 1 1
staticfield java/lang/ref/Reference processPendingLock Ljava/lang/Object; java/lang/Object
staticfield java/lang/ref/Reference $assertionsDisabled Z 1
instanceKlass sun/security/util/MemoryCache$SoftCacheEntry
instanceKlass java/util/ResourceBundle$BundleReference
instanceKlass sun/util/locale/provider/LocaleResources$ResourceReference
instanceKlass sun/util/resources/Bundles$BundleReference
instanceKlass org/springframework/util/ConcurrentReferenceHashMap$SoftEntryReference
instanceKlass java/lang/invoke/LambdaFormEditor$Transform
instanceKlass sun/util/locale/LocaleObjectCache$CacheEntry
ciInstanceKlass java/lang/ref/SoftReference 1 1 47 10 7 12 1 1 1 9 7 12 1 1 1 9 12 1 10 12 1 10 12 1 1 1 1 1 1 1 1 1 1 1 1 1 1 1 1 1 1 1 1 100 1 1 1 1 1
instanceKlass org/springframework/util/ConcurrentReferenceHashMap$WeakEntryReference
instanceKlass org/apache/tomcat/util/collections/ManagedConcurrentWeakHashMap$Key
instanceKlass org/springframework/cglib/core/WeakCacheKey
instanceKlass java/util/ResourceBundle$KeyElementReference
instanceKlass java/util/logging/LogManager$LoggerWeakRef
instanceKlass java/util/logging/Level$KnownLevel
instanceKlass java/lang/WeakPairMap$WeakRefPeer
instanceKlass java/lang/ClassValue$Entry
instanceKlass java/lang/invoke/MethodType$ConcurrentWeakInternSet$WeakEntry
instanceKlass java/lang/ThreadLocal$ThreadLocalMap$Entry
instanceKlass java/util/WeakHashMap$Entry
ciInstanceKlass java/lang/ref/WeakReference 1 1 31 10 7 12 1 1 1 10 12 1 100 1 1 1 1 1 1 1 1 1 1 1 1 1 1 1 1 1 1 1 1
instanceKlass java/lang/ref/Finalizer
ciInstanceKlass java/lang/ref/FinalReference 1 1 47 10 7 12 1 1 1 10 7 12 1 1 1 10 12 1 1 100 1 8 1 10 12 1 1 1 1 1 1 1 1 1 1 1 1 1 1 1 1 1 1 1 1 1 1 1 1
ciInstanceKlass java/lang/ref/Finalizer 1 1 152 9 7 12 1 1 1 10 7 12 1 1 1 9 12 1 1 9 12 1 1 9 12 1 9 12 1 10 12 1 10 12 1 1 9 12 1 1 100 1 10 12 1 7 1 11 7 12 1 1 100 1 10 12 1 100 1 10 12 1 10 100 12 1 1 1 10 100 12 1 1 1 100 1 10 10 12 1 10 7 12 1 1 1 7 1 10 7 1 10 10 7 12 1 1 1 10 12 1 1 10 7 12 1 1 7 1 10 12 1 10 12 1 1 10 12 1 1 10 12 1 1 1 1 1 1 1 1 1 1 1 1 1 1 1 1 1 1 1 1 1 1 1 1 1 1 1 1 1 1 1 1
staticfield java/lang/ref/Finalizer lock Ljava/lang/Object; java/lang/Object
staticfield java/lang/ref/Finalizer $assertionsDisabled Z 1
instanceKlass jdk/internal/ref/PhantomCleanable
instanceKlass jdk/internal/ref/Cleaner
ciInstanceKlass java/lang/ref/PhantomReference 1 1 39 10 100 12 1 1 1 10 7 12 1 1 1 1 1 1 1 1 1 1 1 1 1 1 1 1 1 1 1 1 1 1 1 1 1 1 1 1 1
instanceKlass java/lang/reflect/Executable
instanceKlass java/lang/reflect/Field
ciInstanceKlass java/lang/reflect/AccessibleObject 1 1 398 10 7 12 1 1 1 9 100 12 1 1 1 10 100 12 1 1 1 10 7 12 1 1 10 7 12 1 1 1 10 100 12 1 1 1 10 12 1 1 10 12 1 1 9 12 1 1 100 1 10 7 12 1 1 1 11 12 1 100 1 10 12 1 7 1 100 1 10 12 1 10 12 1 1 7 1 10 100 12 1 1 1 10 12 1 1 100 1 10 12 1 1 100 1 10 10 10 7 12 1 1 1 10 12 1 1 10 12 1 10 12 1 10 12 1 1 10 12 1 8 1 100 1 10 10 12 1 1 8 1 10 12 1 10 12 1 8 1 8 1 8 1 8 1 8 1 8 1 100 1 10 12 1 10 12 1 9 12 1 1 10 12 1 1 10 12 1 10 11 100 1 100 1 8 1 10 10 12 1 10 12 1 1 8 1 10 12 1 8 1 10 12 1 1 10 100 1 8 1 10 11 7 12 1 1 10 12 1 1 10 12 1 1 10 12 1 1 9 12 1 1 100 1 10 12 1 7 1 10 12 1 10 12 1 1 10 100 1 10 12 1 10 12 10 12 1 10 12 1 1 10 12 1 10 12 1 1 10 12 1 9 12 1 10 100 12 1 1 8 1 10 100 12 1 1 1 8 1 10 100 12 1 1 1 9 12 1 100 1 10 7 1 10 10 7 12 1 1 1 7 1 10 10 7 12 1 1 1 7 1 9 12 1 1 1 1 1 1 1 1 1 1 1 1 1 1 1 1 1 1 1 1 1 1 1 1 1 1 1 1 1 1 1 1 1 1 1 1 1 1 1 1 1 1 1 1 1 1 1 1 1 1 1 1 1 1 1 1 1 1 1 1 1 1 1 1 1 1 1 1 1 1 1 1 1 1 1 1 1 1 1 1 1 1 1 1 1
staticfield java/lang/reflect/AccessibleObject reflectionFactory Ljdk/internal/reflect/ReflectionFactory; jdk/internal/reflect/ReflectionFactory
instanceKlass java/lang/reflect/Constructor
instanceKlass java/lang/reflect/Method
ciInstanceKlass java/lang/reflect/Executable 1 1 548 10 7 12 1 1 1 10 7 12 1 1 1 10 7 12 1 1 1 11 7 12 1 1 1 10 7 12 1 1 1 10 12 1 1 10 7 12 1 1 1 10 100 12 1 1 1 10 12 1 8 1 10 10 12 1 1 10 12 1 1 10 100 12 1 1 1 18 12 1 1 11 100 12 1 1 1 8 1 8 1 8 1 10 100 12 1 1 1 11 12 1 1 7 1 8 1 8 1 10 12 1 100 1 8 1 10 12 1 8 1 11 100 12 1 1 1 100 1 10 12 1 1 11 12 1 8 1 18 8 1 10 12 1 10 12 1 1 18 8 1 10 12 1 100 1 10 12 1 10 12 1 11 100 12 1 1 10 12 1 1 8 1 8 1 10 12 1 1 10 12 1 1 10 10 12 1 100 1 10 10 12 1 10 12 1 1 10 7 12 1 1 10 12 1 10 12 1 10 12 1 1 10 7 12 1 1 10 12 1 10 12 1 10 7 12 1 1 1 10 12 1 8 1 10 12 1 10 12 1 3 100 1 8 1 10 12 1 10 12 1 10 10 12 1 10 12 1 1 8 1 8 1 8 1 9 12 1 10 12 1 100 1 8 1 9 12 1 10 12 1 10 12 1 1 10 12 1 1 10 12 1 10 12 10 12 1 7 1 10 12 1 10 12 1 1 100 1 10 100 12 1 1 1 7 1 10 7 12 1 1 1 10 12 1 1 11 7 12 1 1 10 7 12 1 1 10 100 12 1 1 1 10 12 1 1 9 12 1 10 12 1 1 10 12 1 10 12 1 1 9 100 12 1 1 1 10 100 12 1 1 1 10 12 1 10 12 1 1 9 12 1 10 10 10 10 100 12 1 1 1 10 12 1 9 12 1 10 12 1 1 9 12 1 100 1 100 1 1 1 1 1 1 1 1 1 1 1 1 1 1 1 1 1 1 1 1 1 1 1 1 1 1 1 1 1 1 1 1 1 1 100 1 1 1 1 1 1 1 1 100 1 1 1 1 1 1 1 1 1 1 1 1 100 1 1 1 1 1 1 1 1 1 1 1 1 1 1 1 1 1 1 1 1 1 1 1 1 1 1 1 1 1 1 1 1 1 1 1 1 1 1 1 1 1 100 1 1 1 1 1 1 1 1 1 1 1 1 1 1 1 1 1 1 1 1 1 100 1 100 1 1 15 10 100 12 1 1 1 16 15 16 1 16 1 15 10 12 16 1 100 1 1 100 1 100 1 1
ciInstanceKlass java/lang/reflect/Constructor 1 1 429 10 7 12 1 1 1 10 7 12 1 1 9 7 12 1 1 1 10 12 1 1 10 12 1 1 10 7 12 1 1 9 12 1 1 10 7 12 1 1 1 9 12 1 1 9 12 1 1 9 12 1 9 12 1 1 9 12 1 9 12 1 1 9 12 1 1 9 12 1 100 1 8 1 10 12 1 10 12 1 9 12 1 1 10 7 12 1 1 10 7 12 1 1 1 10 12 1 1 10 12 1 1 10 12 1 7 1 100 1 8 1 10 10 12 1 10 12 1 10 12 1 1 10 12 1 1 100 1 10 7 12 1 1 10 12 1 1 10 12 1 10 12 1 1 10 7 12 1 1 1 10 100 12 1 1 10 12 1 1 10 12 1 10 100 12 1 1 1 8 1 10 10 12 1 100 1 8 1 10 12 1 10 12 1 1 10 12 1 1 10 12 1 10 12 1 10 12 1 1 10 12 1 1 9 12 1 1 10 12 1 1 10 12 1 1 10 12 1 8 1 10 12 1 1 11 7 12 1 1 1 10 12 1 1 10 12 1 10 12 1 9 12 1 1 10 7 12 1 1 1 10 12 1 1 10 12 1 1 10 12 1 1 10 12 1 1 10 12 1 9 100 12 1 1 10 12 1 10 12 1 10 12 1 100 1 8 1 10 10 12 1 1 10 12 1 10 10 12 1 1 10 12 1 1 10 100 12 1 1 1 11 100 12 1 1 1 10 12 1 1 9 100 12 1 1 1 10 100 12 1 1 1 10 12 1 1 1 1 1 1 1 1 1 1 1 1 1 1 1 1 1 1 1 1 1 1 1 1 1 1 1 1 1 1 1 1 1 1 1 1 1 1 1 1 1 1 1 1 1 1 1 1 1 1 1 100 1 100 1 100 1 100 1 1 1 1 1 1 1 1 1 1 1 1 1 1 1 1 1 1 1 1 1 1 1 1 1 1 1 1 1 1 1 1 1 100 1 1
ciInstanceKlass java/lang/reflect/Method 1 1 446 9 7 12 1 1 1 10 7 12 1 1 1 10 7 12 1 1 9 12 1 1 10 12 1 1 10 12 1 1 10 7 12 1 1 10 7 12 1 1 1 9 12 1 1 9 12 1 9 12 1 1 9 12 1 9 12 1 9 12 1 1 9 12 1 9 12 1 1 9 12 1 9 12 1 9 12 1 1 100 1 8 1 10 12 1 10 12 1 9 12 1 1 8 1 10 7 12 1 1 10 7 12 1 1 1 10 12 1 1 10 12 1 1 10 12 1 10 12 1 1 10 12 1 1 7 1 10 12 1 1 10 12 10 7 12 1 1 10 12 1 1 10 12 1 10 12 1 10 12 1 10 7 12 1 1 1 10 12 1 1 10 7 1 10 7 12 1 1 1 10 7 12 1 1 10 12 1 1 10 12 1 1 10 12 1 10 7 12 1 1 1 10 12 1 10 8 1 10 12 1 10 12 1 7 1 8 1 8 1 8 1 10 12 1 10 12 1 1 10 12 1 1 10 10 12 1 1 10 12 1 11 100 1 9 12 1 1 10 12 1 1 10 12 1 10 12 1 1 10 12 1 1 11 7 12 1 1 1 10 12 1 10 12 1 10 12 1 10 12 1 10 12 1 9 12 1 1 10 7 12 1 1 1 10 12 1 1 10 7 12 1 1 1 10 7 12 1 1 1 10 7 12 1 1 1 11 7 12 1 1 1 10 7 12 1 1 1 7 1 100 1 100 1 10 12 1 10 12 1 1 10 12 1 100 1 8 1 10 12 1 10 10 12 1 1 10 12 1 1 10 12 1 1 10 12 1 1 8 1 10 12 1 1 1 1 1 1 1 1 1 1 1 1 1 1 1 1 1 1 1 1 1 1 1 1 1 1 1 1 1 1 1 1 1 1 1 1 1 1 1 1 1 1 1 1 1 1 1 1 1 1 1 1 1 100 1 100 1 100 1 1 1 1 1 1 1 1 1 1 1 1 1 1 1 1 1 1 1 1 1 1 1 1 1 1
ciInstanceKlass java/lang/reflect/Field 1 1 437 9 7 12 1 1 1 10 12 1 1 10 7 12 1 1 1 10 7 12 1 1 9 12 1 1 10 12 1 1 10 12 1 1 10 7 12 1 1 10 7 12 1 1 1 9 12 1 1 9 12 1 9 12 1 9 12 1 1 9 12 1 1 9 12 1 9 12 1 1 9 12 1 1 100 1 8 1 10 12 1 10 12 1 9 12 1 1 9 12 1 10 12 1 10 7 12 1 1 10 12 1 1 10 12 1 1 10 12 1 10 12 1 1 7 1 10 12 1 1 10 12 1 1 10 12 1 1 10 12 1 10 12 1 10 7 1 10 7 12 1 1 100 1 10 8 1 10 12 1 1 10 12 1 1 8 1 10 12 10 12 1 8 1 8 1 10 11 100 1 9 12 1 10 12 1 1 10 12 1 1 11 7 12 1 1 1 11 12 1 1 11 12 1 1 11 12 1 1 11 12 1 1 11 12 1 1 11 12 1 1 11 12 1 1 11 12 1 1 11 12 1 1 11 12 1 1 11 12 1 1 11 12 1 1 11 12 1 1 11 12 1 1 11 12 1 1 11 12 1 1 11 12 1 1 10 12 1 10 7 12 1 1 10 12 1 10 12 1 1 10 12 9 12 1 1 10 7 12 1 1 1 10 12 1 1 10 7 12 1 1 10 12 1 1 11 7 1 10 12 1 100 1 10 100 12 1 1 1 10 7 12 1 1 1 9 12 1 10 7 12 1 1 1 11 7 12 1 1 1 10 12 1 1 10 12 1 1 9 100 12 1 1 1 10 100 12 1 1 1 10 12 1 1 100 1 1 1 1 1 1 1 1 1 1 1 1 1 1 1 1 1 1 1 1 1 1 1 1 1 1 1 1 1 1 1 1 1 1 1 100 1 1 1 1 1 1 1 1 1 1 1 1 1 1 1 1 1 1 1 1 1 1 1 1 1 1 1 1 1 1 1 1 1 1 100 1 1 1 1 1 1 1 1 100 1 1
ciInstanceKlass java/lang/reflect/Parameter 1 1 226 10 7 12 1 1 1 9 7 12 1 1 1 9 12 1 1 9 12 1 1 9 12 1 10 12 1 1 10 12 1 1 10 7 12 1 1 1 100 1 10 10 12 1 1 11 100 12 1 1 1 10 12 1 10 100 12 1 1 1 10 12 1 1 10 12 1 10 12 1 8 1 8 1 10 7 12 1 1 1 10 12 1 10 12 10 12 1 8 1 10 12 1 9 12 1 1 10 12 1 1 9 12 1 1 10 12 1 1 10 12 1 1 10 12 1 1 10 12 1 10 10 12 1 10 100 12 1 1 1 10 12 1 1 11 100 12 1 1 10 100 12 1 1 100 1 10 100 12 1 1 1 10 12 1 1 10 12 1 1 10 12 1 1 10 12 1 1 9 12 1 100 1 10 11 12 1 1 11 12 1 1 100 1 1 1 1 1 1 1 1 1 1 1 1 1 1 1 1 1 1 1 1 1 1 1 1 1 1 1 1 1 1 1 1 1 1 1 1 1 1 100 1 1 1 1
ciInstanceKlass java/lang/StringBuffer 1 1 470 10 7 12 1 1 1 10 12 1 10 12 1 10 12 1 1 9 7 12 1 1 1 10 12 1 1 10 12 1 10 12 1 1 9 12 1 1 10 12 1 10 12 1 1 10 12 1 1 10 12 1 10 12 1 1 10 12 1 10 12 1 1 10 12 1 1 10 100 12 1 1 1 10 12 1 1 10 12 1 10 12 1 10 12 1 10 12 1 10 12 1 10 12 1 10 12 1 10 12 1 10 12 1 10 12 1 10 12 1 10 12 1 10 12 1 10 12 1 1 10 12 1 10 12 1 1 10 12 1 1 10 10 12 1 1 10 12 1 10 12 1 10 12 1 10 12 1 10 12 1 10 12 1 10 12 10 12 1 10 12 1 10 12 1 10 12 1 1 10 12 1 10 12 1 10 10 12 1 1 10 12 1 1 9 12 1 1 10 7 12 1 1 1 10 7 1 10 10 100 12 1 1 1 10 10 12 1 10 8 10 100 12 1 1 1 8 10 12 1 8 1 10 12 1 10 12 1 10 100 12 1 1 1 10 100 12 1 1 1 7 1 10 12 100 1 8 1 10 10 12 1 1 10 12 1 1 10 12 1 1 10 12 1 10 12 1 10 12 1 10 12 1 10 12 1 10 12 1 10 12 1 10 12 1 10 12 1 10 12 1 10 12 1 10 12 1 10 12 1 10 12 1 10 12 1 10 12 1 10 12 10 12 10 12 1 10 12 1 10 12 1 10 12 10 12 1 10 12 1 10 12 1 10 12 1 10 12 1 10 12 1 10 12 1 10 12 1 10 12 1 10 12 1 10 12 1 7 1 10 12 1 9 7 12 1 1 1 9 7 1 9 12 1 1 100 1 100 1 100 1 1 1 1 5 0 1 1 1 1 1 1 1 1 1 1 1 1 1 1 1 1 1 1 1 1 1 1 1 1 1 1 1 1 1 1 1 1 1 1 1 1 1 1 1 1 1 1 1 1 1 1 1 1 1 1 1 1 1 1 1 1 1 1 1 1 100 1 1 1 1 1 100 1 1 1 1 1 1 1 1 1 1 1 1 1 1 1 1 1
staticfield java/lang/StringBuffer serialPersistentFields [Ljava/io/ObjectStreamField; 3 [Ljava/io/ObjectStreamField;
instanceKlass java/lang/StringBuilder
instanceKlass java/lang/StringBuffer
ciInstanceKlass java/lang/AbstractStringBuilder 1 1 547 7 1 7 1 10 7 12 1 1 1 9 7 12 1 1 1 9 12 1 9 12 1 1 9 12 1 1 10 7 12 1 1 1 10 12 1 1 3 3 10 12 1 10 12 1 1 11 7 1 100 1 100 1 10 8 1 10 12 1 10 12 1 10 12 1 1 10 12 1 10 12 1 10 12 1 9 12 1 1 10 12 1 1 10 7 12 1 1 1 10 10 12 1 10 12 1 10 12 1 1 10 12 1 1 10 7 12 1 1 1 10 7 12 1 1 1 100 1 8 1 10 10 12 1 1 100 1 10 12 10 12 1 1 10 10 12 1 1 10 12 1 1 10 12 1 1 10 12 1 1 100 1 10 10 12 1 10 7 12 1 1 1 10 12 1 1 10 12 1 10 12 1 1 10 10 12 1 1 10 12 10 12 1 10 12 1 1 10 12 1 1 10 12 1 1 10 12 1 10 10 12 1 1 10 12 1 10 12 1 1 8 1 10 12 1 1 10 12 1 10 12 1 10 12 1 10 12 1 10 12 1 10 12 1 10 7 12 1 1 10 12 1 10 12 1 10 7 12 1 1 1 10 12 1 10 12 1 10 12 1 10 12 1 10 12 1 1 10 12 1 10 12 1 1 10 12 1 1 10 10 7 12 1 1 1 10 12 1 10 12 1 10 12 1 1 10 12 1 10 12 1 10 12 1 10 12 1 10 12 1 10 12 1 10 12 1 10 12 1 10 12 1 1 10 12 1 10 12 1 10 12 10 12 1 1 18 12 1 1 100 1 10 100 12 1 1 1 18 10 12 1 1 10 12 1 10 12 1 1 11 12 1 10 12 1 10 12 1 10 10 12 1 10 8 1 8 1 8 1 10 10 100 1 10 12 1 100 1 10 100 1 10 100 1 1 1 3 1 1 1 1 1 1 1 1 1 1 100 1 1 1 1 1 1 1 1 1 1 1 1 1 1 1 1 1 1 1 1 1 1 1 1 1 1 1 1 1 1 1 1 1 1 1 1 1 1 1 1 1 1 1 1 1 1 1 1 1 1 1 1 1 1 1 1 1 1 1 1 1 1 1 1 1 1 1 1 1 1 1 1 1 1 1 1 1 1 1 1 1 1 1 1 1 1 1 1 1 1 1 1 1 1 1 1 1 100 1 1 100 1 1 1 1 1 100 1 1 1 1 1 1 15 10 100 12 1 1 1 16 1 15 10 12 16 15 10 12 1 1 1 1 100 1 100 1 1
staticfield java/lang/AbstractStringBuilder EMPTYVALUE [B 0
instanceKlass javax/crypto/JceSecurityManager
ciInstanceKlass java/lang/SecurityManager 1 1 576 10 7 12 1 1 1 9 7 12 1 1 1 10 7 12 1 1 1 100 1 8 1 10 12 1 10 12 1 1 10 100 12 1 1 1 10 100 1 10 100 1 10 9 100 12 1 1 1 10 7 12 1 1 1 10 12 1 1 10 7 12 1 1 100 1 8 1 10 9 12 1 1 9 12 1 8 1 9 12 1 100 1 10 8 1 10 12 1 1 10 12 1 10 12 1 1 100 1 10 10 12 1 1 100 1 8 1 10 12 1 8 1 8 1 8 1 8 1 8 1 8 1 10 12 1 8 1 8 1 8 1 8 1 8 1 10 100 12 1 1 1 10 12 1 1 8 1 100 1 8 1 10 8 1 8 1 8 1 8 1 8 1 10 100 12 1 1 8 1 100 1 8 1 8 1 10 8 1 10 12 1 100 1 8 1 10 10 12 1 1 10 12 1 10 12 1 10 12 1 10 7 12 1 1 1 10 12 1 10 7 12 1 1 11 7 12 1 1 1 18 12 1 1 11 7 12 1 1 1 18 12 1 1 11 12 1 1 18 18 11 12 1 18 12 1 11 12 1 1 9 12 1 1 9 12 1 9 12 1 9 12 1 7 1 10 7 12 1 1 10 12 1 10 12 1 18 12 1 18 10 7 12 1 1 1 18 12 1 10 12 1 18 18 8 1 10 12 1 9 12 1 1 11 7 12 1 1 1 8 1 100 1 10 12 1 10 12 1 1 10 12 1 1 9 12 1 1 10 12 1 10 12 1 1 8 1 100 1 10 9 12 1 8 1 10 12 1 8 1 100 1 10 10 7 12 1 1 10 7 1 9 7 12 1 1 1 11 12 1 1 10 12 1 11 12 1 10 12 1 7 1 10 10 12 1 1 10 12 1 1 1 1 1 1 1 1 1 1 1 100 1 1 1 1 1 1 1 1 1 1 1 1 1 1 1 1 1 1 1 1 1 1 1 1 1 1 1 1 1 1 1 1 1 1 1 1 1 1 1 1 1 1 1 1 1 1 1 1 1 1 1 1 1 1 1 1 3 1 1 1 1 1 1 1 1 1 1 100 1 1 1 1 1 1 1 1 1 1 1 1 1 1 1 1 1 1 1 1 1 1 1 1 1 1 1 1 1 1 1 1 1 1 1 1 1 1 15 10 7 12 1 1 1 16 15 10 7 12 1 1 1 16 1 16 15 10 12 16 1 15 10 12 16 15 11 7 1 16 1 16 1 15 10 12 16 15 10 12 16 15 10 12 1 16 1 15 11 12 1 15 10 12 16 15 10 16 1 1 1 1 100 1 100 1 1
staticfield java/lang/SecurityManager packageAccessLock Ljava/lang/Object; java/lang/Object
staticfield java/lang/SecurityManager packageDefinitionLock Ljava/lang/Object; java/lang/Object
staticfield java/lang/SecurityManager nonExportedPkgs Ljava/util/Map; java/util/concurrent/ConcurrentHashMap
ciInstanceKlass java/security/AccessControlContext 1 1 373 9 7 12 1 1 1 9 12 1 1 10 7 12 1 1 1 8 1 10 7 12 1 1 1 10 7 12 1 1 1 9 12 1 9 12 1 1 9 12 1 1 10 7 12 1 1 100 1 10 12 1 11 100 12 1 1 1 11 12 1 11 12 1 11 12 1 1 7 1 11 12 1 1 10 12 1 10 7 12 1 1 1 9 100 12 1 1 1 10 100 12 1 1 1 11 100 12 1 1 1 10 7 1 100 1 8 1 10 12 1 10 12 1 1 7 1 10 7 12 1 1 1 9 12 1 9 12 1 9 12 1 9 12 1 1 9 12 1 1 9 12 1 9 12 1 10 7 12 1 1 1 9 12 1 10 12 1 1 10 12 1 1 8 1 10 12 1 1 10 12 1 1 10 100 12 1 1 1 7 1 10 10 12 1 1 10 100 12 1 1 1 10 8 1 10 100 12 1 1 8 1 10 100 12 1 1 8 1 8 1 10 12 1 8 1 10 12 1 8 1 10 12 1 10 12 1 10 12 1 1 8 1 8 1 100 1 10 12 1 10 12 1 1 7 1 10 12 1 8 1 10 12 1 10 12 1 10 8 1 10 12 1 1 10 12 1 1 10 12 1 1 10 12 1 1 10 12 1 10 12 1 10 12 1 10 12 1 1 10 10 10 12 1 1 1 1 1 1 1 1 1 1 1 1 1 1 1 1 1 1 1 1 1 1 1 1 100 1 1 1 1 1 1 1 1 1 1 1 1 1 1 1 1 1 1 1 1 1 1 1 1 1 1 1 1 1 1 1 1 1 1 1 1 1 1 1 1 1 1 1 1 1 1 1 1 1 1 1 1 3 1 1
ciInstanceKlass java/net/URL 1 1 743 10 7 12 1 1 1 10 12 1 10 7 12 1 1 9 12 1 1 9 12 1 10 7 12 1 1 1 10 12 1 1 10 12 1 1 9 12 1 1 10 7 12 1 1 1 8 1 10 12 1 1 7 1 10 10 12 1 1 8 1 10 12 1 1 9 12 1 7 1 8 1 10 12 1 10 12 1 8 1 9 12 1 10 12 1 1 9 12 1 10 12 1 10 12 1 9 12 1 9 12 1 8 1 9 12 1 10 12 1 1 8 1 9 12 1 1 10 12 1 1 10 7 12 1 1 1 8 1 10 12 1 7 1 10 12 1 10 12 1 10 12 1 10 12 1 1 10 12 1 1 8 1 10 12 1 1 10 12 1 8 1 9 12 1 8 1 10 12 1 10 7 12 1 1 1 100 1 10 12 1 10 12 1 1 10 7 12 1 1 1 7 1 8 1 10 10 12 1 8 1 10 12 1 1 10 12 1 10 12 1 10 12 1 10 12 1 10 12 1 8 1 10 12 1 10 10 7 12 1 1 1 10 12 1 9 100 12 1 1 1 10 100 12 1 1 1 9 12 1 1 10 12 1 10 100 12 1 1 1 100 1 100 1 10 12 1 10 12 1 10 12 1 10 12 1 10 12 1 10 12 10 10 10 12 1 100 1 10 12 1 10 12 1 1 8 1 9 100 12 1 1 1 10 100 12 1 1 1 10 12 1 1 9 100 12 1 1 1 10 12 1 1 100 1 10 12 1 10 12 1 10 10 12 1 1 10 12 1 1 10 12 1 10 12 1 10 12 1 10 7 12 1 1 1 10 12 1 1 10 12 1 9 12 1 1 9 12 1 1 100 1 8 1 10 10 12 1 9 12 1 1 10 7 12 1 1 8 1 10 7 12 1 1 8 1 10 12 1 1 10 12 1 8 1 8 1 10 7 12 1 1 1 100 1 10 100 12 1 1 1 10 12 1 10 12 1 7 1 10 9 12 1 1 10 7 12 1 1 8 1 10 12 1 1 7 1 10 10 7 12 1 1 1 8 9 100 12 1 1 1 10 12 1 10 12 1 10 12 1 10 12 1 10 7 12 1 1 11 7 12 1 1 10 12 1 10 12 1 9 12 1 10 12 1 1 10 100 12 1 1 10 100 12 1 1 1 8 10 100 12 1 1 100 1 10 8 8 10 12 1 8 8 8 100 1 10 12 1 9 12 1 1 10 12 1 10 12 1 1 10 12 1 10 12 10 12 1 1 10 12 1 1 10 10 10 12 1 10 12 1 10 12 1 10 12 1 10 12 1 10 10 12 1 100 1 8 1 10 10 10 12 1 1 10 12 1 10 12 1 1 8 1 7 1 10 10 10 7 1 10 12 1 9 7 12 1 1 1 9 12 1 1 7 1 10 10 7 12 1 1 1 100 1 1 1 1 1 5 0 1 1 1 1 1 1 1 1 1 1 1 1 1 1 1 1 1 1 1 1 1 1 1 1 1 1 1 1 1 1 1 1 1 1 1 1 1 1 1 100 1 1 1 1 1 1 1 1 1 1 1 1 1 1 1 1 1 1 1 1 1 1 1 1 1 1 1 1 1 1 1 1 1 1 1 1 1 100 1 1 1 1 1 1 1 1 1 1 1 1 1 1 1 1 100 1 1 1 1 1 1 1 1 1 1 1 1 1 1 1 1 1 1
staticfield java/net/URL defaultFactory Ljava/net/URLStreamHandlerFactory; java/net/URL$DefaultFactory
staticfield java/net/URL streamHandlerLock Ljava/lang/Object; java/lang/Object
staticfield java/net/URL serialPersistentFields [Ljava/io/ObjectStreamField; 7 [Ljava/io/ObjectStreamField;
ciInstanceKlass java/util/jar/Manifest 1 1 336 10 7 12 1 1 1 7 1 10 9 7 12 1 1 1 7 1 10 9 12 1 1 9 12 1 1 10 12 1 10 12 1 1 10 12 1 1 10 12 1 1 10 12 1 1 11 7 1 11 12 1 1 10 12 1 1 10 100 12 1 1 1 100 1 100 1 10 8 1 10 12 1 1 10 12 1 1 10 12 1 10 12 1 11 100 1 10 12 1 10 12 1 1 11 12 1 1 10 12 1 11 12 1 1 11 100 12 1 1 1 11 100 12 1 1 11 12 1 1 100 1 10 12 1 8 1 11 12 1 7 1 10 12 1 1 11 12 1 10 12 1 10 12 1 10 100 12 1 1 1 8 1 10 12 1 1 10 9 7 12 1 1 1 10 12 1 1 10 100 12 1 10 12 1 10 12 1 9 100 12 1 1 1 8 1 10 12 1 8 1 8 1 7 1 10 12 1 10 12 1 10 12 1 1 100 1 8 1 10 12 1 1 8 1 10 10 12 1 1 8 1 10 12 1 1 10 7 12 1 1 1 10 12 1 10 11 12 1 1 10 12 1 10 7 12 1 1 1 10 12 1 1 10 12 1 1 11 10 12 1 11 10 12 1 100 1 1 1 1 1 1 1 1 1 1 1 1 1 1 1 1 1 1 1 1 1 1 1 1 1 1 1 1 1 1 1 1 1 1 1 1 1 1 1 1 1 1 1 100 1 1 1 1 1 1 1 1 1 1 1 1 1 1 100 1 1 1 1 1 1 1 1 1 1 1
instanceKlass org/apache/tomcat/util/collections/ManagedConcurrentWeakHashMap
instanceKlass com/fasterxml/jackson/databind/util/internal/PrivateMaxEntriesMap
instanceKlass java/util/concurrent/ConcurrentSkipListMap
instanceKlass org/springframework/util/ConcurrentReferenceHashMap
instanceKlass java/util/Collections$SingletonMap
instanceKlass java/util/EnumMap
instanceKlass java/util/TreeMap
instanceKlass java/util/IdentityHashMap
instanceKlass java/util/WeakHashMap
instanceKlass java/util/Collections$EmptyMap
instanceKlass sun/util/PreHashedMap
instanceKlass java/util/HashMap
instanceKlass java/util/ImmutableCollections$AbstractImmutableMap
instanceKlass java/util/concurrent/ConcurrentHashMap
ciInstanceKlass java/util/AbstractMap 1 1 192 10 7 12 1 1 1 10 7 12 1 1 1 11 7 12 1 1 1 10 11 12 1 1 11 7 12 1 1 1 11 12 1 1 7 1 11 12 1 10 12 1 1 11 12 1 100 1 10 11 12 1 11 7 1 10 12 1 1 11 12 1 9 12 1 1 7 1 10 12 1 9 12 1 1 100 1 10 11 11 12 1 1 11 12 1 100 1 100 1 11 12 1 8 1 100 1 10 10 12 1 1 8 1 10 12 1 10 12 1 1 10 12 1 1 1 1 1 1 1 1 1 1 1 1 1 1 1 1 1 1 1 1 1 1 1 1 1 1 1 1 1 1 1 1 1 1 1 1 1 1 1 1 100 1 1 1 1 1 1 1 1 1 1 1 1 1 1 1 1 100 1 1 1 1 1 1 1 1 1 100 1 100 1 100 1 100 1 1 1 1 1
instanceKlass sun/security/jca/ProviderList$ServiceList
instanceKlass java/util/AbstractList$SubList
instanceKlass sun/security/jca/ProviderList$3
instanceKlass java/util/ArrayList$SubList
instanceKlass java/util/Collections$CopiesList
instanceKlass java/util/Collections$SingletonList
instanceKlass java/util/AbstractSequentialList
instanceKlass java/util/Vector
instanceKlass java/util/Arrays$ArrayList
instanceKlass java/util/Collections$EmptyList
instanceKlass java/util/ArrayList
ciInstanceKlass java/util/AbstractList 1 1 218 10 7 12 1 1 1 9 7 12 1 1 1 10 12 1 1 10 12 1 1 100 1 10 10 12 1 1 11 7 12 1 1 1 11 12 1 1 11 12 1 10 7 12 1 1 1 10 12 1 11 12 1 11 12 1 11 12 1 10 12 1 1 10 12 1 1 11 100 12 1 1 1 11 7 1 11 7 1 10 12 1 7 1 10 12 1 10 12 1 1 7 1 7 1 10 12 1 100 1 10 100 1 100 1 10 8 1 10 12 1 1 10 12 1 10 12 1 1 10 12 1 8 1 100 1 8 1 8 1 8 1 10 7 1 11 10 10 12 1 11 12 1 10 12 1 1 8 1 8 1 1 1 1 1 1 1 1 1 1 1 1 1 1 1 1 1 1 1 1 1 1 1 1 1 1 1 1 1 1 1 1 1 1 1 1 1 1 1 1 1 1 1 1 1 1 1 1 1 1 1 1 1 1 1 1 1 1 100 1 100 1 1 1 1 1 1 1
ciInstanceKlass java/lang/AssertionStatusDirectives 0 0 24 10 100 12 1 1 1 100 1 1 1 1 1 1 1 1 1 1 1 1 1 1 1 1
ciInstanceKlass java/lang/invoke/MethodHandleNatives$CallSiteContext 1 1 49 10 7 12 1 1 1 7 1 10 10 7 12 1 1 1 10 7 12 1 1 1 10 7 12 1 1 1 100 1 1 1 1 1 1 1 1 1 1 1 1 1 1 1 1 1 100 1 1
ciInstanceKlass jdk/internal/invoke/NativeEntryPoint 0 0 92 10 100 12 1 1 1 9 100 12 1 1 1 10 100 12 1 1 1 100 1 9 12 1 9 12 1 9 12 1 1 9 12 1 1 9 12 1 1 100 1 8 1 10 12 1 11 100 12 1 1 1 10 12 1 1 10 12 1 11 100 12 1 1 11 12 1 10 12 1 1 10 12 1 1 1 1 1 1 1 1 1 1 1 1 1 1 1 1 1 1 1
instanceKlass java/lang/invoke/VolatileCallSite
instanceKlass java/lang/invoke/MutableCallSite
instanceKlass java/lang/invoke/ConstantCallSite
ciInstanceKlass java/lang/invoke/CallSite 1 1 302 10 7 12 1 1 1 10 7 12 1 1 1 9 7 12 1 1 1 10 12 1 1 9 12 1 1 10 7 12 1 1 1 10 12 1 100 1 10 12 1 1 10 12 1 1 9 100 12 1 1 1 10 100 12 1 1 10 12 1 1 100 1 100 1 10 10 100 12 1 1 1 10 12 1 1 8 1 10 12 1 10 12 1 1 10 12 1 10 12 1 1 10 12 1 1 10 10 100 12 1 1 10 12 1 1 9 12 1 9 100 12 1 1 1 8 1 10 7 12 1 1 1 10 12 1 1 100 1 10 12 1 1 9 12 1 8 1 100 1 10 12 1 10 12 1 100 1 8 1 10 10 12 1 10 12 1 1 100 1 10 12 1 1 10 12 1 10 12 1 10 12 1 1 10 12 1 1 9 12 1 1 8 10 12 1 1 9 12 1 1 100 1 10 10 12 1 10 100 12 1 1 1 10 12 1 1 10 12 1 1 10 12 1 10 7 12 1 1 1 100 1 8 1 10 10 12 10 12 1 1 100 1 100 1 100 1 8 1 10 12 1 10 7 12 1 1 1 1 1 1 1 1 1 1 1 1 1 1 1 1 1 1 1 1 1 1 1 1 1 1 1 1 1 1 1 1 1 1 1 1 1 1 1 1 1 1 1 1 1 1 1 1 1 1 1 1 1 1 1 1 1
staticfield java/lang/invoke/CallSite $assertionsDisabled Z 1
ciInstanceKlass java/lang/invoke/VolatileCallSite 0 0 37 10 100 12 1 1 1 10 12 1 10 100 12 1 1 1 10 12 1 10 12 1 1 1 1 1 1 1 1 1 1 1 1 1 1 1 1
ciInstanceKlass java/lang/invoke/MethodType 1 1 771 7 1 10 7 12 1 1 1 9 12 1 1 9 12 1 1 9 12 1 1 10 7 12 1 1 1 9 7 12 1 1 8 1 10 100 12 1 1 1 9 7 1 9 7 1 10 12 1 1 100 1 10 8 1 10 12 1 1 10 12 1 10 12 1 1 100 1 8 1 10 12 1 100 1 10 10 12 1 10 12 1 1 10 12 1 1 11 7 12 1 1 1 9 12 1 11 12 1 1 7 7 1 10 7 12 1 1 1 10 12 1 9 12 1 1 10 7 12 1 1 10 12 1 1 10 7 12 1 1 1 10 7 12 1 1 1 10 12 1 9 12 1 1 10 12 1 1 7 1 10 12 1 1 10 12 1 1 10 12 1 1 10 12 1 1 10 12 1 1 10 12 1 10 12 1 10 12 1 1 10 12 1 8 1 8 1 10 12 1 1 9 12 1 1 100 1 10 10 12 1 1 10 12 1 10 12 1 1 10 12 1 1 10 12 1 10 12 1 1 10 12 1 8 1 10 12 1 1 10 7 12 1 1 1 10 12 1 10 12 1 1 10 12 1 10 12 1 10 12 1 1 10 12 1 10 12 1 9 12 1 10 12 1 10 10 12 1 1 10 12 1 9 12 1 1 10 12 1 1 10 12 1 1 10 12 1 1 10 12 1 1 7 1 10 12 10 12 1 10 12 1 100 1 8 1 8 1 8 1 10 12 1 10 12 1 10 12 1 10 11 12 1 1 11 12 1 10 100 12 1 1 1 9 12 1 10 12 1 10 12 1 1 10 12 1 1 10 12 1 10 12 1 10 100 12 1 1 1 10 12 1 1 10 12 1 10 12 1 10 12 1 10 9 12 1 1 7 1 10 12 1 10 12 1 1 9 100 12 1 1 1 10 100 12 1 1 1 10 100 12 1 1 1 10 12 1 1 10 7 12 1 1 1 10 12 1 1 8 1 10 7 12 1 1 1 11 12 1 1 9 12 1 1 10 12 1 1 10 12 1 10 12 1 1 10 12 1 1 10 100 12 1 1 100 1 10 12 1 1 11 100 12 1 1 1 18 12 1 1 11 12 1 1 18 12 1 11 12 1 100 1 11 100 12 1 1 10 12 1 100 1 10 12 1 10 100 12 1 1 10 12 1 1 9 12 1 1 9 100 12 1 1 1 10 100 12 1 1 1 9 12 1 10 100 12 1 1 10 12 1 100 10 12 1 1 10 12 1 10 7 1 7 1 9 12 1 1 100 1 100 1 100 1 1 1 5 0 1 1 1 1 1 1 1 3 1 3 1 3 1 1 1 1 1 1 1 1 1 1 1 1 1 1 1 1 1 1 1 1 1 1 1 1 1 1 1 1 1 1 1 1 1 1 1 1 1 1 1 1 1 1 1 1 1 1 1 1 1 1 1 1 1 1 1 1 1 1 1 1 1 1 1 1 1 1 1 1 1 1 1 1 1 1 1 1 1 1 1 1 1 1 1 1 1 1 1 1 1 1 1 1 1 1 1 1 1 1 1 1 1 1 1 1 1 1 1 1 1 1 1 1 1 1 1 1 1 1 1 1 1 1 1 1 1 1 1 100 1 100 1 1 1 1 1 1 1 1 1 1 1 1 1 100 1 1 1 100 1 1 1 1 1 1 1 1 1 1 1 1 1 1 1 1 1 1 1 1 1 15 10 100 12 1 1 1 16 15 10 12 16 16 15 10 12 16 1 1 1 1 100 1 1 100 1 1 100 1 100 1 1
staticfield java/lang/invoke/MethodType internTable Ljava/lang/invoke/MethodType$ConcurrentWeakInternSet; java/lang/invoke/MethodType$ConcurrentWeakInternSet
staticfield java/lang/invoke/MethodType NO_PTYPES [Ljava/lang/Class; 0 [Ljava/lang/Class;
staticfield java/lang/invoke/MethodType objectOnlyTypes [Ljava/lang/invoke/MethodType; 20 [Ljava/lang/invoke/MethodType;
staticfield java/lang/invoke/MethodType METHOD_HANDLE_ARRAY [Ljava/lang/Class; 1 [Ljava/lang/Class;
staticfield java/lang/invoke/MethodType serialPersistentFields [Ljava/io/ObjectStreamField; 0 [Ljava/io/ObjectStreamField;
staticfield java/lang/invoke/MethodType $assertionsDisabled Z 1
ciInstanceKlass java/lang/BootstrapMethodError 0 0 45 10 100 12 1 1 1 10 12 1 10 12 1 10 100 12 1 1 1 10 100 12 1 1 1 1 1 1 5 0 1 1 1 1 1 1 1 1 1 1 1 100 1 1 1
instanceKlass org/springframework/aop/framework/InterceptorAndDynamicMethodMatcher
instanceKlass sun/security/pkcs/SignerInfo$AlgorithmInfo
instanceKlass org/springframework/context/support/DefaultLifecycleProcessor$LifecycleGroupMember
instanceKlass org/springframework/data/mongodb/core/mapping/FieldName
instanceKlass org/springframework/data/expression/LiteralValueExpression
instanceKlass org/springframework/data/mapping/model/ClassGeneratingPropertyAccessorFactory$KotlinValueBoxingAdapter
instanceKlass org/springframework/data/convert/DefaultConverterBuilder
instanceKlass jdk/net/UnixDomainPrincipal
instanceKlass org/springframework/boot/autoconfigure/ssl/SslPropertiesBundleRegistrar$Bundle
instanceKlass org/springframework/boot/web/server/Ssl$ServerNameSslBundle
instanceKlass org/springframework/cglib/core/MethodWrapper$MethodWrapperKey
instanceKlass org/springframework/cglib/proxy/Enhancer$EnhancerKey
instanceKlass org/springframework/data/web/config/SpringDataWebSettings
instanceKlass org/springframework/util/ConcurrentLruCache$CacheEntry
ciInstanceKlass java/lang/Record 1 1 22 10 7 12 1 1 1 100 1 1 1 1 1 1 1 1 1 1 1 1 1 1
ciInstanceKlass java/lang/ClassNotFoundException 1 1 96 7 1 10 7 12 1 1 1 10 12 1 10 12 1 1 10 100 12 1 1 1 8 1 10 100 12 1 1 1 10 7 12 1 1 10 100 12 1 1 1 10 100 12 1 1 1 10 12 1 1 7 1 10 12 1 9 12 1 1 1 1 1 5 0 1 1 1 1 1 1 1 1 1 1 1 1 1 1 1 1 1 1 100 1 1 1 1 1 1 1 1 1 1 1 1
staticfield java/lang/ClassNotFoundException serialPersistentFields [Ljava/io/ObjectStreamField; 1 [Ljava/io/ObjectStreamField;
ciInstanceKlass jdk/internal/loader/ClassLoaders$AppClassLoader 1 1 119 8 1 10 7 12 1 1 1 10 7 12 1 1 1 10 100 12 1 1 1 10 12 1 1 10 100 12 1 1 1 10 12 1 1 10 12 1 1 7 1 8 1 10 12 10 7 12 1 1 1 10 100 12 1 1 10 12 1 1 10 12 1 1 10 7 12 1 1 1 100 1 10 12 1 1 1 1 1 1 1 1 1 1 1 1 1 1 1 1 1 1 1 1 1 7 1 1 1 1 1 1 1 1 1 1 1 1 1 1 1 1 1 1 1 100 1 1 1
ciInstanceKlass jdk/internal/loader/ClassLoaders$PlatformClassLoader 1 1 42 8 1 10 7 12 1 1 1 10 7 12 1 1 1 100 1 10 12 1 100 1 1 1 1 1 1 1 1 1 1 1 1 1 1 100 1 1 1 100 1 1
ciInstanceKlass java/lang/ArithmeticException 1 1 26 10 100 12 1 1 1 10 12 1 100 1 1 1 1 5 0 1 1 1 1 1 1 1 1 1
ciInstanceKlass java/lang/NullPointerException 1 1 52 10 100 12 1 1 1 10 12 1 9 100 12 1 1 1 10 12 1 1 9 12 1 1 10 12 1 1 10 12 1 1 1 1 5 0 1 1 1 1 1 1 1 1 100 1 100 1 100 1 1 1
ciInstanceKlass java/lang/IllegalMonitorStateException 1 1 26 10 100 12 1 1 1 10 12 1 100 1 1 1 1 5 0 1 1 1 1 1 1 1 1 1
ciInstanceKlass java/lang/OutOfMemoryError 1 1 26 10 100 12 1 1 1 10 12 1 100 1 1 1 1 5 0 1 1 1 1 1 1 1 1 1
ciInstanceKlass java/lang/InternalError 0 0 34 10 100 12 1 1 1 10 12 1 10 12 1 10 12 1 100 1 1 1 1 5 0 1 1 1 1 1 1 1 1 1 1 1
ciInstanceKlass java/lang/ClassCastException 1 1 26 10 100 12 1 1 1 10 12 1 100 1 1 1 1 5 0 1 1 1 1 1 1 1 1 1
ciInstanceKlass java/lang/NoClassDefFoundError 1 1 26 10 7 12 1 1 1 10 12 1 100 1 1 1 1 5 0 1 1 1 1 1 1 1 1 1
instanceKlass java/nio/IntBuffer
instanceKlass java/nio/CharBuffer
instanceKlass java/nio/LongBuffer
instanceKlass java/nio/ByteBuffer
ciInstanceKlass java/nio/Buffer 1 1 224 100 1 10 7 12 1 1 1 9 7 12 1 1 1 9 12 1 9 12 1 1 9 12 1 9 12 1 1 10 12 1 1 10 12 1 1 10 12 100 1 100 1 10 8 1 10 12 1 1 10 12 1 8 1 8 1 10 12 1 1 10 12 1 8 1 9 12 1 1 100 1 8 1 10 12 1 8 1 8 1 9 12 10 12 1 8 1 8 1 8 1 10 12 1 8 1 8 1 8 1 100 1 10 100 1 10 100 1 10 100 1 10 10 100 12 1 1 1 10 11 100 12 1 1 10 7 12 1 1 1 10 7 12 1 1 1 9 12 1 1 10 7 12 1 1 1 9 12 1 1 7 1 10 10 7 12 1 1 1 1 1 3 1 1 1 1 1 1 1 1 1 1 1 1 1 1 1 1 1 1 100 1 1 1 1 1 1 1 1 1 1 1 1 1 1 1 1 1 1 1 1 1 1 1 1 1 1 1 1 1 1 1 1 1 1 1 1 1 1 1 1 1 1
staticfield java/nio/Buffer UNSAFE Ljdk/internal/misc/Unsafe; jdk/internal/misc/Unsafe
staticfield java/nio/Buffer SCOPED_MEMORY_ACCESS Ljdk/internal/misc/ScopedMemoryAccess; jdk/internal/misc/ScopedMemoryAccess
staticfield java/nio/Buffer $assertionsDisabled Z 1
ciInstanceKlass jdk/internal/misc/UnsafeConstants 1 1 34 10 100 12 1 1 1 9 7 12 1 1 1 9 12 1 9 12 1 1 9 12 1 9 12 1 1 1 1 1 1 1 1 1
staticfield jdk/internal/misc/UnsafeConstants ADDRESS_SIZE0 I 8
staticfield jdk/internal/misc/UnsafeConstants PAGE_SIZE I 4096
staticfield jdk/internal/misc/UnsafeConstants BIG_ENDIAN Z 0
staticfield jdk/internal/misc/UnsafeConstants UNALIGNED_ACCESS Z 1
staticfield jdk/internal/misc/UnsafeConstants DATA_CACHE_LINE_FLUSH_SIZE I 0
instanceKlass java/lang/invoke/DelegatingMethodHandle
instanceKlass java/lang/invoke/BoundMethodHandle
instanceKlass java/lang/invoke/DirectMethodHandle
ciInstanceKlass java/lang/invoke/MethodHandle 1 1 644 100 1 9 7 12 1 1 1 10 7 12 1 1 1 10 7 12 1 1 1 7 1 7 1 10 12 1 1 9 12 1 1 10 12 1 10 12 1 1 10 12 1 1 10 100 12 1 1 1 10 12 1 1 10 12 1 1 11 100 12 1 1 1 10 12 1 1 10 12 1 10 12 1 9 12 1 1 10 12 1 1 100 1 100 1 10 8 1 10 12 1 1 10 12 1 8 1 10 12 1 1 10 12 1 10 7 12 1 1 1 10 12 1 10 12 1 1 10 12 1 1 10 12 1 1 10 12 1 1 10 7 12 1 1 1 10 7 12 1 1 1 7 1 10 12 1 1 10 12 1 1 10 12 1 1 8 1 10 7 12 1 1 1 8 1 10 12 1 1 10 12 1 1 10 12 1 1 10 12 1 8 1 10 12 1 1 8 1 10 12 1 8 1 10 100 12 1 1 1 9 12 1 1 100 1 10 9 100 12 1 1 1 9 100 1 8 1 10 12 1 1 10 12 1 10 12 1 1 10 12 1 10 12 1 1 10 12 1 10 12 1 1 10 12 1 10 12 1 1 10 12 1 1 8 1 10 12 1 1 8 1 10 12 1 10 12 1 1 10 12 1 10 12 1 10 12 1 1 9 100 12 1 1 1 10 12 1 1 11 12 1 10 12 1 10 12 1 1 10 100 12 1 1 1 100 1 11 12 1 10 100 1 11 12 1 100 1 10 12 1 11 12 1 9 100 12 1 1 1 11 12 1 1 11 100 12 1 1 1 10 12 1 1 9 12 1 11 12 1 9 12 1 9 12 1 9 12 1 11 12 1 1 9 12 1 9 12 1 9 12 1 9 12 1 9 12 1 9 12 1 9 12 1 8 1 10 12 1 10 12 1 8 1 10 12 1 10 12 1 10 10 7 12 1 1 10 12 1 1 100 1 8 1 10 12 1 1 10 12 1 1 10 12 1 10 12 1 100 1 10 100 12 1 1 1 10 12 1 9 7 12 1 1 1 10 12 1 1 10 12 1 1 8 1 9 12 1 9 12 1 1 9 12 1 1 10 12 1 7 1 10 12 1 10 12 1 1 9 12 1 1 9 12 1 1 10 7 12 1 1 1 11 7 12 1 1 9 12 1 10 12 1 1 10 12 1 9 12 1 10 12 1 8 10 12 1 1 8 1 1 1 1 1 1 100 1 1 1 1 1 1 1 1 1 1 1 1 1 1 1 1 1 1 1 1 1 1 1 1 1 1 1 1 1 1 1 1 1 1 1 1 1 1 1 1 1 1 1 1 1 1 1 1 1 1 1 1 1 1 1 1 1 1 1 1 1 1 1 1 1 1 1 1 1 100 1 1 1 1 1 1 1 1 1 100 1 1 1 1 1 1 1 1 1 1 1 1 1 1 1 1 1 1 1 1 1 1 1 1 1 1 1 100 1 1 100 1 1 100 1 1 1 1
staticfield java/lang/invoke/MethodHandle FORM_OFFSET J 20
staticfield java/lang/invoke/MethodHandle UPDATE_OFFSET J 13
staticfield java/lang/invoke/MethodHandle $assertionsDisabled Z 1
ciInstanceKlass jdk/internal/reflect/CallerSensitive 0 0 17 100 1 100 1 100 1 1 1 1 1 1 1 1 1 1 1
ciInstanceKlass jdk/internal/reflect/NativeConstructorAccessorImpl 1 1 126 10 7 12 1 1 1 9 7 12 1 1 1 9 12 1 1 10 7 12 1 1 1 10 7 12 1 1 1 10 7 12 1 1 1 9 12 1 9 12 1 1 9 12 1 1 10 7 12 1 1 1 7 1 10 10 12 1 1 10 12 1 10 12 1 10 12 1 1 9 12 1 1 10 7 12 1 1 1 100 1 10 12 1 1 10 12 1 1 8 10 12 1 1 1 1 1 1 1 1 1 1 1 1 1 1 1 1 1 1 1 1 1 1 100 1 100 1 100 1 1 1 1 1 1 1
staticfield jdk/internal/reflect/NativeConstructorAccessorImpl U Ljdk/internal/misc/Unsafe; jdk/internal/misc/Unsafe
staticfield jdk/internal/reflect/NativeConstructorAccessorImpl GENERATED_OFFSET J 16
instanceKlass java/lang/invoke/DirectMethodHandle$Special
instanceKlass java/lang/invoke/DirectMethodHandle$Interface
instanceKlass java/lang/invoke/DirectMethodHandle$Constructor
instanceKlass java/lang/invoke/DirectMethodHandle$Accessor
ciInstanceKlass java/lang/invoke/DirectMethodHandle 1 1 940 7 1 7 1 100 1 7 1 7 1 10 7 12 1 1 1 10 7 12 1 1 1 100 1 10 12 1 10 12 1 1 10 7 12 1 1 10 12 1 1 10 12 1 10 12 1 7 1 10 12 1 1 10 12 1 1 10 12 1 10 12 1 1 10 7 12 1 1 1 10 12 1 9 12 1 1 100 1 10 9 12 1 1 9 12 1 10 12 1 10 12 1 10 12 1 1 10 12 1 10 12 1 10 12 1 10 7 12 1 1 1 10 12 1 10 12 1 1 8 1 10 12 1 1 7 1 10 12 1 7 1 10 10 12 1 10 12 1 10 12 1 10 7 12 1 1 1 10 12 1 1 100 1 10 12 1 10 12 1 7 1 10 12 1 10 12 1 1 10 12 1 1 10 12 1 8 10 100 12 1 1 1 10 12 1 10 12 1 10 12 1 1 10 12 1 9 7 12 1 1 1 7 1 10 12 1 10 7 12 1 1 1 10 12 1 10 12 1 1 9 12 1 1 100 1 10 8 1 10 12 1 1 10 12 1 10 12 1 10 10 12 1 10 12 1 10 12 1 10 12 1 10 12 1 1 10 12 1 10 12 1 1 10 12 1 10 12 1 1 10 10 7 12 1 1 1 10 12 1 10 12 1 1 10 12 1 10 12 1 1 8 1 9 7 12 1 1 1 8 1 9 12 1 9 12 1 8 1 9 12 1 9 12 1 8 1 9 12 1 9 12 1 8 1 10 12 1 10 12 1 1 9 12 1 1 7 1 10 12 1 1 100 1 10 7 12 1 1 1 10 12 1 1 10 12 1 10 12 1 1 7 1 10 12 1 1 10 12 1 10 12 1 1 7 1 10 12 1 1 10 7 12 1 1 1 10 12 1 10 12 1 10 12 1 9 12 1 1 10 7 1 9 12 9 12 1 10 7 12 1 1 1 10 12 1 7 1 7 1 7 1 9 12 1 1 10 7 12 1 10 12 1 1 10 12 1 7 1 10 12 1 10 12 1 1 9 7 12 1 1 1 10 12 1 1 100 1 10 100 12 1 1 1 10 12 1 10 12 1 8 1 9 12 1 9 12 1 10 12 1 9 12 1 1 10 7 12 1 1 1 9 12 1 1 9 12 1 1 10 12 1 10 12 1 10 12 1 10 12 1 10 12 1 1 10 12 1 10 7 12 1 1 9 12 1 10 12 1 10 12 1 10 12 1 10 12 1 1 10 12 1 1 9 12 1 1 10 12 1 1 9 7 12 1 1 1 9 12 1 9 12 1 9 12 1 9 12 1 9 12 1 9 12 1 9 12 1 9 12 1 9 12 1 9 12 1 9 12 1 9 12 1 9 12 1 9 12 1 9 12 1 9 12 1 9 12 1 9 12 1 9 12 1 9 12 1 9 12 1 9 12 1 9 12 1 9 12 1 9 12 1 9 12 1 9 12 1 9 12 1 9 12 1 9 12 1 9 12 1 9 12 1 9 12 1 9 12 1 9 12 1 9 12 1 8 1 9 12 1 1 9 12 1 1 10 12 1 10 12 1 1 9 7 1 10 12 1 9 12 1 1 10 12 10 12 1 10 12 1 10 12 1 10 8 1 8 1 8 1 8 1 10 12 1 1 9 12 1 1 10 12 1 10 100 12 1 1 1 8 9 12 1 1 10 12 1 1 8 1 8 8 9 12 1 8 1 8 8 8 8 8 1 8 10 12 1 10 12 1 8 1 8 1 10 12 1 10 12 1 10 12 1 10 12 1 1 7 1 1 1 1 3 1 3 1 3 1 3 1 3 1 3 1 3 1 3 1 3 1 3 1 1 1 1 1 1 1 1 1 1 3 1 3 1 1 1 1 3 1 1 1 1 1 1 1 1 1 1 1 1 1 1 1 1 1 1 1 1 1 1 1 1 1 1 1 1 1 1 1 1 1 1 1 1 1 1 1 1 1 1 1 1 1 1 1 1 1 1 1 1 1 1 1 1 100 1 1 1 1 1 1 1 1 1 1 1 1 100 1 1 1 1 1 1 1 1 1 1 1 1 1 1 1 1 1 1 1 1 1 1 1 1 1 1 1 1 1 1 1 1 1 1 1 1 1 1 1 1 1 1 1 1 1 1 1 1 1 1 1
staticfield java/lang/invoke/DirectMethodHandle IMPL_NAMES Ljava/lang/invoke/MemberName$Factory; java/lang/invoke/MemberName$Factory
staticfield java/lang/invoke/DirectMethodHandle FT_UNCHECKED_REF I 8
staticfield java/lang/invoke/DirectMethodHandle ACCESSOR_FORMS [Ljava/lang/invoke/LambdaForm; 132 [Ljava/lang/invoke/LambdaForm;
staticfield java/lang/invoke/DirectMethodHandle ALL_WRAPPERS [Lsun/invoke/util/Wrapper; 10 [Lsun/invoke/util/Wrapper;
staticfield java/lang/invoke/DirectMethodHandle NFS [Ljava/lang/invoke/LambdaForm$NamedFunction; 12 [Ljava/lang/invoke/LambdaForm$NamedFunction;
staticfield java/lang/invoke/DirectMethodHandle OBJ_OBJ_TYPE Ljava/lang/invoke/MethodType; java/lang/invoke/MethodType
staticfield java/lang/invoke/DirectMethodHandle LONG_OBJ_TYPE Ljava/lang/invoke/MethodType; java/lang/invoke/MethodType
staticfield java/lang/invoke/DirectMethodHandle $assertionsDisabled Z 1
ciInstanceKlass java/lang/invoke/LambdaForm 1 1 1052 100 1 9 7 12 1 1 1 10 7 12 1 1 1 10 7 12 1 1 9 12 1 1 9 12 1 1 10 12 1 1 100 1 10 9 12 1 10 12 1 1 9 12 1 10 7 12 1 1 1 9 12 1 9 12 1 9 12 1 1 9 12 1 10 12 1 1 7 1 10 12 1 10 100 12 1 1 1 10 100 12 1 1 1 10 12 1 10 12 1 1 9 100 12 1 1 1 10 12 1 1 9 12 1 10 12 1 1 10 12 1 10 12 1 1 10 12 1 1 10 100 12 1 1 1 7 1 10 10 12 1 1 8 1 10 12 1 10 12 1 10 12 1 1 7 1 10 7 12 1 1 1 10 12 1 1 10 12 1 10 12 1 1 9 12 1 1 9 12 1 9 12 1 1 10 12 1 9 12 1 10 100 12 1 1 1 10 12 1 1 10 12 1 9 12 1 1 10 100 12 1 1 1 10 12 1 10 12 1 10 12 1 10 12 1 10 12 1 10 12 1 1 10 12 1 10 12 1 1 8 1 10 12 1 10 12 1 8 1 8 1 9 12 1 9 12 1 9 12 1 1 10 12 1 1 10 12 1 9 12 1 10 12 1 1 10 7 12 1 1 1 10 12 1 1 10 12 1 10 12 1 10 12 1 1 9 12 1 10 12 1 8 1 8 1 8 1 8 1 8 1 8 1 8 1 8 1 10 12 1 9 12 1 7 1 10 12 1 1 9 12 1 10 12 1 10 12 1 1 10 12 10 12 1 10 12 1 1 10 12 1 1 10 10 12 1 1 10 12 1 1 7 1 8 1 10 12 1 1 10 12 1 10 12 1 1 10 8 1 10 12 1 1 8 1 8 1 8 1 10 12 1 9 12 1 1 10 12 1 1 10 12 1 1 100 1 10 12 1 1 10 12 1 10 7 12 1 1 1 10 12 1 1 9 12 1 1 8 1 10 100 12 1 1 1 10 7 12 1 1 10 12 10 10 12 1 1 9 12 1 8 10 12 1 1 100 1 10 12 1 1 10 12 1 9 7 12 1 1 9 12 1 1 8 1 10 100 12 1 1 10 12 1 1 100 1 100 1 10 10 12 1 1 10 12 1 1 8 1 8 1 100 1 8 1 10 12 10 12 1 10 12 1 10 12 1 1 8 1 8 1 9 100 12 1 1 1 10 12 1 10 12 1 1 8 1 8 1 8 1 100 1 8 1 100 1 8 1 100 1 8 1 10 12 1 8 1 9 10 7 12 1 1 1 10 12 1 9 12 1 1 10 12 1 10 10 12 1 10 12 1 10 12 1 10 12 1 1 10 12 1 10 12 1 1 10 12 1 1 10 12 1 1 8 1 100 10 12 1 10 12 1 9 12 1 1 10 7 12 1 1 8 1 8 1 100 1 8 1 8 1 8 1 8 1 8 1 8 1 8 1 8 1 10 12 1 1 10 12 1 1 10 12 1 10 12 1 8 1 8 1 8 1 10 12 1 8 1 10 12 1 8 1 8 1 8 1 8 1 8 1 10 12 1 10 12 1 10 12 1 1 10 7 12 1 1 1 10 12 1 10 12 1 10 12 1 10 12 1 10 12 1 10 12 1 10 12 1 9 12 1 1 8 1 10 12 1 1 9 12 1 1 10 12 1 1 9 12 1 9 12 1 1 9 12 1 9 12 1 1 7 1 10 7 12 1 1 1 9 12 1 10 12 1 10 12 1 8 1 10 12 1 9 12 1 1 7 1 10 7 12 1 1 1 8 1 100 1 10 12 1 9 12 1 9 12 1 10 12 1 10 12 1 10 7 12 1 1 1 10 12 1 9 7 12 1 1 10 12 1 1 10 12 1 10 12 1 9 12 10 12 1 10 10 12 1 9 9 12 1 7 9 12 1 1 10 12 1 1 9 12 1 10 12 1 10 7 1 9 1 1 1 1 3 1 3 1 3 1 1 1 1 1 1 1 1 1 1 1 1 1 1 1 1 1 1 1 1 1 1 1 1 1 1 1 1 1 1 1 1 1 1 1 1 1 1 1 1 1 1 1 1 1 1 1 1 1 1 1 1 1 1 1 1 100 1 1 1 1 1 1 1 1 1 1 1 1 1 1 1 1 1 1 1 1 1 1 1 1 1 1 1 1 1 1 1 1 1 1 1 1 1 1 1 1 1 1 1 1 1 1 1 1 1 1 1 1 1 1 1 1 1 1 1 100 1 1 1 1 1 1 1 1 1 1 1 1 1 1 1 1 1 1 1 1 1 1 1 1 1 1 1 1 1 1 1 1 1 1 100 1 1 1 1 1 1 1 1 1 1 1 1 1 1 1 1 1 1 1 1 1 1 100 1 1 1 100 1 1 100 1 1 1 1 1 1 1 1 1 1 1
staticfield java/lang/invoke/LambdaForm COMPILE_THRESHOLD I 0
staticfield java/lang/invoke/LambdaForm INTERNED_ARGUMENTS [[Ljava/lang/invoke/LambdaForm$Name; 5 [[Ljava/lang/invoke/LambdaForm$Name;
staticfield java/lang/invoke/LambdaForm IMPL_NAMES Ljava/lang/invoke/MemberName$Factory; java/lang/invoke/MemberName$Factory
staticfield java/lang/invoke/LambdaForm LF_identity [Ljava/lang/invoke/LambdaForm; 6 [Ljava/lang/invoke/LambdaForm;
staticfield java/lang/invoke/LambdaForm LF_zero [Ljava/lang/invoke/LambdaForm; 6 [Ljava/lang/invoke/LambdaForm;
staticfield java/lang/invoke/LambdaForm NF_identity [Ljava/lang/invoke/LambdaForm$NamedFunction; 6 [Ljava/lang/invoke/LambdaForm$NamedFunction;
staticfield java/lang/invoke/LambdaForm NF_zero [Ljava/lang/invoke/LambdaForm$NamedFunction; 6 [Ljava/lang/invoke/LambdaForm$NamedFunction;
staticfield java/lang/invoke/LambdaForm createFormsLock Ljava/lang/Object; java/lang/Object
staticfield java/lang/invoke/LambdaForm DEBUG_NAME_COUNTERS Ljava/util/HashMap; null
staticfield java/lang/invoke/LambdaForm DEBUG_NAMES Ljava/util/HashMap; null
staticfield java/lang/invoke/LambdaForm TRACE_INTERPRETER Z 0
staticfield java/lang/invoke/LambdaForm $assertionsDisabled Z 1
ciInstanceKlass java/lang/invoke/MethodHandleNatives 1 1 684 100 1 10 7 12 1 1 1 9 7 12 1 1 1 10 12 1 1 100 1 10 10 12 1 1 10 12 1 10 12 1 8 1 8 1 8 1 8 1 8 1 8 1 8 1 8 1 8 1 8 1 10 12 1 1 7 1 10 7 12 1 1 1 10 100 12 1 1 1 7 1 10 10 12 1 1 8 1 10 12 1 8 1 10 12 1 1 8 1 10 12 1 1 9 100 12 1 1 1 8 1 10 100 12 1 1 1 100 1 10 12 100 1 100 1 8 1 7 1 10 10 12 1 7 1 9 7 12 1 1 10 12 1 1 10 12 1 10 7 12 1 1 1 7 1 10 12 1 1 10 7 12 1 1 1 10 12 1 10 12 1 1 10 12 1 1 9 12 1 8 1 10 12 1 8 1 10 12 1 8 1 8 1 8 1 100 1 10 12 1 8 1 10 12 1 1 10 12 1 10 100 12 1 1 1 100 1 8 1 10 100 12 1 1 1 7 1 8 1 10 12 1 8 1 8 1 8 1 8 1 8 1 10 12 1 1 10 12 1 1 10 12 1 10 12 1 1 10 12 1 1 7 1 10 12 1 100 1 100 1 10 12 1 10 12 1 8 1 8 1 10 10 12 1 1 10 12 1 1 8 1 10 100 12 1 1 1 8 1 8 1 10 12 1 1 10 7 12 1 1 1 100 1 10 12 1 1 7 1 9 12 1 1 10 7 12 1 1 1 10 10 12 1 9 12 1 10 12 1 1 9 12 1 9 12 1 10 12 1 1 10 12 1 10 12 1 1 7 1 7 1 10 12 1 1 10 12 1 10 12 1 1 10 7 12 1 1 1 10 12 1 8 1 10 12 1 10 12 1 10 12 1 1 10 12 1 10 7 12 1 1 1 10 12 1 1 100 1 8 1 10 9 7 12 1 1 1 10 12 1 1 10 12 1 1 100 1 10 12 1 1 10 12 1 1 100 1 100 1 10 10 100 1 100 1 10 100 1 10 10 12 1 1 10 100 1 10 12 1 10 12 1 10 12 1 1 10 12 1 1 10 12 1 1 10 12 1 10 12 1 1 10 8 1 100 1 10 12 1 10 12 1 10 12 1 10 12 1 10 12 1 1 10 12 1 9 12 1 1 10 7 12 1 1 1 9 12 1 1 11 7 12 1 1 1 10 12 1 10 12 1 10 10 12 1 10 7 12 1 1 1 1 1 1 1 1 1 1 1 1 1 1 1 100 1 1 1 1 1 1 1 1 1 1 1 1 1 1 1 1 1 1 1 1 1 1 1 1 1 1 1 1 1 1 1 1 1 1 1 1 1 1 1 1 1 1 1 1 1 1 1 1 1 1 1 1 1 1 1 1 1 1 1 1 1 1 1 1 1 1 1 1 1 1 1 1 1 1 1 1 1 1 1 1 1 1 1 1 1 1 1 1 1 1 1 1 1 1 1 1 1 1 100 1 1 1 1 1 1 1 1 1 1 1 1 1 1 1 1 1 1 1 1 1 1 1 1 1 1 1 1 100 1 1 1 1 1 1 1 100 1 1 1
staticfield java/lang/invoke/MethodHandleNatives JLA Ljdk/internal/access/JavaLangAccess; java/lang/System$2
staticfield java/lang/invoke/MethodHandleNatives $assertionsDisabled Z 1
ciInstanceKlass jdk/internal/reflect/ConstantPool 1 1 142 10 100 12 1 1 1 9 7 12 1 1 1 10 12 1 1 10 12 1 1 10 12 1 10 12 1 1 10 12 1 1 10 12 1 10 12 1 1 10 12 1 10 12 1 1 10 12 1 10 12 1 10 12 1 10 12 1 1 10 12 1 1 10 12 1 1 10 12 1 1 10 12 1 10 12 1 1 10 100 12 1 1 1 8 11 7 12 1 1 1 10 7 12 1 1 1 1 1 1 1 1 1 1 1 1 1 1 1 1 1 1 1 1 1 1 1 1 1 1 1 1 1 1 1 1 1 1 1 1 1 1 1 1 1 1 1 1 1 1 1 1
instanceKlass jdk/internal/reflect/UnsafeQualifiedStaticFieldAccessorImpl
instanceKlass jdk/internal/reflect/UnsafeStaticObjectFieldAccessorImpl
ciInstanceKlass jdk/internal/reflect/UnsafeStaticFieldAccessorImpl 1 1 47 10 7 12 1 1 1 9 7 12 1 1 1 10 7 12 1 1 1 9 12 1 1 8 11 7 12 1 1 1 10 7 12 1 1 1 1 1 1 1 1 1 1 1 1 1 1
instanceKlass jdk/internal/reflect/UnsafeFieldAccessorImpl
ciInstanceKlass jdk/internal/reflect/FieldAccessorImpl 1 1 59 10 7 12 1 1 1 100 1 100 1 1 1 1 1 1 1 1 1 100 1 1 1 1 1 1 1 1 1 1 1 1 1 1 1 1 1 1 1 100 1 1 1 1 1 1 1 1 1 1 1 1 1 1 1 1 1 1 1
instanceKlass jdk/internal/reflect/UnsafeIntegerFieldAccessorImpl
instanceKlass jdk/internal/reflect/UnsafeObjectFieldAccessorImpl
instanceKlass jdk/internal/reflect/UnsafeStaticFieldAccessorImpl
ciInstanceKlass jdk/internal/reflect/UnsafeFieldAccessorImpl 1 1 254 10 7 12 1 1 1 9 7 12 1 1 1 10 7 12 1 1 1 10 7 12 1 1 1 9 12 1 1 10 7 12 1 1 1 9 12 1 1 10 12 1 10 12 1 9 12 1 10 12 1 1 10 7 12 1 1 10 7 12 1 1 1 10 12 1 1 100 1 10 10 12 1 1 10 12 1 1 8 1 10 10 12 1 100 1 8 1 10 12 1 8 1 10 12 1 8 1 10 12 1 100 1 10 12 1 1 10 8 1 10 12 1 1 8 1 10 100 12 1 1 8 1 10 100 12 1 1 8 1 10 100 12 1 1 8 1 10 100 12 1 1 8 1 10 100 12 1 1 8 1 10 100 12 1 1 8 1 10 100 12 1 1 8 1 10 100 12 1 1 10 12 1 1 8 1 8 1 8 1 8 1 8 1 8 1 10 100 12 1 1 1 8 1 8 1 8 1 10 12 10 12 1 1 1 1 1 1 1 1 1 1 1 1 1 1 1 1 1 1 1 1 1 1 1 1 1 1 1 1 1 1 1 1 1 1 1 1 1 1 1 1 1 1 1 1 1 1 1 1 1 1 1 1
staticfield jdk/internal/reflect/UnsafeFieldAccessorImpl unsafe Ljdk/internal/misc/Unsafe; jdk/internal/misc/Unsafe
ciInstanceKlass java/lang/invoke/ConstantCallSite 1 1 65 10 7 12 1 1 1 9 7 12 1 1 1 9 12 1 1 10 7 12 1 1 1 10 12 1 100 1 10 12 9 12 1 1 100 1 10 10 12 1 1 10 12 1 1 1 1 1 1 1 1 1 1 1 1 1 100 1 1 1 1 1 1 1 1
staticfield java/lang/invoke/ConstantCallSite UNSAFE Ljdk/internal/misc/Unsafe; jdk/internal/misc/Unsafe
ciInstanceKlass java/lang/invoke/MutableCallSite 0 0 63 10 100 12 1 1 1 10 12 1 9 100 12 1 1 1 10 12 1 10 12 1 1 9 12 1 1 10 100 12 1 1 1 10 100 12 1 1 1 10 12 1 1 1 1 1 1 1 1 1 1 1 1 1 1 1 1 1 1 100 1 1 1
instanceKlass java/lang/invoke/VarHandleReferences$FieldStaticReadOnly
instanceKlass java/lang/invoke/VarHandleBooleans$FieldInstanceReadOnly
instanceKlass java/lang/invoke/VarHandleInts$FieldStaticReadOnly
instanceKlass java/lang/invoke/VarHandleByteArrayAsLongs$ByteArrayViewVarHandle
instanceKlass java/lang/invoke/VarHandleByteArrayAsInts$ByteArrayViewVarHandle
instanceKlass java/lang/invoke/VarHandleReferences$Array
instanceKlass java/lang/invoke/VarHandleLongs$Array
instanceKlass java/lang/invoke/VarHandleLongs$FieldInstanceReadOnly
instanceKlass java/lang/invoke/VarHandleReferences$FieldInstanceReadOnly
instanceKlass java/lang/invoke/VarHandleInts$FieldInstanceReadOnly
ciInstanceKlass java/lang/invoke/VarHandle 1 1 390 10 7 12 1 1 1 10 7 12 1 1 9 12 1 1 9 12 1 1 100 1 10 8 1 10 12 1 1 10 7 12 1 1 1 10 12 1 1 10 100 12 1 1 1 9 100 12 1 1 1 10 12 1 1 10 100 12 1 1 1 10 12 1 1 9 12 1 10 12 1 9 12 1 1 10 100 12 1 1 10 12 1 9 100 12 1 1 1 9 12 1 1 10 12 1 1 100 1 100 1 10 8 1 10 12 1 1 10 12 1 8 1 10 12 1 10 12 1 10 12 1 1 9 7 12 1 1 1 10 12 1 10 12 1 1 10 12 1 10 10 100 12 1 1 1 10 12 1 1 10 12 1 1 10 100 12 1 1 1 10 100 12 1 1 1 10 100 12 1 1 1 9 12 1 1 10 9 12 1 1 10 12 1 10 12 1 10 12 1 1 10 12 1 10 100 12 1 1 1 9 12 1 1 10 12 1 1 9 12 1 10 12 1 10 12 1 10 100 12 1 1 100 1 10 9 7 12 1 1 1 9 12 1 1 10 7 12 1 1 1 10 12 1 10 12 1 10 12 1 10 12 1 10 12 1 10 12 1 1 7 1 10 10 7 12 1 1 1 9 12 1 1 8 10 12 1 1 7 1 10 12 1 1 100 1 1 1 1 1 1 1 1 1 1 1 1 1 1 1 1 1 1 1 1 1 1 1 1 1 1 1 1 1 1 1 1 1 1 1 1 1 1 1 1 1 1 1 1 1 1 1 1 1 1 1 1 1 1 1 1 1 1 1 1 1 1 1 1 1 1 1 1 1 1 1 1 1 1 1 1 1 1 1 1 1 1 1 1 1 1 1 1 1 100 1 100 1 100 1 1 1 1 1 1 1 100 1 1 1
staticfield java/lang/invoke/VarHandle AIOOBE_SUPPLIER Ljava/util/function/BiFunction; jdk/internal/util/Preconditions$1
staticfield java/lang/invoke/VarHandle VFORM_OFFSET J 16
staticfield java/lang/invoke/VarHandle $assertionsDisabled Z 1
ciInstanceKlass java/lang/invoke/MemberName 1 1 757 7 1 7 1 100 1 9 12 1 1 10 7 12 1 1 1 9 12 1 1 10 12 1 1 10 12 1 1 10 12 1 1 10 12 1 10 12 1 1 10 7 12 1 1 1 10 12 1 9 7 12 1 1 10 12 1 100 1 100 1 10 12 1 8 1 10 12 1 1 10 12 1 10 12 1 1 10 12 1 9 12 1 1 8 1 10 100 12 1 1 1 7 1 10 10 12 1 1 100 1 100 1 10 12 1 1 9 12 1 1 100 1 8 1 10 12 1 10 12 1 10 12 1 10 12 1 10 12 1 1 10 12 1 10 12 1 10 12 1 1 10 12 1 1 10 12 1 8 1 8 1 8 1 10 100 12 1 1 1 10 12 1 9 12 1 1 3 10 12 1 10 12 1 10 12 1 10 10 7 12 1 1 1 10 12 1 10 12 1 10 12 1 10 12 1 7 1 8 10 12 1 1 10 12 1 1 8 1 9 100 1 8 9 100 1 10 12 1 1 10 12 1 10 12 1 8 1 10 12 1 1 10 12 1 10 12 1 10 12 1 10 12 1 1 100 1 10 12 1 1 10 12 1 8 1 10 12 1 10 12 1 8 1 10 12 1 1 10 12 1 1 7 1 10 12 1 1 10 12 8 1 8 1 100 1 10 12 1 10 100 12 1 1 1 100 1 10 12 10 12 1 10 12 1 10 12 1 10 12 1 10 10 12 1 10 12 1 10 12 1 3 10 12 1 3 10 12 1 3 3 3 3 3 3 3 100 1 10 12 1 10 7 12 1 1 1 10 12 1 3 9 12 1 10 12 1 1 3 10 12 1 10 10 7 12 1 1 1 10 12 1 1 10 7 1 10 10 12 1 10 12 1 10 12 1 10 10 12 1 1 10 12 1 10 12 1 10 12 1 100 1 10 10 10 12 100 1 10 10 10 12 1 1 10 12 1 1 10 10 12 1 8 10 100 1 10 12 1 10 7 1 10 12 1 10 12 1 10 12 1 10 10 12 1 10 12 1 1 10 12 1 1 10 12 1 10 12 1 10 12 1 100 1 10 12 1 1 100 1 8 1 10 7 1 10 12 1 10 12 10 12 1 1 10 12 1 10 12 1 8 1 8 1 8 1 8 1 10 12 1 10 12 1 10 12 1 1 8 1 8 1 10 12 1 8 1 10 10 12 1 10 12 1 8 1 8 1 10 10 12 1 8 1 10 100 12 1 1 1 8 1 10 12 1 10 12 1 1 10 12 1 8 1 8 1 8 1 8 1 100 1 10 8 1 8 1 8 1 8 1 10 12 1 100 1 100 1 100 1 10 100 1 10 100 1 10 100 12 1 1 1 9 7 12 1 1 1 100 1 100 1 1 1 1 1 1 1 3 1 3 1 3 1 3 1 3 1 3 1 1 1 1 1 1 1 1 3 1 3 1 1 1 1 3 1 1 1 1 1 1 1 1 1 1 1 1 1 1 1 1 1 1 1 1 1 1 1 1 1 1 1 1 1 1 1 1 1 1 1 1 1 1 1 1 1 1 1 1 1 1 1 1 1 1 1 1 1 1 1 1 1 1 1 1 1 1 1 1 1 1 1 1 1 1 1 1 1 1 1 1 1 1 1 1 1 1 1 1 1 1 1 1 1 1 1 1 1 1 1 1 1 1 1 1 1 1 1 1 1 1 100 1 1 1 1 1 1 1 1 1 1 1 1 1 1 1
staticfield java/lang/invoke/MemberName $assertionsDisabled Z 1
ciInstanceKlass java/lang/invoke/ResolvedMethodName 1 1 16 10 100 12 1 1 1 100 1 1 1 1 1 1 1 1
ciInstanceKlass java/lang/StackWalker 1 1 235 9 7 12 1 1 1 10 7 12 1 1 1 7 1 10 7 12 1 1 1 10 12 1 1 11 7 12 1 1 1 10 12 1 1 10 12 1 1 10 12 1 1 100 1 8 1 10 12 1 10 12 1 10 12 1 10 7 12 1 1 9 12 1 1 9 12 1 1 9 12 1 1 9 12 1 1 10 12 1 1 9 12 1 1 10 7 12 1 1 1 11 12 1 1 100 1 8 1 10 10 100 12 1 1 9 12 1 1 10 12 1 1 10 7 12 1 1 1 10 7 12 1 1 1 18 12 1 1 100 1 8 1 10 10 12 1 1 10 100 12 1 1 1 9 7 12 1 1 11 100 12 1 1 1 10 12 1 1 1 1 1 1 1 1 1 1 1 1 1 1 1 1 1 1 1 1 1 1 1 1 1 1 1 1 1 1 1 1 1 1 1 1 1 1 1 1 1 1 1 1 1 1 1 1 1 1 1 100 1 1 15 10 100 12 1 1 1 16 15 10 12 16 1 1 1 1 1 1 1 100 1 100 1 1
staticfield java/lang/StackWalker DEFAULT_EMPTY_OPTION Ljava/util/EnumSet; java/util/RegularEnumSet
staticfield java/lang/StackWalker DEFAULT_WALKER Ljava/lang/StackWalker; java/lang/StackWalker
instanceKlass java/lang/StackStreamFactory$StackFrameTraverser
ciInstanceKlass java/lang/StackStreamFactory$AbstractStackWalker 1 1 306 7 1 100 1 3 10 7 12 1 1 1 10 7 12 1 1 10 7 12 1 1 1 9 12 1 1 10 12 1 1 9 12 1 1 9 12 1 1 9 12 1 1 9 12 1 9 7 12 1 1 1 10 7 12 1 1 1 10 12 1 1 9 12 1 1 10 7 12 1 1 1 10 12 1 1 9 12 1 1 9 100 12 1 1 1 100 1 10 8 1 10 12 1 1 10 12 1 8 1 10 12 1 1 10 100 12 1 1 1 100 1 8 1 10 12 1 8 1 10 12 9 7 12 1 1 1 10 7 12 1 1 9 12 1 8 1 5 0 8 1 8 1 9 12 1 1 10 12 1 1 10 12 1 1 10 12 1 9 12 1 10 12 1 10 12 1 10 12 1 10 12 1 1 10 12 1 10 12 1 1 8 1 10 12 1 10 12 1 10 12 1 10 12 1 1 8 1 10 12 1 1 10 12 1 1 10 12 1 1 10 12 1 10 12 1 10 100 12 1 1 1 9 12 1 8 1 10 12 1 10 12 1 10 12 1 10 12 1 10 12 1 10 12 1 10 12 1 1 10 12 1 1 10 12 1 1 10 12 1 8 1 1 1 1 1 1 1 1 1 1 1 1 1 1 1 1 1 1 100 1 1 1 1 100 1 1 1 1 1 1 1 1 1 1 1 1 1 1 1 1 1 1 1 1 1
ciInstanceKlass jdk/internal/module/Modules 1 1 504 10 100 12 1 1 1 9 7 12 1 1 1 11 7 12 1 1 1 11 12 1 1 11 12 1 1 11 12 1 1 11 12 1 11 12 1 11 12 1 11 12 1 11 12 1 1 10 100 12 1 1 1 10 100 12 1 1 1 18 12 1 1 10 100 12 1 1 1 100 1 10 100 12 1 1 1 10 100 12 1 1 1 10 100 12 1 1 10 12 1 1 11 12 1 9 12 1 1 11 100 12 1 1 1 10 12 1 1 10 10 12 1 10 9 12 1 1 10 100 12 1 1 10 12 1 1 10 100 12 1 1 100 1 11 100 12 1 1 1 10 100 12 1 1 1 11 100 12 1 1 10 12 1 1 10 100 12 1 1 10 100 12 1 1 1 10 12 1 1 10 12 1 1 11 12 1 1 18 12 1 1 11 100 12 1 1 10 100 12 1 1 1 11 100 12 1 1 1 100 1 11 12 1 1 11 100 12 1 1 1 11 12 1 1 10 12 1 1 10 100 12 1 1 18 12 1 1 11 12 1 1 18 12 1 1 11 12 1 1 10 12 1 18 18 10 12 1 1 9 12 1 1 11 100 12 1 1 1 100 1 10 11 12 1 11 12 1 1 11 12 1 1 10 100 1 10 12 1 1 10 100 12 1 1 10 12 1 1 11 12 10 12 1 1 100 1 10 18 12 1 10 12 1 1 100 1 8 1 10 12 1 10 100 12 1 1 18 12 1 11 11 12 10 12 1 10 10 100 1 18 12 1 10 10 10 7 12 1 1 10 7 12 1 1 1 10 12 1 1 1 1 1 1 1 1 1 1 1 1 1 1 1 1 1 1 1 1 1 1 1 1 1 1 1 1 1 1 1 1 1 100 1 1 1 1 1 1 1 1 1 1 1 1 1 1 1 1 1 1 1 1 1 1 1 1 1 1 1 1 1 1 1 1 1 1 1 100 1 1 1 1 1 1 1 1 1 1 1 1 1 1 1 1 1 1 1 1 1 1 1 15 10 100 12 1 1 1 16 15 10 12 1 16 16 15 10 12 1 16 1 16 1 15 10 12 1 16 1 16 1 15 10 12 16 1 15 10 16 1 15 10 12 16 1 15 10 12 16 15 10 12 16 15 10 12 1 1 1 100 1 100 1 1
staticfield jdk/internal/module/Modules JLA Ljdk/internal/access/JavaLangAccess; java/lang/System$2
staticfield jdk/internal/module/Modules JLMA Ljdk/internal/access/JavaLangModuleAccess; java/lang/module/ModuleDescriptor$1
staticfield jdk/internal/module/Modules $assertionsDisabled Z 1
ciInstanceKlass java/util/concurrent/locks/LockSupport 1 1 94 10 100 12 1 1 1 9 7 12 1 1 1 9 12 1 1 10 7 12 1 1 1 10 7 12 1 1 1 10 12 1 1 10 12 1 1 10 12 1 1 100 1 10 10 12 1 1 9 12 1 10 12 1 1 10 12 1 1 8 1 10 12 1 1 8 1 1 1 1 1 1 1 1 1 1 1 1 1 1 1 1 1 1 1 1 1 1 1 1 1 1 1 1
staticfield java/util/concurrent/locks/LockSupport U Ljdk/internal/misc/Unsafe; jdk/internal/misc/Unsafe
staticfield java/util/concurrent/locks/LockSupport PARKBLOCKER J 76
staticfield java/util/concurrent/locks/LockSupport TID J 32
ciMethod java/util/concurrent/locks/LockSupport parkNanos (Ljava/lang/Object;J)V 280 0 2799 0 -1
ciMethod java/util/concurrent/locks/LockSupport setBlocker (Ljava/lang/Thread;Ljava/lang/Object;)V 520 0 5382 0 -1
ciMethod java/util/concurrent/locks/LockSupport park (Ljava/lang/Object;)V 38 0 178 0 0
ciMethod java/util/concurrent/locks/ReentrantLock$NonfairSync tryAcquire (I)Z 514 0 5378 0 352
ciMethod java/lang/Thread clearInterruptEvent ()V 8 0 4 0 -1
ciMethod java/lang/Thread interrupted ()Z 772 0 21286 0 128
ciMethod java/lang/Thread onSpinWait ()V 0 0 1 0 -1
ciMethod java/lang/Thread currentThread ()Ljava/lang/Thread; 512 0 256 0 -1
ciMethod jdk/internal/misc/Unsafe putReference (Ljava/lang/Object;JLjava/lang/Object;)V 512 0 256 0 -1
ciMethod jdk/internal/misc/Unsafe putReferenceVolatile (Ljava/lang/Object;JLjava/lang/Object;)V 512 0 256 0 -1
ciMethod jdk/internal/misc/Unsafe putReferenceOpaque (Ljava/lang/Object;JLjava/lang/Object;)V 512 0 1283 0 -1
ciMethod jdk/internal/misc/Unsafe putIntOpaque (Ljava/lang/Object;JI)V 512 0 1281 0 -1
ciMethod jdk/internal/misc/Unsafe compareAndSetReference (Ljava/lang/Object;JLjava/lang/Object;Ljava/lang/Object;)Z 1024 0 512 0 -1
ciMethod jdk/internal/misc/Unsafe compareAndSetInt (Ljava/lang/Object;JII)Z 512 0 256 0 -1
ciMethod jdk/internal/misc/Unsafe park (ZJ)V 512 0 256 0 -1
ciMethod java/lang/Object <init> ()V 1024 0 936493 0 128
ciInstanceKlass java/util/concurrent/locks/AbstractQueuedSynchronizer$ConditionObject 1 1 244 7 1 9 7 12 1 1 1 10 7 12 1 1 1 9 7 12 1 1 1 9 12 1 9 12 1 10 12 1 1 10 12 1 1 10 12 1 1 100 1 10 10 12 1 1 10 7 12 1 1 1 9 12 1 1 10 12 1 1 10 12 1 1 10 12 1 1 3 9 12 1 1 9 12 1 1 10 12 1 1 10 10 12 1 1 10 7 12 1 1 1 10 12 1 1 10 12 1 10 12 1 10 7 12 1 1 1 100 1 7 1 10 12 1 10 12 1 10 12 1 1 10 12 1 10 10 12 1 1 10 7 12 1 1 1 10 12 1 1 100 1 5 0 10 100 12 1 1 10 12 1 10 12 1 10 100 12 1 1 1 100 1 10 10 12 1 1 100 1 100 1 1 1 1 5 0 1 1 1 1 1 1 1 1 1 1 1 1 1 1 1 1 1 1 1 1 1 1 1 1 1 1 1 1 1 1 1 1 1 1 1 1 1 1 1 1 1 1 1 1 1 1 1 1 1 1 1 1 1 1 1 1 1 1 1 1 1 100 1 1 100 1 1
instanceKlass java/util/concurrent/locks/AbstractQueuedSynchronizer$ExclusiveNode
instanceKlass java/util/concurrent/locks/AbstractQueuedSynchronizer$ConditionNode
ciInstanceKlass java/util/concurrent/locks/AbstractQueuedSynchronizer$Node 1 1 84 10 7 12 1 1 1 9 7 12 1 1 1 9 7 12 1 1 1 10 7 12 1 1 1 9 12 1 9 12 1 10 12 1 1 10 12 1 1 10 12 1 1 10 12 1 8 1 10 12 1 1 8 1 8 1 1 1 1 1 1 1 1 1 1 1 1 1 1 1 1 1 1 1 1 1 1 1 1 1 1 1 1 1
staticfield java/util/concurrent/locks/AbstractQueuedSynchronizer$Node STATUS J 12
staticfield java/util/concurrent/locks/AbstractQueuedSynchronizer$Node NEXT J 20
staticfield java/util/concurrent/locks/AbstractQueuedSynchronizer$Node PREV J 16
ciInstanceKlass org/apache/tomcat/util/threads/TaskThread 1 1 67 7 1 10 12 1 1 10 7 12 1 1 10 7 12 1 1 1 9 7 12 1 1 1 10 12 1 10 7 12 1 1 1 9 12 1 1 10 7 12 1 1 1 9 12 1 1 1 1 1 1 1 1 1 1 1 1 1 1 1 1 1 1 1 1 1 1
staticfield org/apache/tomcat/util/threads/TaskThread log Lorg/apache/juli/logging/Log; org/apache/juli/logging/DirectJDKLog
staticfield org/apache/tomcat/util/threads/TaskThread sm Lorg/apache/tomcat/util/res/StringManager; org/apache/tomcat/util/res/StringManager
ciInstanceKlass java/util/concurrent/locks/AbstractQueuedSynchronizer$ExclusiveNode 1 1 22 10 7 12 1 1 1 100 1 1 1 1 1 1 1 1 1 100 1 1 1 1
ciMethodData java/lang/Object <init> ()V 2 936493 orig 80 1 0 0 0 0 0 0 0 0 0 0 0 252 127 0 0 0 0 0 0 0 0 0 0 0 0 0 0 0 0 0 0 0 0 0 0 0 0 0 0 0 0 0 0 0 0 0 0 0 0 0 0 0 0 0 0 0 0 0 0 0 0 0 0 0 0 0 0 0 0 0 0 0 0 0 0 0 0 0 0 data 4 0x0 0x9 0x1 0x0 oops 0 methods 0
ciMethodData java/lang/Thread interrupted ()Z 2 21286 orig 80 0 0 0 0 0 0 0 0 0 0 0 0 252 127 0 0 0 0 0 0 0 0 0 0 0 0 0 0 0 0 0 0 0 0 0 0 0 0 0 0 0 0 0 0 0 0 0 0 0 0 0 0 0 0 0 0 0 0 0 0 0 0 0 0 0 0 0 0 0 0 0 0 0 0 0 0 0 0 0 0 data 16 0x2 0x51a4 0xa0007 0x51a4 0x30 0x1 0x120002 0x1 0x0 0x0 0x0 0x0 0x0 0x0 0x9 0x0 oops 0 methods 0
ciMethod java/util/concurrent/locks/AbstractQueuedSynchronizer$Node <init> ()V 512 0 5125 0 0
ciMethod java/util/concurrent/locks/AbstractQueuedSynchronizer$Node casPrev (Ljava/util/concurrent/locks/AbstractQueuedSynchronizer$Node;Ljava/util/concurrent/locks/AbstractQueuedSynchronizer$Node;)Z 0 0 1 0 -1
ciMethod java/util/concurrent/locks/AbstractQueuedSynchronizer$Node casNext (Ljava/util/concurrent/locks/AbstractQueuedSynchronizer$Node;Ljava/util/concurrent/locks/AbstractQueuedSynchronizer$Node;)Z 0 0 1 0 -1
ciMethod java/util/concurrent/locks/AbstractQueuedSynchronizer$Node setPrevRelaxed (Ljava/util/concurrent/locks/AbstractQueuedSynchronizer$Node;)V 302 0 1175 0 320
ciMethod java/util/concurrent/locks/AbstractQueuedSynchronizer$Node clearStatus ()V 512 0 5148 0 0
ciMethodData java/util/concurrent/locks/AbstractQueuedSynchronizer compareAndSetState (II)Z 2 1486 orig 80 0 0 0 0 0 0 0 0 0 0 0 0 252 127 0 0 0 0 0 0 0 0 0 0 0 0 0 0 0 0 0 0 0 0 0 0 0 0 0 0 0 0 0 0 0 0 0 0 0 0 0 0 0 0 0 0 0 0 0 0 0 0 0 0 0 0 0 0 0 0 0 0 0 0 0 0 0 0 0 0 data 18 0x90005 0x0 0x0 0x0 0x0 0x0 0x0 0x0 0x0 0x0 0x0 0x0 0x0 0x9 0x3 0xffffffffffffffff 0x0 0x0 oops 0 methods 0
ciMethod java/util/concurrent/locks/AbstractQueuedSynchronizer$ExclusiveNode <init> ()V 40 0 139 0 0
ciMethodData java/util/concurrent/locks/AbstractQueuedSynchronizer acquire (Ljava/util/concurrent/locks/AbstractQueuedSynchronizer$Node;IZZZJ)I 2 5126 orig 80 0 0 0 0 0 0 0 0 0 0 0 0 252 127 0 0 0 0 0 0 0 0 0 0 0 0 0 0 0 0 0 0 0 0 0 0 0 0 0 0 0 0 0 0 0 0 0 0 0 0 0 0 0 0 0 0 0 0 0 0 0 0 0 0 0 0 0 0 0 0 0 0 0 0 0 0 0 0 0 0 data 272 0x2 0x1400 0x160007 0x188 0x188 0x14f8 0x1a0007 0x145d 0x38 0x9b 0x1e0003 0x9b 0x18 0x280007 0x981 0x130 0xb77 0x310007 0x2 0x38 0xb75 0x350003 0xb75 0x18 0x3c0007 0xb75 0xd8 0x2 0x440007 0x2 0x70 0x0 0x480005 0x0 0x0 0x0 0x0 0x0 0x0 0x4b0003 0x0 0xfffffffffffffed8 0x530007 0x2 0x48 0x0 0x560002 0x0 0x590003 0x0 0xfffffffffffffe90 0x5e0007 0xcfd 0x40 0x983 0x630007 0x2 0x218 0x981 0x670007 0x167e 0xa8 0x0 0x6c0005 0x0 0x0 0x0 0x0 0x0 0x0 0x6f0007 0x0 0x38 0x0 0x730003 0x0 0x18 0x790003 0x0 0x50 0x7e0005 0x0 0x0 0x18b6bccef80 0x167e 0x0 0x0 0x830003 0x167e 0x50 0x8d0005 0x0 0x0 0x0 0x0 0x0 0x0 0x960007 0x27e 0xc8 0x1400 0x9b0007 0x88b 0xa8 0xb75 0xb40007 0xb75 0x30 0x0 0xb80002 0x0 0xbd0007 0xb75 0x58 0x0 0xc20005 0x0 0x0 0x0 0x0 0x0 0x0 0xc80007 0x1f9 0x90 0x87 0xcc0007 0x87 0x48 0x0 0xd30002 0x0 0xd70003 0x0 0xfffffffffffffbf0 0xde0002 0x87 0xe20003 0x87 0xfffffffffffffbc8 0xe70007 0x18a 0x188 0x6f 0xf90005 0x6f 0x0 0x0 0x0 0x0 0x0 0xfe0007 0x6e 0x70 0x1 0x1020005 0x1 0x0 0x0 0x0 0x0 0x0 0x1050003 0x1 0xc0 0x10c0005 0x6e 0x0 0x0 0x0 0x0 0x0 0x10f0007 0x6e 0x70 0x0 0x1140005 0x0 0x0 0x0 0x0 0x0 0x0 0x1170003 0x0 0x18 0x1200003 0x6f 0xfffffffffffffa40 0x1250007 0x2 0x68 0x188 0x12a0007 0x180 0x48 0x8 0x1340002 0x8 0x1370003 0x8 0xfffffffffffff9d8 0x13e0007 0xb1 0x38 0xd1 0x1460003 0xd1 0xfffffffffffff9a0 0x1570007 0x0 0x48 0xb1 0x15b0002 0xb1 0x15e0003 0xb1 0x58 0x1630002 0x0 0x16c0007 0x0 0xd0 0x0 0x1720002 0x0 0x1760005 0xb1 0x0 0x0 0x0 0x0 0x0 0x17b0002 0xb1 0x1820007 0xb1 0xfffffffffffff8b8 0x0 0x1870007 0x0 0xfffffffffffff898 0x0 0x18a0003 0x0 0x18 0x1930005 0x0 0x0 0x0 0x0 0x0 0x0 0x0 0x0 0x0 0x0 0x0 0x0 0x0 0x0 0x0 0x9 0x8 0x0 0x0 0x0 0x0 0x0 0x0 0x0 0x0 oops 1 83 java/util/concurrent/locks/ReentrantLock$NonfairSync methods 0
ciMethodData jdk/internal/misc/Unsafe putReferenceOpaque (Ljava/lang/Object;JLjava/lang/Object;)V 2 1283 orig 80 0 0 0 0 0 0 0 0 0 0 0 0 252 127 0 0 0 0 0 0 0 0 0 0 0 0 0 0 0 0 0 0 0 0 0 0 0 0 0 0 0 0 0 0 0 0 0 0 0 0 0 0 0 0 0 0 0 0 0 0 0 0 0 0 0 0 0 0 0 0 0 0 0 0 0 0 0 0 0 0 data 25 0x5000b 0x1 0x0 0x0 0x0 0x0 0x0 0x4 0x1 0x18b715061b0 0x4 0x18b71506260 0x0 0x0 0x0 0x0 0x0 0x0 0x9 0x5 0xffffffffffffffff 0xffffffffffffffff 0x0 0x0 0x0 oops 2 9 org/apache/tomcat/util/threads/TaskThread 11 java/util/concurrent/locks/AbstractQueuedSynchronizer$ConditionObject methods 0
ciMethodData java/util/concurrent/locks/ReentrantLock$NonfairSync tryAcquire (I)Z 2 5378 orig 80 0 0 0 0 0 0 0 0 0 0 0 0 252 127 0 0 0 0 0 0 0 0 0 0 0 0 0 0 0 0 0 0 0 0 0 0 0 0 0 0 0 0 0 0 0 0 0 0 0 0 0 0 0 0 0 0 0 0 0 0 0 0 0 0 0 0 0 0 0 0 0 0 0 0 0 0 0 0 0 0 data 41 0x10005 0x1401 0x0 0x0 0x0 0x0 0x0 0x40007 0x2ac 0xc0 0x1155 0xa0005 0x1155 0x0 0x0 0x0 0x0 0x0 0xd0007 0x9 0x68 0x114c 0x110002 0x114c 0x140005 0x114c 0x0 0x0 0x0 0x0 0x0 0x0 0x0 0x0 0x0 0x0 0x0 0x9 0x2 0x0 0x0 oops 0 methods 0
ciMethodData java/util/concurrent/locks/LockSupport setBlocker (Ljava/lang/Thread;Ljava/lang/Object;)V 2 5382 orig 80 0 0 0 0 0 0 0 0 0 0 0 0 252 127 0 0 0 0 0 0 0 0 0 0 0 0 0 0 0 0 0 0 0 0 0 0 0 0 0 0 0 0 0 0 0 0 0 0 0 0 0 0 0 0 0 0 0 0 0 0 0 0 0 0 0 0 0 0 0 0 0 0 0 0 0 0 0 0 0 0 data 22 0x8000b 0x1404 0x0 0x0 0x0 0x0 0x0 0x4 0x1 0x2 0x4 0x3 0x0 0x0 0x0 0x0 0x0 0x0 0x9 0x2 0xffffffffffffffff 0x0 oops 0 methods 0
ciMethodData java/util/concurrent/locks/AbstractQueuedSynchronizer$Node <init> ()V 2 5125 orig 80 0 0 0 0 0 0 0 0 0 0 0 0 252 127 0 0 0 0 0 0 0 0 0 0 0 0 0 0 0 0 0 0 0 0 0 0 0 0 0 0 0 0 0 0 0 0 0 0 0 0 0 0 0 0 0 0 0 0 0 0 0 0 0 0 0 0 0 0 0 0 0 0 0 0 0 0 0 0 0 0 data 7 0x10002 0x1305 0x0 0x0 0x9 0x1 0x0 oops 0 methods 0
ciMethodData java/util/concurrent/locks/AbstractQueuedSynchronizer$Node clearStatus ()V 2 5148 orig 80 0 0 0 0 0 0 0 0 0 0 0 0 252 127 0 0 0 0 0 0 0 0 0 0 0 0 0 0 0 0 0 0 0 0 0 0 0 0 0 0 0 0 0 0 0 0 0 0 0 0 0 0 0 0 0 0 0 0 0 0 0 0 0 0 0 0 0 0 0 0 0 0 0 0 0 0 0 0 0 0 data 19 0x8000b 0x131c 0x0 0x0 0x0 0x0 0x0 0x2 0x1 0x2 0x0 0x0 0x0 0x0 0x0 0x0 0x9 0x1 0x0 oops 0 methods 0
ciMethodData java/util/concurrent/locks/AbstractQueuedSynchronizer cleanQueue ()V 1 0 orig 80 0 0 0 0 0 0 0 0 0 0 0 0 252 127 0 0 0 0 0 0 0 0 0 0 0 0 0 0 0 0 0 0 0 0 0 0 0 0 0 0 0 0 0 0 0 0 0 0 0 0 0 0 0 0 0 0 0 0 0 0 0 0 0 0 0 0 0 0 0 0 0 0 0 0 0 0 0 0 0 0 data 126 0x80007 0x0 0x40 0x0 0x110007 0x0 0x20 0x0 0x160007 0x0 0x58 0x0 0x1e0007 0x0 0x90 0x0 0x210003 0x0 0x310 0x290007 0x0 0x2f8 0x0 0x300007 0x0 0x38 0x0 0x330003 0x0 0x2b8 0x3a0007 0x0 0x1a8 0x0 0x3e0007 0x0 0x90 0x0 0x440005 0x0 0x0 0x0 0x0 0x0 0x0 0x470007 0x0 0x228 0x0 0x4a0003 0x0 0x70 0x500005 0x0 0x0 0x0 0x0 0x0 0x0 0x530007 0x0 0x1b8 0x0 0x5b0007 0x0 0x198 0x0 0x610005 0x0 0x0 0x0 0x0 0x0 0x0 0x690007 0x0 0x140 0x0 0x6d0002 0x0 0x700003 0x0 0x110 0x7b0007 0x0 0xe0 0x0 0x800007 0x0 0xd8 0x0 0x880007 0x0 0xb8 0x0 0x8f0005 0x0 0x0 0x0 0x0 0x0 0x0 0x970007 0x0 0x60 0x0 0x9b0002 0x0 0x9e0003 0x0 0x30 0xa80003 0x0 0xfffffffffffffc88 0xab0003 0x0 0xfffffffffffffc70 0x0 0x0 0x0 0x0 0x0 0x0 0x9 0x1 0x0 oops 0 methods 0
ciMethodData java/util/concurrent/locks/AbstractQueuedSynchronizer$ExclusiveNode <init> ()V 1 139 orig 80 0 0 0 0 0 0 0 0 0 0 0 0 252 127 0 0 0 0 0 0 0 0 0 0 0 0 0 0 0 0 0 0 0 0 0 0 0 0 0 0 0 0 0 0 0 0 0 0 0 0 0 0 0 0 0 0 0 0 0 0 0 0 0 0 0 0 0 0 0 0 0 0 0 0 0 0 0 0 0 0 data 7 0x10002 0x77 0x0 0x0 0x9 0x1 0x0 oops 0 methods 0
ciMethodData java/util/concurrent/locks/AbstractQueuedSynchronizer$Node setPrevRelaxed (Ljava/util/concurrent/locks/AbstractQueuedSynchronizer$Node;)V 2 1175 orig 80 0 0 0 0 0 0 0 0 0 0 0 0 252 127 0 0 0 0 0 0 0 0 0 0 0 0 0 0 0 0 0 0 0 0 0 0 0 0 0 0 0 0 0 0 0 0 0 0 0 0 0 0 0 0 0 0 0 0 0 0 0 0 0 0 0 0 0 0 0 0 0 0 0 0 0 0 0 0 0 0 data 22 0x8000b 0x81 0x0 0x0 0x0 0x0 0x0 0x4 0x1 0x2 0x4 0x3 0x0 0x0 0x0 0x0 0x0 0x0 0x9 0x2 0x0 0x0 oops 0 methods 0
ciMethodData java/util/concurrent/locks/AbstractQueuedSynchronizer tryInitializeHead ()V 1 4 orig 80 0 0 0 0 0 0 0 0 0 0 0 0 252 127 0 0 0 0 0 0 0 0 0 0 0 0 0 0 0 0 0 0 0 0 0 0 0 0 0 0 0 0 0 0 0 0 0 0 0 0 0 0 0 0 0 0 0 0 0 0 0 0 0 0 0 0 0 0 0 0 0 0 0 0 0 0 0 0 0 0 data 22 0x40002 0x1 0x110005 0x1 0x0 0x0 0x0 0x0 0x0 0x140007 0x0 0x20 0x1 0x0 0x0 0x0 0x0 0x0 0x0 0x9 0x1 0xffffffffffffffff oops 0 methods 0
ciMethodData java/util/concurrent/locks/AbstractQueuedSynchronizer casTail (Ljava/util/concurrent/locks/AbstractQueuedSynchronizer$Node;Ljava/util/concurrent/locks/AbstractQueuedSynchronizer$Node;)Z 2 1172 orig 80 0 0 0 0 0 0 0 0 0 0 0 0 252 127 0 0 0 0 0 0 0 0 0 0 0 0 0 0 0 0 0 0 0 0 0 0 0 0 0 0 0 0 0 0 0 0 0 0 0 0 0 0 0 0 0 0 0 0 0 0 0 0 0 0 0 0 0 0 0 0 0 0 0 0 0 0 0 0 0 0 data 18 0x90005 0x83 0x0 0x0 0x0 0x0 0x0 0x0 0x0 0x0 0x0 0x0 0x0 0x9 0x3 0x0 0x0 0x0 oops 0 methods 0
ciMethodData java/util/concurrent/locks/LockSupport park (Ljava/lang/Object;)V 1 178 orig 80 0 0 0 0 0 0 0 0 0 0 0 0 252 127 0 0 0 0 0 0 0 0 0 0 0 0 0 0 0 0 0 0 0 0 0 0 0 0 0 0 0 0 0 0 0 0 0 0 0 0 0 0 0 0 0 0 0 0 0 0 0 0 0 0 0 0 0 0 0 0 0 0 0 0 0 0 0 0 0 0 data 22 0x2 0x9f 0x60002 0x9f 0xe0005 0x9f 0x0 0x0 0x0 0x0 0x0 0x130002 0x9f 0x0 0x0 0x0 0x0 0x0 0x0 0x9 0x1 0x0 oops 0 methods 0
compile java/util/concurrent/locks/AbstractQueuedSynchronizer acquire (Ljava/util/concurrent/locks/AbstractQueuedSynchronizer$Node;IZZZJ)I -1 4 inline 12 0 -1 java/util/concurrent/locks/AbstractQueuedSynchronizer acquire (Ljava/util/concurrent/locks/AbstractQueuedSynchronizer$Node;IZZZJ)I 1 126 java/util/concurrent/locks/ReentrantLock$NonfairSync tryAcquire (I)Z 2 1 java/util/concurrent/locks/AbstractQueuedSynchronizer getState ()I 2 10 java/util/concurrent/locks/AbstractQueuedSynchronizer compareAndSetState (II)Z 2 20 java/util/concurrent/locks/AbstractOwnableSynchronizer setExclusiveOwnerThread (Ljava/lang/Thread;)V 1 222 java/util/concurrent/locks/AbstractQueuedSynchronizer$ExclusiveNode <init> ()V 2 1 java/util/concurrent/locks/AbstractQueuedSynchronizer$Node <init> ()V 3 1 java/lang/Object <init> ()V 1 249 java/util/concurrent/locks/AbstractQueuedSynchronizer$Node setPrevRelaxed (Ljava/util/concurrent/locks/AbstractQueuedSynchronizer$Node;)V 1 268 java/util/concurrent/locks/AbstractQueuedSynchronizer casTail (Ljava/util/concurrent/locks/AbstractQueuedSynchronizer$Node;Ljava/util/concurrent/locks/AbstractQueuedSynchronizer$Node;)Z 1 374 java/util/concurrent/locks/AbstractQueuedSynchronizer$Node clearStatus ()V 1 379 java/lang/Thread interrupted ()Z
